time_utc,u10_mean,v10_mean,wind10_mps_mean,wind10_mps_min,wind10_mps_max,wind10_mps_p10,wind10_mps_p90,wind10_direction_deg_mean
2025-01-01 00:00:00,4.5096755,4.8348894,6.753308,0.33604398,17.671062,2.0897298,13.019786,223.00677
2025-01-01 01:00:00,4.7477617,4.845484,6.9239807,0.16955821,17.508348,2.1131485,13.225853,224.41638
2025-01-01 02:00:00,4.959737,4.862758,7.083355,0.082710445,17.950258,2.0850053,13.566808,225.56567
2025-01-01 03:00:00,5.146246,4.9561834,7.272859,0.09438816,18.87089,2.0992568,13.654986,226.07782
2025-01-01 04:00:00,5.265166,5.060339,7.43363,0.06168922,18.53135,2.1519885,13.962261,226.13643
2025-01-01 05:00:00,5.3279843,5.171248,7.5643606,0.02431453,18.685013,2.2513034,14.130445,225.85527
2025-01-01 06:00:00,5.3572187,5.3085346,7.67864,0.27186036,18.71526,2.414231,14.238809,225.26154
2025-01-01 07:00:00,5.3619747,5.459138,7.7878923,0.11835549,18.845743,2.449153,14.397152,224.48555
2025-01-01 08:00:00,5.3550644,5.655473,7.9244566,0.26885957,19.299997,2.4568558,14.4882345,223.43715
2025-01-01 09:00:00,5.4475636,5.8370275,8.117973,0.24678935,19.892042,2.5418153,14.750673,223.02335
2025-01-01 10:00:00,5.070416,5.6497216,7.7084827,0.26631722,21.470215,2.5455914,14.611345,221.9068
2025-01-01 11:00:00,5.15093,5.8984356,7.9366593,0.3594455,20.30573,2.5007737,14.989243,221.12976
2025-01-01 12:00:00,5.3058486,5.973099,8.108373,0.11142852,20.6374,2.4572434,14.994371,221.61438
2025-01-01 13:00:00,5.646498,5.883743,8.322811,0.30545318,20.629816,2.3883727,14.850559,223.82126
2025-01-01 14:00:00,5.970649,5.6450214,8.432385,0.3181049,18.889006,2.5271807,14.05231,226.60577
2025-01-01 15:00:00,6.029851,5.417947,8.362764,0.34159198,17.997326,2.7554162,13.745333,228.05965
2025-01-01 16:00:00,6.029205,5.1716933,8.234978,0.32650158,18.48769,2.796426,13.702027,229.37788
2025-01-01 17:00:00,6.0353093,5.0160203,8.148715,0.20334381,18.444763,3.031168,13.046978,230.2696
2025-01-01 18:00:00,5.993635,4.8620443,8.031419,0.5612574,18.029644,2.9868355,12.0065155,230.95099
2025-01-01 19:00:00,5.9995713,4.684442,7.97352,0.44682583,16.53552,3.1069782,11.598615,232.01743
2025-01-01 20:00:00,5.9857564,4.44072,7.9126043,0.36421162,16.33305,3.2414265,11.445053,233.42899
2025-01-01 21:00:00,5.992102,4.05381,7.8437614,0.15424013,16.452032,3.2751327,11.399881,235.92065
2025-01-01 22:00:00,5.620607,3.512195,7.2541094,0.27167723,14.3027525,3.3461332,9.886581,237.99963
2025-01-01 23:00:00,5.6772294,3.2254114,7.33229,0.50433356,15.192767,3.4880247,9.998446,240.39774
2025-01-02 00:00:00,5.677083,2.7449028,7.2789445,0.5718366,15.105688,3.6010954,9.729644,244.19597
2025-01-02 01:00:00,5.5998006,2.3473997,7.095337,0.32355505,15.507723,3.6786242,9.424976,247.2569
2025-01-02 02:00:00,5.556566,1.9880359,6.9011173,0.63423944,13.884116,3.6278305,9.4466305,250.31374
2025-01-02 03:00:00,5.5550256,1.6286349,6.745765,0.61577636,13.394391,3.3008356,9.71682,253.6598
2025-01-02 04:00:00,5.5526805,1.1778474,6.5887017,0.7341934,12.833105,3.2263288,9.959277,258.0238
2025-01-02 05:00:00,5.3613467,0.8168055,6.2793107,0.24085799,12.705354,3.00392,10.022834,261.33755
2025-01-02 06:00:00,5.1085873,0.6192685,5.942227,0.46173415,13.303252,2.8018475,9.601422,263.08826
2025-01-02 07:00:00,4.8373084,0.51425916,5.62182,0.17244585,13.233223,2.642702,9.415722,263.9316
2025-01-02 08:00:00,4.607152,0.40054652,5.3514576,0.5628891,13.138482,2.4936726,9.168927,265.0312
2025-01-02 09:00:00,4.4757776,0.24439219,5.170381,0.8876097,12.974995,2.434806,8.803803,266.87457
2025-01-02 10:00:00,3.885598,-0.016909212,4.490523,0.17035642,13.037256,1.9901237,7.862947,270.24933
2025-01-02 11:00:00,4.01917,-0.061807167,4.5862217,0.60768956,12.274532,2.1736631,7.941593,270.88104
2025-01-02 12:00:00,4.1044173,-0.2034347,4.613114,0.71574354,11.223895,2.1201131,8.120787,272.83752
2025-01-02 13:00:00,4.0908885,-0.370923,4.5291204,0.86192083,11.562007,2.017301,7.9054694,275.18088
2025-01-02 14:00:00,3.9117897,-0.50192547,4.305193,0.86656326,11.42889,1.9118755,7.4296145,277.31174
2025-01-02 15:00:00,3.6633565,-0.4372006,4.005838,0.7995227,10.969535,1.775211,7.433934,276.80573
2025-01-02 16:00:00,3.61074,-0.4450366,3.936311,0.69639534,10.843745,1.8243968,7.343114,277.02646
2025-01-02 17:00:00,3.5945125,-0.5255795,3.928169,0.77790886,10.729379,1.8585844,7.9391966,278.31866
2025-01-02 18:00:00,3.615683,-0.68444043,3.9948006,0.55954134,11.512026,1.9697769,8.195758,280.71912
2025-01-02 19:00:00,3.6178849,-0.768845,4.026833,0.5006971,11.630344,2.059277,8.057631,281.99756
2025-01-02 20:00:00,3.674573,-0.84057367,4.097425,0.6537737,11.633706,2.0666754,8.117687,282.88495
2025-01-02 21:00:00,3.7600899,-0.8735628,4.1529126,0.22442895,11.626961,2.0457113,8.258001,283.07922
2025-01-02 22:00:00,3.664387,-0.9941394,4.029194,0.5182962,11.621783,1.8390946,7.6838536,285.17883
2025-01-02 23:00:00,3.783691,-0.6505284,4.079517,0.5073844,12.250455,2.000772,7.4909725,279.75546
2025-01-03 00:00:00,3.943145,-0.36466485,4.199763,0.4926914,12.542931,1.9560492,7.948779,275.28372
2025-01-03 01:00:00,4.1270366,-0.11662787,4.3477335,0.6148185,12.29809,1.900915,8.300471,271.6187
2025-01-03 02:00:00,4.3220563,0.10318076,4.513591,0.4420338,13.668612,1.9958874,8.388617,268.63245
2025-01-03 03:00:00,4.5429373,0.41084206,4.721693,0.19383015,15.113525,2.0599415,8.921474,264.8325
2025-01-03 04:00:00,4.8555927,0.6321477,5.0367594,0.20285004,15.974261,2.1145132,9.6632595,262.5824
2025-01-03 05:00:00,5.126995,0.81043553,5.335035,0.3173008,16.840876,2.1610496,10.443241,261.01746
2025-01-03 06:00:00,5.353914,0.93126905,5.5961795,0.2928286,16.622713,2.3099556,11.034406,260.1326
2025-01-03 07:00:00,5.4855766,0.9480071,5.818184,0.20447855,16.566994,2.154784,11.740831,260.1951
2025-01-03 08:00:00,5.5786834,0.87357926,6.032936,0.22898854,16.140005,2.1735272,12.41085,261.1002
2025-01-03 09:00:00,5.9239683,0.6201271,6.4615374,0.24765258,16.716595,2.4766915,12.281352,264.024
2025-01-03 10:00:00,5.759333,0.25275153,6.3852987,0.24810687,18.24791,3.1244092,12.004846,267.48715
2025-01-03 11:00:00,5.997286,-0.17510368,6.656393,1.1665374,17.825096,3.5746133,11.692662,271.6724
2025-01-03 12:00:00,6.080128,-0.5330328,6.7434134,1.1209166,16.100536,3.8543396,11.696379,275.0102
2025-01-03 13:00:00,6.21068,-0.8922297,6.852604,1.3524811,16.721302,3.7653935,11.296149,278.1752
2025-01-03 14:00:00,5.9349027,-1.0698152,6.540211,0.95916927,15.612399,3.5571997,10.8398485,280.2183
2025-01-03 15:00:00,5.6714497,-1.0575318,6.1848025,0.8853765,14.9458475,2.8127122,10.383075,280.5624
2025-01-03 16:00:00,5.4731526,-0.8384156,5.9035997,0.4916747,14.456466,2.5072033,10.32401,278.70926
2025-01-03 17:00:00,5.4686937,-0.7180341,5.8644404,0.3013693,15.609101,2.4634347,10.567534,277.4801
2025-01-03 18:00:00,5.4144516,-0.68143445,5.8035507,0.24049218,16.875679,2.3510876,10.584886,277.17322
2025-01-03 19:00:00,5.3359675,-0.6576555,5.736402,0.28007212,16.602293,2.4423952,10.490532,277.02625
2025-01-03 20:00:00,5.178749,-0.6527615,5.6002746,0.3654034,15.942652,2.3457475,10.512214,277.18402
2025-01-03 21:00:00,4.8910017,-0.65642035,5.3597574,0.05440818,15.205507,2.193917,9.919538,277.64398
2025-01-03 22:00:00,4.260471,-0.56389517,4.7744184,0.19577904,14.479253,2.056717,8.26549,277.53958
2025-01-03 23:00:00,4.085822,-0.4753253,4.6525636,0.08259959,13.912905,2.0207784,7.401437,276.63568
2025-01-04 00:00:00,3.8532286,-0.44021854,4.437148,0.0644178,13.122648,1.856108,6.888839,276.51758
2025-01-04 01:00:00,3.591538,-0.35882485,4.174509,0.028242415,12.3273115,1.8011818,6.3507075,275.70538
2025-01-04 02:00:00,3.3924475,-0.27401033,3.9389853,0.18150353,11.507776,1.6628925,6.1465607,274.6178
2025-01-04 03:00:00,3.1131094,-0.07771054,3.6251793,0.09066302,10.525018,1.6522108,5.615812,271.42993
2025-01-04 04:00:00,2.8189,0.17421041,3.3339984,0.113725826,9.882792,1.5611608,5.1423497,266.46356
2025-01-04 05:00:00,2.5536752,0.5050412,3.117863,0.3326025,8.546616,1.5189832,4.852276,258.81296
2025-01-04 06:00:00,2.3784745,0.8468224,2.9861426,0.12914525,7.158307,1.4047953,4.558474,250.40245
2025-01-04 07:00:00,2.2584834,1.1651318,2.9576166,0.30234444,7.130657,1.433729,4.6831317,242.71118
2025-01-04 08:00:00,2.1916282,1.4439124,3.028377,0.024398785,7.546511,1.3468997,5.476886,236.62187
2025-01-04 09:00:00,2.262944,1.6604923,3.2117715,0.22215892,8.296881,1.262805,6.3015018,233.7297
2025-01-04 10:00:00,2.1435585,1.9045308,3.2881997,0.12754893,9.794321,1.2180902,6.695367,228.37923
2025-01-04 11:00:00,2.176109,2.0741537,3.4255574,0.082553655,10.5258045,1.2293646,7.2671485,226.37415
2025-01-04 12:00:00,2.1800961,2.1282473,3.4965205,0.16091864,11.001165,1.1582752,7.447238,225.6895
2025-01-04 13:00:00,2.0138793,2.206361,3.5291922,0.13137348,11.223098,1.2924031,7.612034,222.3886
2025-01-04 14:00:00,1.7885408,2.1337974,3.3899138,0.08115593,11.469119,1.3586835,7.4715214,219.9696
2025-01-04 15:00:00,1.5579723,2.0089867,3.2131088,0.305896,11.763503,1.2098937,7.193519,217.79364
2025-01-04 16:00:00,1.3984181,1.9824207,3.2288811,0.23002777,12.234055,1.2902491,6.533893,215.19951
2025-01-04 17:00:00,1.3117639,2.0840504,3.3213174,0.30465212,12.394683,1.4387606,5.8314314,212.18755
2025-01-04 18:00:00,1.190859,2.1001859,3.3131535,0.17768672,12.220797,1.4351406,5.4848876,209.55435
2025-01-04 19:00:00,1.110305,2.1513062,3.2923634,0.22408304,12.0484705,1.4800193,5.3554387,207.2986
2025-01-04 20:00:00,1.0319366,2.1865697,3.2811375,0.11813092,12.01875,1.4298818,5.2411156,205.26465
2025-01-04 21:00:00,0.96102494,2.1954324,3.2750802,0.2338606,11.859544,1.381783,5.248168,203.64084
2025-01-04 22:00:00,0.63163304,2.132894,3.1150694,0.25888568,11.670193,1.487133,5.1232443,196.49608
2025-01-04 23:00:00,0.43172064,2.2315187,3.1621616,0.08421067,11.468694,1.4567475,5.0060816,190.94946
2025-01-05 00:00:00,0.22602144,2.2756355,3.1556768,0.42430624,11.037066,1.5615972,5.0545034,185.67215
2025-01-05 01:00:00,-0.050866615,2.3519745,3.2042289,0.600232,10.757848,1.6013167,5.3711324,178.76105
2025-01-05 02:00:00,-0.29997873,2.4303803,3.2464082,0.5692761,10.320057,1.6725796,5.4141374,172.96365
2025-01-05 03:00:00,-0.45395765,2.5677626,3.397677,0.89589775,9.76539,1.7649249,5.8087792,169.97421
2025-01-05 04:00:00,-0.6630274,2.6489737,3.5238354,1.0308931,8.759258,1.904477,6.032665,165.94781
2025-01-05 05:00:00,-0.8539297,2.788166,3.7086492,1.02719,8.438377,2.0462823,6.3063617,162.97179
2025-01-05 06:00:00,-1.0750707,2.9749732,3.9549656,1.1301891,9.17032,2.2614284,6.4436493,160.13159
2025-01-05 07:00:00,-1.1989461,3.1900556,4.223657,1.2263309,9.456955,2.3056622,6.6308246,159.40186
2025-01-05 08:00:00,-1.3210313,3.4233754,4.548593,1.3595145,10.296556,2.5252204,7.102189,158.89912
2025-01-05 09:00:00,-1.404092,3.5756457,4.809233,1.3948239,11.082847,2.6595228,7.336345,158.56096
2025-01-05 10:00:00,-1.5291641,3.5048728,4.8697515,1.2832386,13.21685,2.5512338,7.4661446,156.42853
2025-01-05 11:00:00,-1.4560914,3.6582997,5.021129,1.2900788,12.68494,2.6138937,7.509557,158.29626
2025-01-05 12:00:00,-1.3031175,3.6809828,5.0693426,0.9506709,13.262564,2.505061,7.384652,160.50536
2025-01-05 13:00:00,-1.2678862,3.6746757,5.1677313,0.7488831,13.941928,2.547153,7.489276,160.96387
2025-01-05 14:00:00,-1.1877586,3.8239112,5.396425,0.7058781,14.3505535,2.475826,7.7889676,162.7445
2025-01-05 15:00:00,-1.1258562,3.879348,5.5479074,0.46240762,14.631453,2.3674781,8.273311,163.81635
2025-01-05 16:00:00,-1.0097524,3.963305,5.6880355,0.37999678,14.837722,2.5050256,9.000287,165.70654
2025-01-05 17:00:00,-0.84410137,4.057985,5.793914,0.8930217,14.907865,2.6258154,9.559279,168.24948
2025-01-05 18:00:00,-0.72418994,4.1129637,5.825637,0.5847547,15.0039215,2.7279587,9.881572,170.014
2025-01-05 19:00:00,-0.5467579,4.2112155,5.8770585,0.42786136,15.37945,2.8534977,10.0232525,172.60246
2025-01-05 20:00:00,-0.3293152,4.2907763,5.8817606,0.57060134,15.526833,2.8655453,9.978059,175.61118
2025-01-05 21:00:00,-0.052361976,4.3860145,5.8701863,0.23264676,15.332017,2.8127272,9.909678,179.31601
2025-01-05 22:00:00,0.09562724,4.3849993,5.6563315,0.3702854,14.835002,2.6398368,9.670463,181.2493
2025-01-05 23:00:00,0.5448786,4.5076327,5.5918875,0.48905385,14.000426,2.5731633,9.35784,186.89243
2025-01-06 00:00:00,0.8836443,4.6198263,5.5643287,0.44845217,13.768788,2.560724,9.139993,190.82831
2025-01-06 01:00:00,1.2214116,4.7654705,5.6620474,0.21945412,13.801693,2.646832,9.365172,194.3757
2025-01-06 02:00:00,1.4610958,4.878746,5.7107444,0.17191638,13.84457,2.5663862,9.341493,196.672
2025-01-06 03:00:00,1.6265056,4.9691715,5.732837,0.32076812,14.45884,2.4835067,8.949581,198.12427
2025-01-06 04:00:00,1.7546016,5.075921,5.7714686,0.38521168,14.859433,2.443329,8.90797,199.06882
2025-01-06 05:00:00,1.7623715,5.2073283,5.798128,0.29076704,14.71674,2.4984453,9.103678,198.6979
2025-01-06 06:00:00,1.7999284,5.3698435,5.890836,0.43215615,15.513322,2.538709,9.13,198.53073
2025-01-06 07:00:00,1.8311397,5.5235643,6.01315,0.26012537,15.68305,2.5750945,9.262609,198.3411
2025-01-06 08:00:00,1.8235239,5.651659,6.122832,0.18785761,14.905579,2.6822684,9.5116005,197.88245
2025-01-06 09:00:00,1.8350075,5.8137593,6.278101,0.60005665,15.489416,2.7482922,9.8138685,197.51736
2025-01-06 10:00:00,1.9321747,5.963094,6.450516,0.04753342,16.303944,2.2718089,10.33425,197.95348
2025-01-06 11:00:00,2.0414264,6.1101418,6.5992956,0.27108714,16.43088,2.032755,10.151953,198.47472
2025-01-06 12:00:00,2.140417,6.280488,6.776075,0.29962033,16.189812,2.0450892,10.456337,198.81934
2025-01-06 13:00:00,2.1872253,6.448204,6.991955,0.18643047,16.414774,2.13127,10.9072275,198.73691
2025-01-06 14:00:00,2.3291512,6.4745593,7.1666713,0.11631073,16.645756,2.2279594,11.143477,199.78564
2025-01-06 15:00:00,2.6118119,6.376141,7.3959846,0.90923834,16.894016,2.403358,11.892657,202.27512
2025-01-06 16:00:00,3.179241,6.176378,7.606395,0.67233104,18.141623,2.56673,12.112816,207.23679
2025-01-06 17:00:00,3.9160788,5.8021674,7.683111,0.70250064,18.712683,2.648309,11.87328,214.01675
2025-01-06 18:00:00,4.467801,5.5708227,7.739171,0.71220434,18.61475,2.7435338,12.151275,218.72963
2025-01-06 19:00:00,4.934801,5.310908,7.7222886,0.38033333,19.45605,2.6949325,13.221792,222.89769
2025-01-06 20:00:00,5.198716,4.9564714,7.5261097,0.3695836,19.37056,2.689706,13.956963,226.36649
2025-01-06 21:00:00,5.1829743,4.697615,7.2184978,0.3200993,18.804693,2.5438175,13.6848755,227.81226
2025-01-06 22:00:00,4.9954085,4.473997,6.9030843,0.31532055,19.72193,2.2823524,13.092563,228.15169
2025-01-06 23:00:00,4.7198653,4.5714297,6.736644,0.31069553,19.97655,2.3716435,12.7031975,225.91527
2025-01-07 00:00:00,4.55895,4.793476,6.756726,0.4612998,20.226599,2.531094,12.722379,223.56352
2025-01-07 01:00:00,4.5077147,4.946532,6.818788,0.30396304,20.580503,2.7063935,12.800674,222.34253
2025-01-07 02:00:00,4.563331,4.9875298,6.8947678,0.2941341,20.560091,3.027123,12.809597,222.45691
2025-01-07 03:00:00,4.607703,4.9239287,6.89353,0.31676933,20.926048,2.8579502,12.824878,223.09982
2025-01-07 04:00:00,4.6598206,4.779095,6.855504,0.24064866,21.028292,2.6671414,12.638563,224.27603
2025-01-07 05:00:00,4.6148324,4.632145,6.746603,0.09538785,20.073343,2.6899643,12.494446,224.89273
2025-01-07 06:00:00,4.546517,4.4809737,6.608725,0.033280283,19.334488,2.9039254,11.866845,225.41599
2025-01-07 07:00:00,4.506521,4.3832493,6.522619,0.088542335,18.435265,3.156955,11.458764,225.79446
2025-01-07 08:00:00,4.5034957,4.3066134,6.4748397,0.12491275,17.286104,3.31042,11.26039,226.2802
2025-01-07 09:00:00,4.647358,4.2779813,6.528735,0.3892487,16.327545,3.4178083,11.201032,227.36984
2025-01-07 10:00:00,4.2878814,3.729239,5.8939023,0.19068477,16.521944,3.7839231,10.886824,228.986
2025-01-07 11:00:00,4.4040623,3.8768806,6.08764,0.19262649,16.471443,3.629522,10.8755455,228.64265
2025-01-07 12:00:00,4.702471,3.8967896,6.306347,0.09799721,15.767766,3.695797,10.447798,230.35254
2025-01-07 13:00:00,4.898508,3.7504487,6.3532376,0.3013046,15.831303,4.1443496,10.341387,232.56122
2025-01-07 14:00:00,4.9108825,3.5743709,6.2681684,0.19801067,15.657792,3.988122,10.193382,233.95111
2025-01-07 15:00:00,4.624306,3.5057259,5.9658613,0.08661029,15.796063,3.850867,9.952733,232.83392
2025-01-07 16:00:00,4.374211,3.579466,5.777989,0.10562654,15.885778,3.72513,9.571136,230.70615
2025-01-07 17:00:00,4.3305306,3.6637793,5.794203,0.107938394,15.718289,3.304197,9.6604805,229.76762
2025-01-07 18:00:00,4.344762,3.7509143,5.851059,0.050124455,15.655708,3.153623,9.934315,229.19534
2025-01-07 19:00:00,4.3787255,3.8285897,5.920855,0.1405159,15.91859,3.0393147,10.148448,228.8348
2025-01-07 20:00:00,4.3831925,3.8539433,5.957299,0.23530735,15.962069,2.8338704,10.211632,228.6763
2025-01-07 21:00:00,4.3836837,3.816682,5.962275,0.24319617,15.995606,2.7177293,10.31193,228.95534
2025-01-07 22:00:00,4.2865686,3.585342,5.7615,0.10856285,15.273475,2.9606125,10.350527,230.09045
2025-01-07 23:00:00,4.1787405,3.5859945,5.719087,0.37864825,15.832075,2.9395397,10.525719,229.36539
2025-01-08 00:00:00,4.117655,3.4814997,5.6597395,0.72321486,15.790808,2.77312,10.613033,229.78531
2025-01-08 01:00:00,4.0125732,3.4061708,5.5637302,0.91080064,15.747103,2.7799277,10.619201,229.67293
2025-01-08 02:00:00,3.9741142,3.3275785,5.527208,0.98447084,15.981545,2.5427568,10.782833,230.06012
2025-01-08 03:00:00,4.140258,3.174834,5.572365,1.2023854,16.40622,2.5096269,11.274793,232.51828
2025-01-08 04:00:00,4.218056,3.0086353,5.5102267,0.16774915,16.47728,2.4229908,11.2908745,234.50067
2025-01-08 05:00:00,4.18589,2.9310997,5.416635,0.08987719,16.134195,2.1771498,11.470049,234.99901
2025-01-08 06:00:00,4.2780914,2.8585548,5.4306684,0.19688573,16.298088,1.9682177,11.501024,236.24977
2025-01-08 07:00:00,4.2580185,2.7969413,5.367363,0.076845326,16.166302,1.8654268,11.851443,236.70052
2025-01-08 08:00:00,4.212473,2.803823,5.3448153,0.19196503,16.09089,1.8247653,11.789245,236.35226
2025-01-08 09:00:00,4.3383408,2.7883437,5.450489,0.0033517277,16.36318,1.8355538,11.953086,237.2703
2025-01-08 10:00:00,3.9099834,2.607294,5.048238,0.20967267,15.824159,1.5818657,11.375134,236.30347
2025-01-08 11:00:00,3.9894843,2.6712625,5.1950517,0.050620876,15.648823,1.3578134,11.587587,236.19469
2025-01-08 12:00:00,4.0307264,2.533706,5.2560086,0.09242008,15.926257,1.4370966,11.42455,237.84662
2025-01-08 13:00:00,3.775524,2.4452515,5.0923805,0.05086799,16.61647,1.336847,11.341286,237.07053
2025-01-08 14:00:00,3.283688,2.4088187,4.740651,0.087414466,16.405745,1.3065907,10.669338,233.7373
2025-01-08 15:00:00,2.7908003,2.5110984,4.5667143,0.1497677,16.147339,1.6375117,10.59048,228.01985
2025-01-08 16:00:00,2.3774283,2.6312103,4.5366654,0.24616304,15.449581,1.9831578,10.066777,222.09937
2025-01-08 17:00:00,2.0173187,2.6907704,4.46866,0.3318755,15.990753,2.161714,8.921446,216.85956
2025-01-08 18:00:00,1.697791,2.7724662,4.427138,0.74511564,15.695009,2.2295277,8.449811,211.4823
2025-01-08 19:00:00,1.3827556,2.8367531,4.395243,0.6052374,14.864531,2.2306128,7.9604554,205.9866
2025-01-08 20:00:00,1.1033642,2.9176009,4.3268886,1.2616566,14.707928,2.2030573,7.8500156,200.71538
2025-01-08 21:00:00,0.9749896,2.9232664,4.267283,1.4985788,13.929628,2.243187,7.5702343,198.44496
2025-01-08 22:00:00,0.83400625,2.603088,3.8163521,0.5894369,12.588008,1.9862708,7.024392,197.765
2025-01-08 23:00:00,0.8031315,2.6899376,3.8511877,0.7649213,11.8856735,1.9238855,6.929032,196.624
2025-01-09 00:00:00,1.0343764,2.713389,3.9171255,0.44584215,11.263441,1.7706473,6.9846635,200.86746
2025-01-09 01:00:00,1.2173182,2.6524844,3.9131324,0.3576712,11.170969,1.7275213,6.9571137,204.65205
2025-01-09 02:00:00,1.4330453,2.5887508,3.9377153,0.37361753,9.98698,1.5411737,6.9448633,208.96744
2025-01-09 03:00:00,1.6225841,2.4526496,3.9411926,0.21416889,8.691929,1.5037651,6.850957,213.48718
2025-01-09 04:00:00,1.6425571,2.248253,3.8646235,0.22322507,8.318249,1.4131607,6.914054,216.1516
2025-01-09 05:00:00,1.5056387,2.03053,3.7271948,0.29561198,8.888188,1.3367726,6.6756115,216.55695
2025-01-09 06:00:00,1.3596843,1.8794321,3.6241992,0.3154278,9.298957,1.3759904,6.5418434,215.88405
2025-01-09 07:00:00,1.2132684,1.7883219,3.5641298,0.28185394,9.404277,1.342384,6.587254,214.15453
2025-01-09 08:00:00,1.0929668,1.7266577,3.5321326,0.17473702,9.537031,1.2465441,6.546152,212.33363
2025-01-09 09:00:00,1.0916637,1.6384884,3.5920637,0.046251025,9.606905,1.2657014,6.601357,213.67404
2025-01-09 10:00:00,1.1933614,1.2022742,3.5189419,0.13563229,10.568037,1.3419203,6.2659836,224.78683
2025-01-09 11:00:00,1.2535203,1.0864897,3.6709893,0.17596668,10.499531,1.3585799,6.6738305,229.08287
2025-01-09 12:00:00,1.5040188,0.7668783,3.8409696,0.22199427,9.362267,1.4641271,7.164772,242.9836
2025-01-09 13:00:00,1.8020692,0.4262456,4.11763,0.16306052,9.464324,1.5750939,7.5416775,256.69235
2025-01-09 14:00:00,2.1103585,-0.058329403,4.4190373,0.08276068,9.686794,1.7183682,7.7337313,271.58322
2025-01-09 15:00:00,2.4215477,-0.447438,4.679987,0.51268226,9.5770855,2.0177772,7.7941914,280.46866
2025-01-09 16:00:00,2.7947953,-0.8807975,4.9064293,0.41415069,9.731238,2.2428405,7.7552047,287.49258
2025-01-09 17:00:00,3.2236488,-1.1955616,5.0516834,0.3359384,9.670288,2.5074556,7.557975,290.34842
2025-01-09 18:00:00,3.761388,-1.4555986,5.202497,0.46087167,9.629531,2.8152041,7.510029,291.15567
2025-01-09 19:00:00,4.28879,-1.5058305,5.2953877,1.0000876,9.738737,3.2831504,7.387658,289.34662
2025-01-09 20:00:00,4.716006,-1.3885032,5.3811226,0.8685417,9.305328,3.3487954,7.452992,286.40567
2025-01-09 21:00:00,4.921128,-1.1039115,5.4344835,1.3983634,9.685888,3.3249276,7.345321,282.64334
2025-01-09 22:00:00,4.9285293,-0.5590874,5.3575315,1.8512549,9.837058,3.409561,6.992223,276.47192
2025-01-09 23:00:00,5.0151596,-0.2846424,5.421807,1.5847348,10.617696,3.5641851,6.918583,273.2484
2025-01-10 00:00:00,5.0625563,-0.12697993,5.488357,1.5107074,11.422224,3.425994,7.183526,271.4368
2025-01-10 01:00:00,5.023519,0.0034055968,5.445495,1.4522607,11.8259535,3.2504504,7.321926,269.96115
2025-01-10 02:00:00,4.91701,0.02953483,5.3375354,1.214076,12.2406225,3.0802593,7.1612372,269.65585
2025-01-10 03:00:00,4.8737783,0.09059885,5.2818184,1.2562226,12.241206,3.0423524,6.914035,268.93506
2025-01-10 04:00:00,4.8400393,0.0697904,5.2314606,0.7537962,12.240741,3.033471,6.7506113,269.1739
2025-01-10 05:00:00,4.726202,0.06741045,5.1398787,0.7326643,11.853781,2.9033759,6.57483,269.18283
2025-01-10 06:00:00,4.5559607,0.043180723,5.038768,0.531014,11.524051,2.7225227,6.433756,269.45697
2025-01-10 07:00:00,4.2898316,0.051619247,4.880575,0.559001,10.993104,2.281142,6.334042,269.3106
2025-01-10 08:00:00,4.0219893,0.07002382,4.7352567,0.19898333,10.30832,2.2912664,6.362349,269.00256
2025-01-10 09:00:00,4.0905547,0.024344366,4.893146,0.17946817,9.475637,2.5279567,6.738817,269.65903
2025-01-10 10:00:00,3.947373,0.057984635,4.7171383,0.25055096,8.973319,2.7295086,6.306931,269.15842
2025-01-10 11:00:00,4.148732,-0.11618289,4.9349732,0.121799596,9.031931,2.8476195,6.8468556,271.60413
2025-01-10 12:00:00,4.2118883,-0.40076673,5.00932,0.34508964,9.299185,2.7756715,7.152215,275.4354
2025-01-10 13:00:00,4.0619836,-0.7040727,4.903141,0.051600713,10.190367,2.406467,7.3894362,279.8335
2025-01-10 14:00:00,3.684398,-0.99087155,4.6143575,0.22014472,10.899823,1.7774534,7.2209563,285.0528
2025-01-10 15:00:00,3.1586068,-1.0506595,4.1701894,0.029950831,11.094481,1.413338,7.041611,288.39886
2025-01-10 16:00:00,2.951971,-1.0758922,4.0371857,0.09193496,11.403574,1.3486083,7.0489974,290.02505
2025-01-10 17:00:00,2.871418,-1.1372887,3.996874,0.044534966,11.742894,1.3772787,7.130727,291.60715
2025-01-10 18:00:00,2.7956734,-1.2332549,4.0004044,0.11804831,11.715789,1.4899427,7.360565,293.8037
2025-01-10 19:00:00,2.7597358,-1.3518058,4.022889,0.17692575,11.624024,1.5480891,7.441813,296.09708
2025-01-10 20:00:00,2.7332985,-1.4696811,4.0124316,0.18659468,11.385275,1.5146432,7.2673273,298.2667
2025-01-10 21:00:00,2.6989152,-1.5808476,3.9976897,0.16382332,11.649333,1.54956,7.522031,300.35898
2025-01-10 22:00:00,2.5491316,-1.7217102,3.8823192,0.12697499,11.592074,1.5641013,6.7912865,304.0355
2025-01-10 23:00:00,2.594668,-1.698902,3.8546472,0.09466898,12.423901,1.539874,6.8263707,303.21545
2025-01-11 00:00:00,2.6887274,-1.7626797,3.909703,0.14141102,13.1606655,1.4738369,7.035679,303.2481
2025-01-11 01:00:00,2.7963393,-1.9038795,3.991818,0.15258835,13.7303505,1.454879,7.1801467,304.24887
2025-01-11 02:00:00,2.9320295,-1.9880755,4.086664,0.034049366,13.703158,1.3365446,7.500263,304.1394
2025-01-11 03:00:00,3.0289006,-2.1439645,4.217051,0.13081999,14.165759,1.404667,7.6308084,305.29224
2025-01-11 04:00:00,3.140613,-2.2252803,4.3405566,0.19813892,14.910504,1.4427909,7.7329698,305.31946
2025-01-11 05:00:00,3.171445,-2.311994,4.4464135,0.24393405,15.8141165,1.4674559,7.6739283,306.09216
2025-01-11 06:00:00,3.1617303,-2.34093,4.5163956,0.10189487,15.89537,1.4861171,7.5366974,306.51605
2025-01-11 07:00:00,3.1612034,-2.338809,4.556346,0.23873617,16.389215,1.4403833,7.6317225,306.4958
2025-01-11 08:00:00,3.212216,-2.3648105,4.655552,0.09500053,16.323452,1.4024621,7.8082705,306.36023
2025-01-11 09:00:00,3.4084675,-2.5562694,4.9380407,0.00990789,16.156467,1.5179585,8.203764,306.86902
2025-01-11 10:00:00,3.4122005,-2.8900266,5.1372137,0.54224914,15.520269,1.7711544,8.145394,310.26355
2025-01-11 11:00:00,3.4659655,-3.228201,5.388182,0.6661122,15.437222,1.9699959,8.366612,312.96582
2025-01-11 12:00:00,3.520846,-3.4114525,5.557755,0.9180828,14.769702,2.1189005,8.551996,314.09595
2025-01-11 13:00:00,3.5235155,-3.5988808,5.690065,0.92127496,14.858688,2.4566422,8.762761,315.60626
2025-01-11 14:00:00,3.442335,-3.6129596,5.6490383,1.031394,14.799937,2.5501444,9.006449,316.38538
2025-01-11 15:00:00,3.2562037,-3.4141135,5.3775234,0.8321984,14.349166,2.0684881,9.109914,316.35614
2025-01-11 16:00:00,3.224536,-3.316993,5.295783,0.81243616,14.235666,1.9148625,9.094605,315.80975
2025-01-11 17:00:00,3.1960483,-3.340857,5.2973394,0.10306444,14.166468,1.9635811,9.03363,316.26904
2025-01-11 18:00:00,3.085521,-3.3784857,5.252969,0.25802353,13.869512,1.9296191,8.958602,317.595
2025-01-11 19:00:00,2.9607708,-3.411074,5.2005906,0.6410945,13.52531,1.9913651,8.864201,319.04242
2025-01-11 20:00:00,2.827722,-3.394504,5.0912156,0.8342618,13.477447,1.9430195,8.7093725,320.2047
2025-01-11 21:00:00,2.7050014,-3.3400714,4.9481425,0.6534521,13.37533,1.9735069,8.4383,320.99725
2025-01-11 22:00:00,2.6182046,-2.9555144,4.5364,0.78434205,12.892199,1.9433599,7.3218894,318.4632
2025-01-11 23:00:00,2.6506777,-2.9075432,4.523149,0.63397795,12.717523,1.9657469,7.0456815,317.64597
2025-01-12 00:00:00,2.6018496,-2.9043953,4.446272,0.47161117,12.432757,1.8967122,6.8001394,318.14502
2025-01-12 01:00:00,2.614914,-2.8872325,4.4035068,0.18660611,12.109327,1.9001466,6.8074923,317.83344
2025-01-12 02:00:00,2.5612755,-2.887719,4.328163,0.13194652,12.011729,1.7769057,6.8084745,318.42844
2025-01-12 03:00:00,2.5180116,-2.8922906,4.2696486,0.054008324,11.83942,1.7794352,6.8895535,318.95737
2025-01-12 04:00:00,2.4442523,-2.946949,4.251322,0.10120471,11.882018,1.8490837,6.7905536,320.3271
2025-01-12 05:00:00,2.2662354,-2.9473827,4.163937,0.31503424,11.606593,1.8350044,6.4165916,322.4434
2025-01-12 06:00:00,2.137831,-2.903562,4.053869,0.32972756,11.358804,1.8105611,6.185401,323.63657
2025-01-12 07:00:00,2.0194006,-2.8235185,3.9205396,0.34307078,11.132312,1.7612481,6.06212,324.42737
2025-01-12 08:00:00,1.9692202,-2.8149471,3.8944786,0.29853618,10.751018,1.7864026,5.9901757,325.02496
2025-01-12 09:00:00,1.9452412,-2.9369469,3.965873,0.47466487,10.232288,1.9249737,6.0741196,326.48212
2025-01-12 10:00:00,1.7361908,-2.678671,3.6188293,0.56060225,8.560364,1.8877622,5.359174,327.05054
2025-01-12 11:00:00,1.7016565,-2.8210766,3.7749832,0.74280584,8.222649,2.0134761,5.40166,328.90186
2025-01-12 12:00:00,1.6735379,-2.913747,3.850811,0.49209788,8.225083,2.104834,5.5415735,330.1287
2025-01-12 13:00:00,1.6020054,-2.9632468,3.843824,0.6965979,8.627275,2.1175787,5.484678,331.60324
2025-01-12 14:00:00,1.4263111,-2.8324301,3.6068227,1.068451,8.749763,2.0060267,5.2020535,333.2718
2025-01-12 15:00:00,1.2802426,-2.489695,3.1543274,0.9932491,8.314477,1.7042536,4.5905123,332.78702
2025-01-12 16:00:00,1.1611766,-2.3166409,2.9621556,0.16533631,8.072563,1.7461073,4.3162875,333.37848
2025-01-12 17:00:00,0.9681528,-2.274857,2.821883,0.302736,7.7509193,1.7421565,4.1470757,336.94595
2025-01-12 18:00:00,0.76593965,-2.2311637,2.6704,0.26245826,7.5829453,1.6881186,3.8935392,341.05307
2025-01-12 19:00:00,0.59520704,-2.113857,2.5033252,0.32446006,7.165585,1.6214217,3.6576304,344.27417
2025-01-12 20:00:00,0.42762426,-1.9825374,2.3994155,0.29230973,6.9693794,1.4783844,3.5474212,347.82803
2025-01-12 21:00:00,0.23648153,-1.7629807,2.289604,0.16341956,6.3285475,1.3919637,3.3573904,352.3601
2025-01-12 22:00:00,0.21747155,-1.3645824,2.0602906,0.10571018,5.3848033,1.1609653,3.161244,350.945
2025-01-12 23:00:00,0.2177858,-1.0859705,1.9124409,0.053605687,5.645402,0.896367,3.1608572,348.66003
2025-01-13 00:00:00,0.17462406,-0.7012209,1.8524541,0.057436362,5.8522897,0.74836135,3.1848373,346.01614
2025-01-13 01:00:00,0.21815656,-0.45015737,2.0073752,0.16301556,6.711817,0.9945391,3.2581549,334.1441
2025-01-13 02:00:00,0.33616018,-0.22833128,2.071122,0.21192601,7.926391,1.0219047,3.5590026,304.18567
2025-01-13 03:00:00,0.407175,-0.027299624,2.209505,0.08105246,8.695831,0.89145815,3.9488928,273.83572
2025-01-13 04:00:00,0.5393924,0.06976318,2.34065,0.1265751,9.2902975,0.9381763,4.4281306,262.63046
2025-01-13 05:00:00,0.6075559,0.14259009,2.4011421,0.20702338,9.960058,1.0461429,4.6474085,256.79202
2025-01-13 06:00:00,0.5804052,0.3357486,2.3446133,0.037892047,10.418701,0.8345721,4.8636317,239.95178
2025-01-13 07:00:00,0.47723514,0.44920927,2.3854527,0.025265247,10.538074,0.7523372,4.8762984,226.73273
2025-01-13 08:00:00,0.35408598,0.58967054,2.6693275,0.043180995,11.027009,1.022018,5.370537,210.98402
2025-01-13 09:00:00,0.23441336,0.7419248,3.0329478,0.12587042,11.642485,0.987977,6.2608595,197.53409
2025-01-13 10:00:00,0.27634782,0.947822,3.264019,0.055639215,12.215049,1.1576222,6.828281,196.25462
2025-01-13 11:00:00,0.324274,1.0491915,3.4434648,0.26752624,12.905038,1.272993,7.2530394,197.17484
2025-01-13 12:00:00,0.47089034,1.1492281,3.5583017,0.2501765,13.400516,1.3166231,7.4793115,202.28111
2025-01-13 13:00:00,0.5152287,1.2242613,3.6376557,0.10578375,13.628201,1.3891127,7.6886864,202.82373
2025-01-13 14:00:00,0.5535856,1.3064991,3.5532494,0.16331361,13.455725,1.3046278,7.8952765,202.9632
2025-01-13 15:00:00,0.7131092,1.4321648,3.3428342,0.088602655,13.540081,1.1744645,8.075516,206.46982
2025-01-13 16:00:00,0.8467824,1.5968876,3.4151008,0.06632693,13.595192,1.3434938,8.237043,207.9357
2025-01-13 17:00:00,0.872114,1.7567073,3.463797,0.13945188,13.724922,1.2878048,8.379123,206.40201
2025-01-13 18:00:00,0.85937583,1.9473369,3.498083,0.020215085,13.565895,1.202781,8.664788,203.81226
2025-01-13 19:00:00,0.9567801,2.057533,3.56218,0.17170791,13.456931,1.2139705,8.914357,204.93906
2025-01-13 20:00:00,1.09967,2.1119306,3.6652792,0.06472,13.673943,1.3165972,8.992031,207.50574
2025-01-13 21:00:00,1.2291813,2.114008,3.741909,0.100753956,13.332006,1.3711482,9.142575,210.17569
2025-01-13 22:00:00,1.3248031,2.123338,3.7353606,0.16155808,13.643154,1.2709091,9.001918,211.96106
2025-01-13 23:00:00,1.3987125,2.1570666,3.7892387,0.15111104,13.08984,1.2559719,9.13182,212.9607
2025-01-14 00:00:00,1.5753285,2.140065,3.7862957,0.051723525,13.105326,1.2315147,8.984521,216.35725
2025-01-14 01:00:00,1.7103322,2.1628208,3.8279872,0.16724536,13.60149,1.2267251,9.253275,218.33652
2025-01-14 02:00:00,1.8359082,2.046273,3.7981844,0.19178607,13.214744,1.1938127,9.202437,221.89833
2025-01-14 03:00:00,1.9640293,1.9626366,3.8173988,0.058374546,13.078332,1.1511381,9.119263,225.02032
2025-01-14 04:00:00,2.0113504,1.8569723,3.7783558,0.16913666,13.1323185,1.0973724,9.219448,227.28537
2025-01-14 05:00:00,2.024363,1.8984652,3.751639,0.22589174,13.329991,1.1441832,8.986002,226.8382
2025-01-14 06:00:00,2.0466027,1.9201466,3.7397738,0.07164716,13.124555,1.1099197,9.023899,226.82593
2025-01-14 07:00:00,2.1033947,1.9814581,3.7803435,0.106702976,13.032314,1.1602845,9.072086,226.70982
2025-01-14 08:00:00,2.211027,1.9907548,3.8384438,0.12433449,12.944614,1.1273813,9.147795,228.0009
2025-01-14 09:00:00,2.369656,1.9531205,3.9084303,0.1446471,13.306086,1.0104898,9.293734,230.50394
2025-01-14 10:00:00,2.3800993,1.8706117,3.7359903,0.08985247,12.268244,0.95264083,9.203553,231.83484
2025-01-14 11:00:00,2.590827,1.7743435,3.785436,0.03626503,12.345966,0.7740104,9.323257,235.59448
2025-01-14 12:00:00,2.8261666,1.5606916,3.8324654,0.11121614,12.505239,0.6853811,9.417795,241.09125
2025-01-14 13:00:00,2.9560864,1.27653,3.826282,0.023818858,12.288936,0.7022676,9.2943,246.64381
2025-01-14 14:00:00,3.027511,0.91588324,3.7718935,0.054755326,12.184869,0.62621737,9.097473,253.16838
2025-01-14 15:00:00,3.0370994,0.64573544,3.788834,0.12651236,11.836008,0.89396054,8.716573,257.99677
2025-01-14 16:00:00,3.0021627,0.48774678,3.7187583,0.109499544,12.054164,0.841196,7.91528,260.77206
2025-01-14 17:00:00,3.0462139,0.46735445,3.621903,0.04295902,11.729672,0.7768796,7.5275235,261.27762
2025-01-14 18:00:00,3.1926038,0.36057138,3.7095053,0.07898567,11.708386,0.9469868,7.584385,263.55634
2025-01-14 19:00:00,3.3185205,0.26446944,3.7652447,0.114892855,11.493314,1.0052912,7.7693753,265.44345
2025-01-14 20:00:00,3.3776035,0.13548155,3.7839406,0.073696144,11.127633,1.1505705,7.578699,267.703
2025-01-14 21:00:00,3.3412118,-0.036361694,3.7391148,0.14540018,11.1318445,1.239531,7.236799,270.6235
2025-01-14 22:00:00,3.1150253,-0.10520358,3.4856098,0.15725845,9.935285,1.2291838,6.2528257,271.93433
2025-01-14 23:00:00,3.1500041,-0.25850987,3.5577111,0.05354906,9.796291,1.2867805,6.450964,274.69156
2025-01-15 00:00:00,3.1578102,-0.53747725,3.5665078,0.14884964,9.50244,1.2820406,6.408251,279.6595
2025-01-15 01:00:00,3.070451,-0.7869085,3.5194476,0.119008236,9.001029,1.3595549,6.2757125,284.37463
2025-01-15 02:00:00,2.9621603,-0.9840294,3.4369533,0.15088592,8.804731,1.275809,5.9569416,288.3765
2025-01-15 03:00:00,2.8000216,-1.1639532,3.3529217,0.054643966,8.980162,1.207819,5.7134633,292.5724
2025-01-15 04:00:00,2.5989187,-1.3113194,3.2501066,0.16214886,8.699398,1.2847406,5.5214834,296.77383
2025-01-15 05:00:00,2.361237,-1.4072163,3.0626884,0.10042738,8.3032875,1.1668705,5.467393,300.7935
2025-01-15 06:00:00,2.178672,-1.4360516,2.9257982,0.08660294,7.4644084,1.0844054,5.030513,303.3905
2025-01-15 07:00:00,1.987112,-1.4411274,2.783599,0.14854239,7.085591,1.1834505,4.21753,305.95102
2025-01-15 08:00:00,1.8231919,-1.365182,2.5838647,0.020817982,6.3810935,1.1857808,3.759706,306.82538
2025-01-15 09:00:00,1.6723975,-1.351471,2.4472973,0.13506652,6.2310276,1.0739212,3.5151002,308.9418
2025-01-15 10:00:00,1.4405992,-1.1408213,2.193856,0.17841406,5.631763,0.90954083,3.4824865,308.37598
2025-01-15 11:00:00,1.4132307,-1.213536,2.2642474,0.0529115,5.293564,1.0879568,3.634577,310.65256
2025-01-15 12:00:00,1.4250175,-1.1804166,2.2627861,0.053703733,4.586487,1.0849445,3.410415,309.63672
2025-01-15 13:00:00,1.3919508,-1.1282436,2.2063074,0.19666031,4.936464,1.0609701,3.2862973,309.02643
2025-01-15 14:00:00,1.3897095,-1.0207384,2.1170714,0.35243636,5.698998,1.1084373,3.1313863,306.29718
2025-01-15 15:00:00,1.3161824,-0.9295687,2.0061035,0.18187425,6.042059,1.093867,2.867325,305.2321
2025-01-15 16:00:00,1.249308,-0.9366509,2.0369556,0.44701877,6.7889795,1.1453834,2.9360604,306.8602
2025-01-15 17:00:00,1.1655949,-0.8850489,2.0284567,0.14145705,6.901342,1.1063381,3.0468435,307.2098
2025-01-15 18:00:00,1.0790043,-0.78306663,1.9950533,0.054385368,7.0398283,1.0249099,3.1996233,305.96954
2025-01-15 19:00:00,0.990135,-0.644144,1.9851674,0.070605144,7.290669,0.9714307,3.3967464,303.04648
2025-01-15 20:00:00,0.90957355,-0.5167612,1.989266,0.11964902,7.382991,0.9257069,3.571418,299.60245
2025-01-15 21:00:00,0.8236063,-0.38692906,2.0231664,0.10698366,7.7283773,0.95813817,3.89423,295.16406
2025-01-15 22:00:00,0.84559053,-0.14026415,1.9800211,0.06807892,7.9774933,0.90373635,4.083512,279.4183
2025-01-15 23:00:00,0.82579494,-0.07191261,2.0800815,0.04225098,7.8516054,0.919509,4.5298142,274.97693
2025-01-16 00:00:00,0.7726271,0.04612072,2.1346376,0.059098724,7.820026,0.87133056,4.8831596,266.58386
2025-01-16 01:00:00,0.64678705,0.20570455,2.2334342,0.1998548,8.405475,0.84866655,5.0312824,252.35722
2025-01-16 02:00:00,0.57020074,0.40541118,2.3595192,0.2939275,8.711759,0.90858114,5.262578,234.58728
2025-01-16 03:00:00,0.5592222,0.5673366,2.48424,0.08961705,9.203079,0.86275697,5.583259,224.58731
2025-01-16 04:00:00,0.561535,0.66050553,2.5931966,0.04192187,9.487576,0.89001864,5.817602,220.36984
2025-01-16 05:00:00,0.5842343,0.7475664,2.7164664,0.08669997,9.80154,0.8955218,6.0696025,218.00816
2025-01-16 06:00:00,0.6426478,0.86014247,2.8599236,0.16636775,10.252333,0.9259665,6.1815815,216.76492
2025-01-16 07:00:00,0.6848738,0.9465109,2.99288,0.10862105,10.638043,1.0752167,6.2913747,215.88864
2025-01-16 08:00:00,0.76292294,1.060765,3.1423435,0.07829501,11.074707,1.2183404,6.3109274,215.72443
2025-01-16 09:00:00,0.8635798,1.1466435,3.3302665,0.12893273,11.22092,1.1741099,6.426744,216.98477
2025-01-16 10:00:00,0.7737237,1.1753498,3.2852898,0.15179543,9.31003,1.1975901,6.3951173,213.3566
2025-01-16 11:00:00,0.7906651,1.1777892,3.3501132,0.09492874,9.614339,1.2738867,6.423472,213.87398
2025-01-16 12:00:00,0.72039384,1.1778643,3.3298051,0.16981138,10.0010195,1.2423561,6.333028,211.45038
2025-01-16 13:00:00,0.70655864,1.147908,3.2914548,0.31891733,9.880026,1.2955959,6.17996,211.61307
2025-01-16 14:00:00,0.6290436,1.057037,3.137834,0.12776177,10.725023,1.221872,5.898442,210.75691
2025-01-16 15:00:00,0.61358434,1.0098139,2.8600187,0.038027678,11.0391655,1.0183706,5.883974,211.28375
2025-01-16 16:00:00,0.559958,0.9521637,2.8202717,0.20160025,11.190132,1.1346081,6.0970483,210.45937
2025-01-16 17:00:00,0.5115105,1.0541531,2.979356,0.06768757,11.158663,1.2987213,6.41611,205.88422
2025-01-16 18:00:00,0.540736,1.1415504,3.0622494,0.464543,11.135578,1.4280138,6.61081,205.34625
2025-01-16 19:00:00,0.6170675,1.2396207,3.0834978,0.4556149,11.220165,1.4642948,6.6050773,206.46355
2025-01-16 20:00:00,0.7265019,1.224385,3.0623953,0.35030505,11.279006,1.5068104,6.612816,210.68323
2025-01-16 21:00:00,0.7695424,1.1856747,3.0289745,0.2937709,11.130305,1.4721413,6.3908186,212.98492
2025-01-16 22:00:00,0.5924431,1.1118696,2.8244328,0.50553024,10.1369095,1.43402,5.763859,208.05026
2025-01-16 23:00:00,0.6610804,1.1329007,2.8687532,0.33368346,10.110467,1.4137839,5.8224006,210.2648
2025-01-17 00:00:00,0.6287038,1.1864542,2.8540108,0.14383885,10.22907,1.4435943,5.87422,207.91919
2025-01-17 01:00:00,0.6706741,1.2121099,2.8435311,0.060940374,10.462956,1.3310332,6.0452065,208.95625
2025-01-17 02:00:00,0.6531125,1.2108954,2.79257,0.06301177,10.38877,1.2639022,5.8898273,208.34079
2025-01-17 03:00:00,0.6852034,1.1947842,2.7584867,0.078304455,10.285902,1.1578759,5.861091,209.83408
2025-01-17 04:00:00,0.6873837,1.1499931,2.7078056,0.14273295,10.327341,1.1768558,5.797753,210.86797
2025-01-17 05:00:00,0.66015625,1.146288,2.6652367,0.06493826,10.282877,1.1572145,5.6355367,209.93797
2025-01-17 06:00:00,0.6765545,1.1595645,2.6579974,0.0029695502,10.112592,1.1478211,5.4768443,210.26167
2025-01-17 07:00:00,0.7119524,1.168726,2.6859603,0.127934,9.977176,1.1463821,5.5765886,211.34851
2025-01-17 08:00:00,0.7454941,1.2046764,2.7799919,0.07977183,9.885227,1.1316097,5.9426656,211.75061
2025-01-17 09:00:00,0.8050467,1.196892,2.8287482,0.10304886,10.075324,1.0756531,6.191692,213.92535
2025-01-17 10:00:00,0.6476626,1.2158322,2.6854146,0.14393154,9.785899,1.0618732,5.6481705,208.04382
2025-01-17 11:00:00,0.6776503,1.2204169,2.716543,0.28518045,10.124323,1.0489681,5.7817163,209.04172
2025-01-17 12:00:00,0.6900602,1.1445498,2.6928184,0.13094108,10.262114,1.0665548,5.877797,211.08618
2025-01-17 13:00:00,0.67100936,1.039867,2.6526294,0.13482758,10.236762,0.94634664,6.0649824,212.8335
2025-01-17 14:00:00,0.59234,0.91780216,2.62295,0.09472462,10.30437,0.75550425,6.12958,212.83778
2025-01-17 15:00:00,0.56836474,0.88325626,2.623644,0.07648169,10.338405,0.9080711,6.159687,212.7608
2025-01-17 16:00:00,0.57225364,0.8478843,2.6593986,0.022874761,10.222639,1.2024662,6.1848373,214.01617
2025-01-17 17:00:00,0.6201473,0.80801845,2.7332785,0.25828177,10.406936,1.233448,6.1027107,217.50594
2025-01-17 18:00:00,0.6437357,0.68798995,2.7153177,0.16245982,10.6187525,1.1358831,5.8555617,223.09673
2025-01-17 19:00:00,0.6704794,0.5630728,2.6481116,0.11225273,11.070579,1.0860435,5.752201,229.97626
2025-01-17 20:00:00,0.63707256,0.4600496,2.5931625,0.11424448,10.692294,1.0012475,5.5121655,234.1658
2025-01-17 21:00:00,0.55505246,0.49180686,2.5927992,0.11464598,10.624825,1.0169423,5.5393014,228.4573
2025-01-17 22:00:00,0.35387564,0.5323297,2.528695,0.15463969,10.074807,0.9906554,5.3435783,213.61469
2025-01-17 23:00:00,0.3317933,0.5811656,2.6510897,0.24600366,9.709769,1.051157,5.5631104,209.72249
2025-01-18 00:00:00,0.29721028,0.6065451,2.6654568,0.09021192,9.784439,1.0712571,5.3683786,206.1051
2025-01-18 01:00:00,0.2397762,0.52922225,2.615102,0.23480582,9.626793,1.1791408,5.0502305,204.374
2025-01-18 02:00:00,0.121314384,0.44615173,2.4972591,0.09320473,9.742559,0.9969324,4.468596,195.21167
2025-01-18 03:00:00,0.004416801,0.3945894,2.4438298,0.06994144,9.68144,0.95105344,4.2862,180.64133
2025-01-18 04:00:00,-0.0730665,0.39151165,2.3599303,0.09454171,9.873815,0.87670827,4.129956,169.42871
2025-01-18 05:00:00,-0.15341929,0.41791102,2.3351433,0.05420214,9.66634,0.8164626,4.051545,159.84132
2025-01-18 06:00:00,-0.18743071,0.47774115,2.3401778,0.07863722,9.169538,0.9127312,4.080247,158.57858
2025-01-18 07:00:00,-0.22166856,0.55409694,2.3423808,0.003868306,8.637679,0.96226346,3.9670093,158.19595
2025-01-18 08:00:00,-0.29660487,0.5562765,2.3112464,0.03180237,8.011507,0.9213543,3.8015196,151.9336
2025-01-18 09:00:00,-0.37581572,0.5247118,2.2056496,0.05197983,7.2499967,0.86986715,3.6825192,144.38852
2025-01-18 10:00:00,-0.63358575,0.6679411,2.0481272,0.08734141,6.0328865,0.6484882,3.2726867,136.51205
2025-01-18 11:00:00,-0.7730573,0.659868,1.9572222,0.07802459,5.627462,0.6218053,3.2230055,130.48349
2025-01-18 12:00:00,-0.87690115,0.6253955,1.9244249,0.05592701,5.9135504,0.6414874,3.1617491,125.49602
2025-01-18 13:00:00,-0.9109427,0.5555486,1.9067521,0.1447692,6.223,0.8233305,3.0647461,121.377396
2025-01-18 14:00:00,-0.9376868,0.44619092,1.8865125,0.08444717,6.576931,0.853586,3.0734189,115.44708
2025-01-18 15:00:00,-0.9790159,0.4265071,1.9389968,0.19561508,6.6660423,0.92322415,3.3040278,113.5403
2025-01-18 16:00:00,-1.1144047,0.44794607,2.1325579,0.16228919,6.577479,1.1112636,3.4403656,111.89816
2025-01-18 17:00:00,-1.1412345,0.59674734,2.197291,0.058617715,6.381211,1.1368366,3.5421157,117.604904
2025-01-18 18:00:00,-1.125885,0.7062147,2.211293,0.12660828,6.3640885,1.039153,3.5638204,122.09813
2025-01-18 19:00:00,-1.1093891,0.7902626,2.176606,0.11498695,6.164359,0.92808664,3.5581472,125.463806
2025-01-18 20:00:00,-1.1368487,0.8370093,2.1898217,0.14040726,5.8190923,1.0089171,3.5920005,126.3625
2025-01-18 21:00:00,-1.1912186,0.86427224,2.2072139,0.053187285,5.791142,1.2000176,3.5044086,125.96225
2025-01-18 22:00:00,-1.3398632,0.8676638,2.2250526,0.0854507,5.556991,1.285774,3.4276576,122.92615
2025-01-18 23:00:00,-1.4249465,0.97811764,2.26961,0.19421414,5.264738,1.3629748,3.4201965,124.46666
2025-01-19 00:00:00,-1.4600751,1.0496784,2.321845,0.18556185,5.2259545,1.4150431,3.5252535,125.71315
2025-01-19 01:00:00,-1.445543,1.1134045,2.3234665,0.14409676,5.436287,1.3309948,3.5913296,127.604645
2025-01-19 02:00:00,-1.4474903,1.1151395,2.3202415,0.16327511,5.6548214,1.2637855,3.7412694,127.61049
2025-01-19 03:00:00,-1.4016806,1.1219372,2.300904,0.1733004,5.6880975,1.252842,3.7531009,128.67458
2025-01-19 04:00:00,-1.3928074,1.0419868,2.2731533,0.08465876,5.741969,1.2482307,3.6814568,126.8009
2025-01-19 05:00:00,-1.3822149,1.0003637,2.2327557,0.082335755,5.7019534,1.1883839,3.650542,125.89476
2025-01-19 06:00:00,-1.4608719,0.9772722,2.2460399,0.0654287,5.609505,1.1479195,3.7667527,123.78114
2025-01-19 07:00:00,-1.527161,1.0272423,2.2986484,0.045966778,5.5229955,1.170182,3.8742728,123.92668
2025-01-19 08:00:00,-1.547871,1.1359112,2.3353808,0.1096151,5.727472,1.1540346,3.9327033,126.27324
2025-01-19 09:00:00,-1.61525,1.2131215,2.3914878,0.11088605,5.5491257,1.0910172,3.9881914,126.90811
2025-01-19 10:00:00,-1.4930552,1.2680099,2.3162992,0.08618449,5.8455343,0.8441213,4.009148,130.34032
2025-01-19 11:00:00,-1.4739491,1.1811289,2.2135894,0.030005693,5.443091,0.69152904,3.7907267,128.70647
2025-01-19 12:00:00,-1.4709662,1.0540433,2.1590474,0.041932464,5.1829343,0.68060803,3.698915,125.62407
2025-01-19 13:00:00,-1.4698483,0.9372905,2.1433556,0.07227422,5.365697,0.63320553,3.7486262,122.524796
2025-01-19 14:00:00,-1.4150478,0.80980664,2.1204367,0.07830697,5.4088144,0.74316025,3.8337731,119.78174
2025-01-19 15:00:00,-1.4917318,0.8458673,2.2736106,0.15802355,5.4512086,0.9003125,3.8180354,119.554855
2025-01-19 16:00:00,-1.5764148,1.0031247,2.42538,0.02211694,5.773607,0.98469996,3.903687,122.46994
2025-01-19 17:00:00,-1.512819,1.1865375,2.4395838,0.06344278,6.1821666,0.97197366,4.0068507,128.10788
2025-01-19 18:00:00,-1.3558923,1.290882,2.3907042,0.023853607,6.0818768,0.9768337,3.9940014,133.59299
2025-01-19 19:00:00,-1.2075871,1.3509555,2.3580139,0.08452037,5.866044,1.050985,3.8412828,138.20723
2025-01-19 20:00:00,-1.1016062,1.3816631,2.3273618,0.14664507,5.994671,1.1461456,3.801042,141.4345
2025-01-19 21:00:00,-1.0051018,1.3876668,2.33162,0.16948102,6.2340755,1.189313,3.9393475,144.08379
2025-01-19 22:00:00,-1.0087453,1.3386618,2.325003,0.018717429,6.101023,0.942127,4.0526657,143.00024
2025-01-19 23:00:00,-0.89159083,1.4231576,2.3333738,0.024933757,6.121758,0.9846178,4.057785,147.93336
2025-01-20 00:00:00,-0.79002094,1.4192092,2.281746,0.13152766,6.108971,0.85044837,3.960076,150.89694
2025-01-20 01:00:00,-0.6696249,1.4570004,2.2663746,0.13909842,6.2444367,0.89335716,3.9649959,155.3169
2025-01-20 02:00:00,-0.5774631,1.4601994,2.2588127,0.084007986,6.4998007,1.0023574,3.8375976,158.42276
2025-01-20 03:00:00,-0.47535294,1.5273825,2.2655804,0.130775,6.589282,1.1031369,3.7553144,162.7128
2025-01-20 04:00:00,-0.3704636,1.5581871,2.2843866,0.047599137,6.6699305,1.1956986,3.8032699,166.62607
2025-01-20 05:00:00,-0.2962428,1.6249616,2.289122,0.123446256,6.787672,1.1815839,3.876076,169.66801
2025-01-20 06:00:00,-0.18923992,1.6702332,2.2764652,0.1058056,6.914488,1.1402005,3.7491386,173.53589
2025-01-20 07:00:00,-0.12662856,1.7122337,2.2870133,0.17251219,6.937208,1.1574795,3.7457178,175.77039
2025-01-20 08:00:00,-0.012923369,1.7612028,2.3351264,0.10637419,7.025389,1.1071973,3.8557029,179.57959
2025-01-20 09:00:00,0.14429577,1.7918231,2.3698568,0.07846214,6.8039136,1.1018099,3.9130554,184.6041
2025-01-20 10:00:00,0.22065035,1.6461636,2.2130075,0.08203375,6.9362297,1.0256869,3.7288482,187.63437
2025-01-20 11:00:00,0.36614907,1.6149989,2.1895804,0.096702605,6.881585,0.87336004,3.7718282,192.77403
2025-01-20 12:00:00,0.501205,1.5794277,2.2133083,0.11069501,6.763327,0.7860951,3.719776,197.60596
2025-01-20 13:00:00,0.6013555,1.5196991,2.2581723,0.04324142,6.09705,0.70306057,3.6869054,201.58905
2025-01-20 14:00:00,0.6579561,1.3607013,2.1899197,0.080435336,5.5761566,0.6252167,3.828546,205.80573
2025-01-20 15:00:00,0.57202685,1.3139896,2.1912224,0.09412901,6.235297,0.7263529,3.9452193,203.52522
2025-01-20 16:00:00,0.5055159,1.4187704,2.3287127,0.15825123,6.904408,1.0276715,4.099421,199.61127
2025-01-20 17:00:00,0.6175129,1.5550603,2.438932,0.07894501,7.27892,1.0953119,4.3654394,201.65799
2025-01-20 18:00:00,0.7318029,1.6139213,2.482586,0.11178196,7.515197,1.0691828,4.562456,204.39105
2025-01-20 19:00:00,0.85036075,1.6445812,2.512977,0.053913534,7.998833,1.0008769,4.9335365,207.34206
2025-01-20 20:00:00,1.0011494,1.6461788,2.558953,0.08149389,8.763185,0.8790584,5.379209,211.30653
2025-01-20 21:00:00,1.1321024,1.5789012,2.5757964,0.12780629,9.285088,0.8244319,5.620374,215.64125
2025-01-20 22:00:00,0.9023025,1.4636626,2.4374294,0.011369098,9.356068,0.88410074,5.157615,211.65254
2025-01-20 23:00:00,0.94870657,1.5307626,2.4975593,0.08362507,9.635842,0.8876385,5.5974903,211.78902
2025-01-21 00:00:00,1.0325524,1.5477988,2.5684345,0.11791814,9.931514,0.8474676,5.954641,213.70766
2025-01-21 01:00:00,1.0459908,1.5938758,2.620625,0.10733375,10.3661585,0.8418861,6.4978724,213.27515
2025-01-21 02:00:00,1.074368,1.6231009,2.638266,0.06519969,10.503562,0.8267695,6.7037764,213.5015
2025-01-21 03:00:00,1.0822003,1.6652436,2.6379614,0.05025111,10.281221,0.7560475,6.613159,213.01884
2025-01-21 04:00:00,1.0952445,1.6987181,2.6317444,0.103779316,10.215925,0.7049908,6.5104637,212.81181
2025-01-21 05:00:00,1.0210942,1.784649,2.6099787,0.025765674,10.351991,0.72752947,6.583457,209.77621
2025-01-21 06:00:00,0.9659127,1.8594002,2.6007106,0.06128199,10.767312,0.76331687,6.551305,207.45078
2025-01-21 07:00:00,0.93693256,1.9122975,2.6037955,0.06592337,10.961996,0.76624274,6.5064254,206.1026
2025-01-21 08:00:00,0.9578466,1.9633954,2.5972579,0.021941125,11.092979,0.740633,6.5307364,206.00554
2025-01-21 09:00:00,0.99140066,1.9768491,2.5880349,0.04785167,11.165879,0.7355685,6.385761,206.63402
2025-01-21 10:00:00,0.9095484,1.9180244,2.4682248,0.07052085,10.615427,0.63841623,6.3561535,205.37082
2025-01-21 11:00:00,1.0087252,1.8521316,2.389435,0.03504613,10.9424305,0.49659407,6.1889553,208.574
2025-01-21 12:00:00,1.0290205,1.759811,2.377017,0.055426855,11.01112,0.5243455,5.9774823,210.31625
2025-01-21 13:00:00,0.9483515,1.6587446,2.319022,0.06104595,10.528582,0.6098644,5.784357,209.75784
2025-01-21 14:00:00,0.73741066,1.5957782,2.2050614,0.025328748,10.146887,0.5657902,5.828081,204.80171
2025-01-21 15:00:00,0.4341711,1.5679202,2.2710118,0.13832307,10.336611,0.7675321,5.9252987,195.47789
2025-01-21 16:00:00,0.22334784,1.7878063,2.463769,0.1525063,10.016675,0.75639975,6.1530557,187.12099
2025-01-21 17:00:00,0.17783748,1.944206,2.5197673,0.14057273,9.684399,0.83232933,6.195948,185.22633
2025-01-21 18:00:00,0.21597001,2.0433214,2.5817573,0.027304834,9.206827,0.94989437,6.207201,186.03351
2025-01-21 19:00:00,0.23274726,2.0590465,2.5934362,0.07032556,9.107385,0.96912205,6.2465186,186.44914
2025-01-21 20:00:00,0.23476513,2.0860438,2.6237988,0.10398672,9.304538,0.98791564,6.1177206,186.42111
2025-01-21 21:00:00,0.168662,2.0370858,2.597901,0.15557376,9.556375,1.0651263,5.9688377,184.73306
2025-01-21 22:00:00,-0.08094581,1.9038473,2.5406866,0.09089838,9.104995,1.0717176,5.302317,177.56543
2025-01-21 23:00:00,-0.14825192,1.9466107,2.5843458,0.11376616,9.017484,1.1653736,5.2537575,175.64482
2025-01-22 00:00:00,-0.2742458,1.9521703,2.5725684,0.0727293,8.324987,1.065501,4.9649997,172.00328
2025-01-22 01:00:00,-0.42272907,1.9894702,2.598195,0.020461632,7.8891225,1.1051759,4.87614,168.00403
2025-01-22 02:00:00,-0.6244074,1.9993645,2.612789,0.12495054,7.1076746,1.2299261,4.726329,162.65627
2025-01-22 03:00:00,-0.8051259,2.0829344,2.6821065,0.14957902,6.587657,1.2573198,4.8696375,158.86676
2025-01-22 04:00:00,-0.9858514,2.1272793,2.7515023,0.104262434,6.7459445,1.3542979,4.957932,155.13544
2025-01-22 05:00:00,-1.152359,2.2304049,2.8616571,0.16911358,6.7255106,1.4638051,5.0796733,152.67645
2025-01-22 06:00:00,-1.2619327,2.3201203,2.959664,0.18809114,6.615108,1.5311295,5.249451,151.45786
2025-01-22 07:00:00,-1.3517216,2.4071667,3.066988,0.15968423,6.8776283,1.5827049,5.4233055,150.68404
2025-01-22 08:00:00,-1.4804456,2.5897605,3.257361,0.2742715,7.2823896,1.6183629,5.573711,150.24542
2025-01-22 09:00:00,-1.532361,2.7540877,3.3775024,0.123665996,7.423804,1.6256535,5.659304,150.90866
2025-01-22 10:00:00,-1.5331235,2.7956383,3.3903675,0.30007666,7.5889406,1.7227411,5.610478,151.2597
2025-01-22 11:00:00,-1.4748927,2.8731756,3.4211383,0.5877628,7.999126,1.6734651,5.7473726,152.82712
2025-01-22 12:00:00,-1.5049855,2.931371,3.5035117,0.34024343,8.017093,1.7093422,5.785607,152.82373
2025-01-22 13:00:00,-1.4964145,2.966361,3.5599003,0.046841484,7.9391427,1.7198952,5.7907877,153.23083
2025-01-22 14:00:00,-1.5374929,2.9706855,3.5885682,0.13601951,7.930361,1.6785035,5.915218,152.63596
2025-01-22 15:00:00,-1.5234652,3.013465,3.617206,0.18031937,8.422223,1.7254499,5.883918,153.181
2025-01-22 16:00:00,-1.5101739,3.13984,3.707667,0.23631288,8.926232,1.8394151,5.865527,154.31378
2025-01-22 17:00:00,-1.4685116,3.3484526,3.8550794,0.106689684,9.499238,1.9713368,5.9602585,156.31946
2025-01-22 18:00:00,-1.3571501,3.4740868,3.9134064,0.17346622,9.756249,2.0108104,6.0620418,158.66193
2025-01-22 19:00:00,-1.210043,3.6375835,4.02129,0.29098138,10.231992,1.9678483,6.26004,161.60028
2025-01-22 20:00:00,-1.0311588,3.7195718,4.077489,0.32518244,10.72059,2.0262308,6.319278,164.5053
2025-01-22 21:00:00,-0.85043126,3.7693527,4.120949,0.34914738,10.924213,2.048375,6.4698186,167.28596
2025-01-22 22:00:00,-0.72412974,3.5969002,3.9927435,0.41330338,10.877553,2.131816,6.1127715,168.61734
2025-01-22 23:00:00,-0.6602878,3.6176147,4.0555267,0.6593421,10.899781,2.163076,6.1484833,169.65622
2025-01-23 00:00:00,-0.49794212,3.5841544,4.1254663,0.28483045,10.776112,2.1533282,6.1687737,172.0906
2025-01-23 01:00:00,-0.36245728,3.6210485,4.278558,0.46736777,10.935476,2.2089443,6.4163604,174.28389
2025-01-23 02:00:00,-0.1065212,3.548671,4.3719773,0.8671589,11.321794,2.1717339,6.606844,178.28067
2025-01-23 03:00:00,0.2273906,3.4690452,4.4930105,0.71510696,11.710801,2.3329642,6.666082,183.75029
2025-01-23 04:00:00,0.65814,3.2148738,4.6351333,0.6664383,11.922446,2.479501,6.84289,191.56958
2025-01-23 05:00:00,1.1222749,2.9683335,4.8163924,0.94485676,12.02584,2.4978273,6.976849,200.71072
2025-01-23 06:00:00,1.6908928,2.727734,4.9818606,0.6361821,12.096166,2.5554674,7.3669977,211.79433
2025-01-23 07:00:00,2.3193693,2.519967,5.1653447,1.0009547,12.271226,2.6384935,7.627547,222.62637
2025-01-23 08:00:00,2.9258332,2.3524847,5.248461,0.9665987,12.430899,2.652594,7.7248034,231.19936
2025-01-23 09:00:00,3.5981746,2.2031045,5.360208,0.48822388,12.389603,2.5421183,7.7982364,238.52153
2025-01-23 10:00:00,3.9592764,2.033519,5.198085,0.049423903,12.100873,2.5903504,8.12125,242.81458
2025-01-23 11:00:00,4.61549,2.0861363,5.5601516,0.4772542,11.938583,3.1462245,8.571566,245.6777
2025-01-23 12:00:00,5.118315,2.0395334,5.831166,0.34929222,11.666815,3.291875,9.059691,248.27383
2025-01-23 13:00:00,5.236729,1.9217434,5.800269,0.5107401,11.879372,3.5141172,9.309392,249.84818
2025-01-23 14:00:00,5.0550847,1.8693769,5.580827,0.2713593,11.544144,3.2933354,9.490629,249.70554
2025-01-23 15:00:00,4.5311327,1.9834553,5.1540008,0.23682944,11.670778,2.4753294,9.420722,246.35912
2025-01-23 16:00:00,3.9319148,2.3039534,4.819159,0.31320944,11.5994005,2.0091877,9.309128,239.63132
2025-01-23 17:00:00,3.531332,2.7667367,4.782235,0.093862124,11.875411,1.9636191,9.322638,231.92192
2025-01-23 18:00:00,3.2084165,3.1948311,4.817067,0.11917356,12.672131,1.9131894,9.3127165,225.12157
2025-01-23 19:00:00,2.8921683,3.5818934,4.8904157,0.13194339,13.465471,1.917782,8.985872,218.91884
2025-01-23 20:00:00,2.5936205,3.9394882,4.956374,0.08444146,13.278949,2.0126681,8.679357,213.3595
2025-01-23 21:00:00,2.3963017,4.2177353,5.0332465,0.1432352,12.606431,2.1187823,8.375702,209.60303
2025-01-23 22:00:00,2.176529,4.307261,4.971906,0.17591576,13.470669,2.0366702,8.350461,206.80821
2025-01-23 23:00:00,2.1493068,4.266918,4.9196343,0.22458868,12.641706,2.03201,8.12778,206.73505
2025-01-24 00:00:00,2.2602742,4.2299237,4.9516582,0.10279049,12.440007,2.0424953,8.120167,208.11798
2025-01-24 01:00:00,2.363612,4.1509194,4.9444613,0.18985642,11.2133,2.1977289,8.090953,209.658
2025-01-24 02:00:00,2.5106683,4.0526524,4.926801,0.21250817,10.75575,2.2815893,8.006837,211.77873
2025-01-24 03:00:00,2.545032,4.008868,4.8867083,0.4464326,11.615271,2.2209272,8.106944,212.40945
2025-01-24 04:00:00,2.4529555,3.959263,4.7967796,0.4250565,11.385478,2.1035407,8.21909,211.78023
2025-01-24 05:00:00,2.1246424,4.0430226,4.7305837,0.1613206,11.49314,2.0140402,8.090539,207.7223
2025-01-24 06:00:00,1.796164,4.247708,4.768586,0.16151603,11.960584,2.0360641,8.04008,202.92131
2025-01-24 07:00:00,1.4489635,4.485221,4.856303,0.1110274,13.143347,2.09709,8.257645,197.9032
2025-01-24 08:00:00,1.1759928,4.819995,5.0966306,0.19964157,14.467977,2.0666862,8.680678,193.71127
2025-01-24 09:00:00,1.1253757,5.168797,5.399489,0.39682612,15.101976,2.0772774,9.073616,192.28302
2025-01-24 10:00:00,0.9110986,5.329488,5.4953203,0.27235377,17.87956,2.241956,9.295602,189.70117
2025-01-24 11:00:00,1.1010898,5.5550737,5.7525268,0.27932647,17.73432,2.3473177,9.541316,191.21147
2025-01-24 12:00:00,1.2215028,5.670566,5.921058,0.15805672,17.214779,2.342416,9.63372,192.1564
2025-01-24 13:00:00,1.4926263,5.731022,6.0911984,0.27563715,16.392307,2.1559186,9.975203,194.5982
2025-01-24 14:00:00,1.7343606,5.67096,6.158812,0.44360647,16.411072,1.944673,10.351869,197.00531
2025-01-24 15:00:00,1.99332,5.547447,6.207872,0.9567273,15.861045,2.2357926,10.904986,199.7645
2025-01-24 16:00:00,2.2376816,5.3729887,6.172199,1.0621322,15.921796,2.4754694,10.792366,202.6102
2025-01-24 17:00:00,2.526391,5.2013917,6.109161,0.62322176,16.320543,2.5002842,10.568554,205.90652
2025-01-24 18:00:00,2.7851777,4.9883895,6.0150275,0.53968924,16.359865,2.4385474,10.549693,209.17603
2025-01-24 19:00:00,2.9267046,4.710696,5.8378544,0.61896855,15.80225,2.4439993,10.320191,211.85223
2025-01-24 20:00:00,2.9877982,4.4449363,5.6172247,0.2973163,15.20735,2.3986242,10.112873,213.90822
2025-01-24 21:00:00,2.828935,4.2019734,5.313731,0.37518093,14.976383,2.3523252,9.501362,213.95001
2025-01-24 22:00:00,2.697582,3.9227927,5.0270844,0.34881788,15.66854,2.330604,9.147336,214.51509
2025-01-24 23:00:00,2.2820182,3.8193932,4.721092,0.33027932,14.94157,2.3487012,8.420751,210.85754
2025-01-25 00:00:00,1.874056,3.7597177,4.470489,0.1656765,13.680251,2.392346,7.831718,206.49426
2025-01-25 01:00:00,1.492762,3.7307441,4.2898993,0.22379214,12.489651,2.3744738,7.4489875,201.80756
2025-01-25 02:00:00,1.1736879,3.7659087,4.193244,0.44974366,12.050321,2.3665388,7.2256794,197.31024
2025-01-25 03:00:00,0.9932053,3.8825202,4.2312417,0.23520312,11.717612,2.3470898,7.1484237,194.34937
2025-01-25 04:00:00,0.850197,3.9444618,4.269317,0.12400664,11.352437,2.2092597,7.200001,192.16356
2025-01-25 05:00:00,0.73913985,3.9551973,4.2834215,0.2631584,10.633734,2.0063844,7.002481,190.58524
2025-01-25 06:00:00,0.6830923,3.9817607,4.345321,0.46072653,10.91673,1.9463488,6.9666514,189.73465
2025-01-25 07:00:00,0.6771158,4.0231686,4.4089518,0.3374631,11.376572,1.9114233,6.8749743,189.55359
2025-01-25 08:00:00,0.8296583,4.1229396,4.5479903,0.1830776,11.498553,1.8291819,6.941414,191.37769
2025-01-25 09:00:00,1.2183397,4.115973,4.6983504,0.19656149,11.974602,1.8920946,7.125253,196.4889
2025-01-25 10:00:00,1.5445141,3.7180028,4.5541334,0.222575,11.168464,1.7934464,7.347634,202.55875
2025-01-25 11:00:00,1.936836,3.5392027,4.5654674,0.06567,10.9820385,1.8078989,7.0321665,208.68979
2025-01-25 12:00:00,2.4293275,3.1488614,4.5454063,0.14864877,11.423913,1.8509108,7.0544095,217.64996
2025-01-25 13:00:00,2.6423938,2.7097316,4.3947954,0.09217701,11.776052,1.6560396,6.9668283,224.27917
2025-01-25 14:00:00,2.6677558,2.2147844,4.0878973,0.06499841,11.670893,1.5892926,6.9591975,230.30037
2025-01-25 15:00:00,2.3115857,1.8226516,3.6821392,0.043801498,11.924571,1.5729969,6.526991,231.74474
2025-01-25 16:00:00,1.8998665,1.5896491,3.4274356,0.42934868,12.187757,1.662482,6.376503,230.08023
2025-01-25 17:00:00,1.6117245,1.5403191,3.2555509,0.111477725,11.477429,1.4761254,6.2267575,226.29774
2025-01-25 18:00:00,1.3462338,1.4607061,3.0538585,0.074571386,10.676652,1.3742081,5.8009353,222.66467
2025-01-25 19:00:00,1.1180329,1.3690593,2.9339345,0.16728239,10.012268,1.3061427,5.804153,219.23656
2025-01-25 20:00:00,0.8658117,1.2267126,2.8634048,0.06552631,9.352615,1.3650732,5.490875,215.21439
2025-01-25 21:00:00,0.6443032,1.1401722,2.8459935,0.16482036,8.582405,1.4067932,5.302743,209.47049
2025-01-25 22:00:00,0.53211194,1.0542698,2.7255478,0.088564664,7.9024773,1.209333,5.1934223,206.78104
2025-01-25 23:00:00,0.38684782,0.8812235,2.7479,0.26335034,6.850255,1.3142458,5.0232964,203.70096
2025-01-26 00:00:00,0.33894926,0.7673979,2.7997844,0.3036426,6.5638695,1.3962896,4.888178,203.8304
2025-01-26 01:00:00,0.23681352,0.81352854,2.8415458,0.19664364,6.872338,1.2942691,5.0328655,196.22998
2025-01-26 02:00:00,0.18927579,1.0639414,2.890105,0.067547664,7.6106462,1.1672906,5.330298,190.08742
2025-01-26 03:00:00,0.23549137,1.3807158,3.0721862,0.34447196,8.197569,1.2978891,5.552774,189.6791
2025-01-26 04:00:00,0.37070113,1.5994675,3.2796738,0.068595804,8.615489,1.3453263,5.824414,193.0488
2025-01-26 05:00:00,0.7297594,1.8418893,3.5938585,0.014404361,8.581452,1.4326481,6.203444,201.61356
2025-01-26 06:00:00,1.1740813,1.8433145,3.7763746,0.1988494,8.104265,1.5305939,6.332686,212.4947
2025-01-26 07:00:00,1.5327338,1.7561753,3.835314,0.011558429,7.560065,1.5195086,6.14835,221.11342
2025-01-26 08:00:00,1.7697923,1.6720623,3.8175359,0.15921754,7.7841535,1.4801161,5.9620996,226.62646
2025-01-26 09:00:00,1.9913462,1.6252339,3.7756274,0.15058105,7.810767,1.3609974,5.9867887,230.78046
2025-01-26 10:00:00,1.807481,1.5395471,3.6476989,0.055214103,7.664482,1.2759811,5.8089576,229.57684
2025-01-26 11:00:00,1.9591237,1.7483702,3.8225548,0.10802554,8.361249,1.3141725,6.1056757,228.2535
2025-01-26 12:00:00,2.0485222,1.9888071,3.8523803,0.09973528,8.9695835,1.3129139,6.0501695,225.84738
2025-01-26 13:00:00,2.0003736,2.125816,3.8069606,0.16179995,8.679557,1.5905119,5.8764305,223.25867
2025-01-26 14:00:00,1.8448119,2.1569998,3.659515,0.09607121,9.285038,1.3970978,5.573614,220.5393
2025-01-26 15:00:00,1.5130231,2.0809422,3.3493447,0.0928153,9.415359,1.2239195,5.3198624,216.02037
2025-01-26 16:00:00,0.9668014,2.112807,3.2030134,0.035245825,9.655741,1.3480623,5.0465794,204.58841
2025-01-26 17:00:00,0.46211615,2.354586,3.3578086,0.09389268,10.639962,1.4643612,5.5071898,191.10387
2025-01-26 18:00:00,0.03372316,2.753705,3.6604428,0.12921573,11.915199,1.7302101,6.287011,180.70163
2025-01-26 19:00:00,-0.3586166,3.266407,4.0170994,0.08878441,12.881184,1.8859336,7.1712165,173.73463
2025-01-26 20:00:00,-0.7175396,3.701095,4.320384,0.61932564,13.767011,1.953,7.757584,169.02805
2025-01-26 21:00:00,-0.96711236,4.112898,4.6458955,0.2953209,14.911477,2.1849394,8.012629,166.76779
2025-01-26 22:00:00,-1.002354,4.357461,4.830006,0.4916439,15.125097,2.3418155,7.596568,167.04552
2025-01-26 23:00:00,-1.0307522,4.4863243,4.9477425,0.82031375,15.209361,2.3007617,7.639246,167.06061
2025-01-27 00:00:00,-0.9978477,4.613619,5.0175824,0.101611935,15.416198,2.3941772,7.7525625,167.79587
2025-01-27 01:00:00,-1.1096089,4.70194,5.1080365,0.5688361,14.900084,2.3785539,8.363247,166.72174
2025-01-27 02:00:00,-1.3181825,4.8622756,5.3589716,1.0407624,13.557005,2.3737388,8.897605,164.83148
2025-01-27 03:00:00,-1.3797777,5.145319,5.670629,0.9052877,13.819385,2.4346092,9.219198,164.98865
2025-01-27 04:00:00,-1.2866434,5.3826766,5.9072366,1.0778764,14.079355,2.46355,9.619637,166.55661
2025-01-27 05:00:00,-1.1046208,5.6379647,6.1606507,0.54724497,13.419097,2.4748466,9.545947,168.91472
2025-01-27 06:00:00,-0.7428457,5.8984385,6.4212303,0.7658392,13.444982,2.5284388,9.610496,172.82199
2025-01-27 07:00:00,-0.11698666,6.0493355,6.5797577,0.67003506,13.610405,2.5626018,9.716174,178.89212
2025-01-27 08:00:00,0.5650965,6.0805836,6.639731,0.4958544,16.998806,2.6831043,9.867209,185.30951
2025-01-27 09:00:00,1.323921,6.029464,6.674733,0.44778693,17.959232,2.7584817,10.380308,192.38422
2025-01-27 10:00:00,1.7484094,5.452034,6.0705895,0.16547745,16.042011,2.0874171,9.758925,197.7805
2025-01-27 11:00:00,1.84427,5.297438,5.923986,0.15454601,14.637082,2.0150013,9.698903,199.19525
2025-01-27 12:00:00,2.004931,5.234581,5.926667,0.2538896,14.52183,2.1098666,9.938977,200.95767
2025-01-27 13:00:00,2.1171644,4.9687576,5.7618484,0.09979941,14.059408,2.2100444,9.031102,203.07863
2025-01-27 14:00:00,2.0683112,4.756899,5.5449767,0.046157293,13.564682,2.1310403,8.532059,203.49953
2025-01-27 15:00:00,1.7134482,4.4523187,5.089611,0.23945753,13.322373,1.9975355,7.7848377,201.04892
2025-01-27 16:00:00,1.4323974,4.2950377,4.852485,0.0748545,13.446838,1.9559073,7.1384115,198.44357
2025-01-27 17:00:00,1.2733468,4.3792434,4.842104,0.058774866,12.854811,2.0151381,6.69724,196.21278
2025-01-27 18:00:00,1.2232852,4.503205,4.8825817,0.3087511,12.866943,2.1636539,6.9624476,195.19754
2025-01-27 19:00:00,1.2458934,4.565846,4.902852,0.18289101,12.874683,2.092876,7.2575984,195.26286
2025-01-27 20:00:00,1.2956407,4.5729012,4.898119,0.07896245,12.542696,2.0889547,7.083945,195.81903
2025-01-27 21:00:00,1.1903579,4.5353866,4.8288283,0.3918743,12.359986,1.9142404,6.9286675,194.70618
2025-01-27 22:00:00,1.0642428,4.282894,4.6123247,0.37976077,12.803133,2.0349867,6.549721,193.95462
2025-01-27 23:00:00,0.845932,4.232004,4.4875827,0.08233,13.054751,2.0753286,6.559617,191.30383
2025-01-28 00:00:00,0.6237599,4.203441,4.3984165,0.30287284,12.31815,2.1977477,6.630072,188.44067
2025-01-28 01:00:00,0.5364607,4.157177,4.3653812,0.06406717,12.172041,2.0969996,6.900449,187.35307
2025-01-28 02:00:00,0.44477308,4.013725,4.2132125,0.15927202,12.641755,1.908561,7.003318,186.32333
2025-01-28 03:00:00,0.22886121,3.8108866,4.0588913,0.49684253,11.269526,1.9520553,6.7289743,183.43675
2025-01-28 04:00:00,0.06314829,3.699366,4.0090923,0.7732112,10.582352,1.9804492,6.6232195,180.97795
2025-01-28 05:00:00,0.12129789,3.7862623,4.1761513,0.33407694,11.814217,1.9743434,7.1004715,181.83493
2025-01-28 06:00:00,0.32442164,3.6208677,4.124263,0.5130049,11.685793,1.8798536,7.142343,185.1199
2025-01-28 07:00:00,0.47447163,3.4193957,4.012387,0.117267504,11.23938,1.9960995,6.630015,187.89986
2025-01-28 08:00:00,0.594148,3.354343,4.064275,0.05861692,11.213193,2.0692487,6.3806653,190.0445
2025-01-28 09:00:00,0.73174924,3.3330128,4.1281214,0.033960816,11.001527,2.1344547,6.467782,192.3826
2025-01-28 10:00:00,0.7636661,3.2013345,3.8737946,0.23335516,10.015487,1.6451865,6.312279,193.41696
2025-01-28 11:00:00,0.892195,3.1302,3.898107,0.05876526,9.801123,1.6363457,6.774076,195.90906
2025-01-28 12:00:00,1.2698641,3.2525387,4.189687,0.01481707,9.939436,1.5950706,7.533139,201.3268
2025-01-28 13:00:00,1.2030001,3.1884387,4.1370783,0.03610938,9.271792,1.6699733,7.159865,200.67152
2025-01-28 14:00:00,0.9113015,3.1006734,3.96744,0.1663311,8.536901,1.6024305,6.588718,196.3783
2025-01-28 15:00:00,0.63975894,3.2100942,3.9307623,0.23749894,8.591865,1.8240061,6.26528,191.27115
2025-01-28 16:00:00,0.4413015,3.2399223,3.827127,0.093391165,9.168132,1.9332473,6.1444983,187.75638
2025-01-28 17:00:00,0.35113153,3.39401,3.9142122,0.2270793,9.164543,2.0407255,6.198599,185.9066
2025-01-28 18:00:00,0.44148254,3.5264487,4.0443196,0.23818295,9.116696,2.1544504,6.4426713,187.13583
2025-01-28 19:00:00,0.5912183,3.7119124,4.221779,0.09326199,9.294872,2.2434974,6.582017,189.04984
2025-01-28 20:00:00,0.72791064,3.8162265,4.291913,0.057643976,9.38549,2.1852624,6.5871887,190.79895
2025-01-28 21:00:00,0.88753694,3.9416158,4.401718,0.22883736,9.679694,2.2750754,6.7481494,192.6897
2025-01-28 22:00:00,1.0546112,3.904371,4.3914404,0.29723454,9.639864,2.2685583,6.976742,195.11548
2025-01-28 23:00:00,1.0251844,3.872126,4.3265944,0.35597327,9.190388,2.3398232,6.4994464,194.82938
2025-01-29 00:00:00,1.0990543,3.9773707,4.462507,0.48131582,8.773745,2.4515078,6.9732246,195.44691
2025-01-29 01:00:00,1.2616597,3.978141,4.55132,0.51551044,8.399766,2.4282618,6.9370565,197.59633
2025-01-29 02:00:00,1.438465,3.9829626,4.6541266,0.4278224,8.22019,2.5126755,6.8506927,199.85742
2025-01-29 03:00:00,1.6795411,3.9446254,4.7858686,0.53609115,8.054817,2.8343785,6.733856,203.06332
2025-01-29 04:00:00,1.9787915,3.8364444,4.9265366,0.42038456,8.079946,3.0984454,6.7942,207.28415
2025-01-29 05:00:00,2.233116,3.6888213,5.0204053,0.5202134,8.4169855,3.0698977,6.9710655,211.18962
2025-01-29 06:00:00,2.5175295,3.5886908,5.129472,0.67313296,8.640413,3.2417016,6.972572,215.05034
2025-01-29 07:00:00,2.853771,3.5283186,5.239837,0.7962236,10.659542,3.39505,7.012674,218.96658
2025-01-29 08:00:00,3.2299862,3.5372608,5.4069586,0.22076532,11.707553,3.520465,7.0636444,222.4002
2025-01-29 09:00:00,3.6288564,3.4904966,5.5468397,0.8816441,12.1810465,3.2769537,7.1718745,226.11337
2025-01-29 10:00:00,3.760842,3.1857553,5.3242784,0.5606148,12.040191,3.7413871,6.7604456,229.73254
2025-01-29 11:00:00,4.213628,3.3058183,5.6841655,0.3943036,12.337647,3.7917874,7.2542424,231.88391
2025-01-29 12:00:00,4.5912175,3.224871,5.9001164,0.32671234,12.669058,3.8521214,7.3222604,234.9158
2025-01-29 13:00:00,4.6847534,2.9530272,5.79413,0.10371168,12.154545,3.3204181,7.3892407,237.77478
2025-01-29 14:00:00,4.5572066,2.7879548,5.563224,0.122214094,11.457072,2.7727587,7.426726,238.54303
2025-01-29 15:00:00,3.9177432,2.5428627,4.8984733,0.18830514,11.099673,2.0125089,7.4604583,237.01389
2025-01-29 16:00:00,3.2895348,2.4997373,4.4093013,0.14672191,11.072989,1.6405935,7.8016925,232.76859
2025-01-29 17:00:00,2.8764591,2.615156,4.260404,0.47790703,11.361504,1.6449808,8.185894,227.72421
2025-01-29 18:00:00,2.644137,2.675455,4.2279468,0.88337964,11.867934,1.7294493,8.670689,224.66269
2025-01-29 19:00:00,2.442676,2.7152958,4.1930313,0.6864521,12.046901,1.793218,8.986314,221.9745
2025-01-29 20:00:00,2.2671645,2.7387295,4.142626,0.5222759,11.687023,1.7470115,8.873003,219.6185
2025-01-29 21:00:00,2.0462089,2.7169263,4.0620427,0.42770925,11.524526,1.7633059,8.690035,216.98463
2025-01-29 22:00:00,1.9263475,2.6851084,3.9629385,0.50158393,12.119456,1.8616828,8.548287,215.65637
2025-01-29 23:00:00,1.6654742,2.6315167,3.7821972,0.42808393,12.123721,1.8139386,8.226092,212.32953
2025-01-30 00:00:00,1.5248908,2.6110191,3.7027717,0.076616906,11.872521,1.7855487,8.091088,210.28584
2025-01-30 01:00:00,1.4084332,2.5681784,3.6293633,0.10918127,11.145266,1.7404368,7.9684753,208.74112
2025-01-30 02:00:00,1.3242711,2.4609675,3.5241525,0.092202045,10.493003,1.6290646,7.817828,208.28514
2025-01-30 03:00:00,1.2648228,2.3695176,3.4414284,0.18914491,10.359219,1.562535,7.641127,208.09282
2025-01-30 04:00:00,1.2365483,2.2778325,3.3766854,0.120008856,10.33763,1.4861412,7.545573,208.49585
2025-01-30 05:00:00,1.2545801,2.15467,3.3236532,0.15276843,10.6568775,1.4205095,7.5574894,210.21057
2025-01-30 06:00:00,1.2389424,2.0369115,3.2532668,0.060351636,10.874733,1.3482151,7.2842665,211.30988
2025-01-30 07:00:00,1.217754,1.9250525,3.1370645,0.08679414,10.474832,1.2819756,6.9573903,212.31671
2025-01-30 08:00:00,1.2061496,1.9551173,3.1205113,0.05587547,10.373712,1.2441856,6.7893476,211.67123
2025-01-30 09:00:00,1.3100284,1.9389929,3.104049,0.022070313,10.411434,1.0629482,6.455018,214.04387
2025-01-30 10:00:00,1.366213,1.4674389,2.7437851,0.07390774,10.530214,0.77286804,6.0290403,222.9541
2025-01-30 11:00:00,1.5847073,1.3826017,2.8043532,0.080762535,10.097979,0.81396455,6.1178255,228.89644
2025-01-30 12:00:00,1.7770716,1.2250375,2.8698494,0.12065665,10.069101,0.79672956,6.055881,235.41928
2025-01-30 13:00:00,1.8496563,0.9797194,2.8257132,0.1180213,9.517801,0.81114763,5.8691897,242.09088
2025-01-30 14:00:00,1.8034602,0.82570094,2.7541249,0.084310964,9.1726265,0.7599766,5.6646695,245.39967
2025-01-30 15:00:00,1.7784828,0.6680545,2.7218146,0.07364322,8.9978075,1.0335557,5.5369873,249.41223
2025-01-30 16:00:00,1.8042161,0.61949366,2.7857215,0.120746635,8.63723,1.2772214,5.4395747,251.04964
2025-01-30 17:00:00,1.9583019,0.5566501,2.8783011,0.09301199,8.517981,1.4163164,5.53462,254.13213
2025-01-30 18:00:00,2.1525307,0.43639353,3.0076292,0.31754422,9.6368885,1.4457138,5.6175513,258.53946
2025-01-30 19:00:00,2.3974845,0.28156385,3.1840634,0.29034114,10.660617,1.5581739,5.6075406,263.3018
2025-01-30 20:00:00,2.6218975,0.07681811,3.3271546,0.12510696,10.900759,1.6393254,5.535558,268.32178
2025-01-30 21:00:00,2.811003,-0.0660953,3.4266264,0.4012737,10.730272,1.6903644,5.4156795,271.34695
2025-01-30 22:00:00,2.818977,-0.33217806,3.4270887,0.52369684,10.061499,1.7787892,5.679767,276.72052
2025-01-30 23:00:00,2.9349208,-0.40929517,3.4966946,0.36529198,10.740478,1.8783726,5.844118,277.9391
2025-01-31 00:00:00,3.0271578,-0.4050829,3.546892,0.2525588,11.216341,1.9978437,5.8063316,277.62183
2025-01-31 01:00:00,3.1675482,-0.4151797,3.6469545,0.59637135,11.709938,1.8950598,5.812292,277.46735
2025-01-31 02:00:00,3.26635,-0.40314052,3.7097049,0.46155992,11.663472,1.7895386,5.9642177,277.03598
2025-01-31 03:00:00,3.383596,-0.44897008,3.811149,0.47297063,11.812293,1.7786365,6.1519246,277.55844
2025-01-31 04:00:00,3.4544187,-0.42323798,3.871179,0.48893422,11.718345,1.8601905,6.431458,276.9851
2025-01-31 05:00:00,3.4574144,-0.3639489,3.88809,0.36857003,11.276306,1.8952546,6.633109,276.0092
2025-01-31 06:00:00,3.4303646,-0.24731033,3.879034,0.036985807,11.094874,1.7360849,6.832784,274.12357
2025-01-31 07:00:00,3.3867295,-0.1636868,3.8527927,0.21348223,10.92613,1.667132,7.091193,272.76706
2025-01-31 08:00:00,3.4208386,-0.098258354,3.9119103,0.23048562,10.705907,1.5541745,7.187328,271.6453
2025-01-31 09:00:00,3.5081363,-0.21948984,4.0323625,0.31102198,10.428491,1.5559853,6.9262753,273.5801
2025-01-31 10:00:00,3.0763261,-0.3072081,3.7599556,0.2615373,9.685867,1.4016813,6.675183,275.70276
2025-01-31 11:00:00,3.03512,-0.3795566,3.7287936,0.449124,9.197737,1.3780811,6.3272386,277.1281
2025-01-31 12:00:00,2.9717507,-0.40828067,3.652745,0.5078295,9.006912,1.2755558,6.1668096,277.82272
2025-01-31 13:00:00,2.8426769,-0.55284035,3.5605996,0.3988547,9.162528,1.289616,6.0557537,281.00543
2025-01-31 14:00:00,2.5533023,-0.59487957,3.3342822,0.19066398,8.993638,1.1574675,5.741474,283.11505
2025-01-31 15:00:00,2.075326,-0.5525224,2.8908653,0.036744446,8.673503,0.9220781,5.393348,284.90826
2025-01-31 16:00:00,1.7637165,-0.4294483,2.6668155,0.09540354,8.081828,1.0419981,5.039316,283.6847
2025-01-31 17:00:00,1.6173446,-0.3281081,2.7180042,0.15594906,8.11441,1.246075,4.906372,281.46786
2025-01-31 18:00:00,1.4995039,-0.2869481,2.7318442,0.30621532,8.472664,1.2921351,4.8483734,280.83325
2025-01-31 19:00:00,1.3709807,-0.29688326,2.7049193,0.22360486,8.986667,1.2279222,4.793663,282.21863
2025-01-31 20:00:00,1.2436622,-0.37482348,2.6354127,0.15241617,9.111831,1.1774274,4.7019744,286.77213
2025-01-31 21:00:00,1.0835221,-0.3919822,2.5934994,0.04398741,8.788523,1.1948453,4.590404,289.88843
2025-01-31 22:00:00,0.90199816,-0.36085346,2.5531487,0.06542116,8.209029,1.2465436,4.3807783,291.80438
2025-01-31 23:00:00,0.7910494,-0.31305757,2.5196917,0.1914154,7.8204136,1.2336166,4.18556,291.59116
2025-02-01 00:00:00,0.74582404,-0.26102057,2.5124583,0.14653419,8.109566,1.2224224,4.133535,289.28882
2025-02-01 01:00:00,0.62793136,-0.2341523,2.496456,0.008017532,8.310662,1.2567575,4.046753,290.45023
2025-02-01 02:00:00,0.5137552,-0.211686,2.4811876,0.117776655,8.414027,1.3031001,4.0369687,292.39346
2025-02-01 03:00:00,0.42712814,-0.22726688,2.457247,0.15824348,8.066915,1.3169416,3.9038332,298.0166
2025-02-01 04:00:00,0.36841935,-0.25889462,2.4108138,0.15695809,7.6925707,1.283125,3.8044984,305.09637
2025-02-01 05:00:00,0.26570335,-0.24144682,2.4031968,0.017256469,6.877242,1.2563157,3.7256546,312.2617
2025-02-01 06:00:00,0.15131316,-0.2523849,2.366272,0.057874803,6.077822,1.2048424,3.746233,329.0559
2025-02-01 07:00:00,0.048027243,-0.24335006,2.387859,0.29826674,6.0659113,1.2034476,3.819365,348.83563
2025-02-01 08:00:00,-0.029955065,-0.30178544,2.4539967,0.04148078,6.0432177,1.218391,3.9961653,5.668579
2025-02-01 09:00:00,-0.18828025,-0.30228528,2.4742491,0.16095552,5.985047,1.0221777,4.1508904,31.916962
2025-02-01 10:00:00,-0.36823747,-0.27059564,2.4655573,0.12594938,5.7636986,0.8702783,4.2985854,53.690063
2025-02-01 11:00:00,-0.55774957,-0.30889976,2.5204134,0.10579968,5.450764,0.79733837,4.208607,61.020874
2025-02-01 12:00:00,-0.67056066,-0.33997902,2.5682726,0.052210193,4.9606295,0.81733316,4.1003222,63.114685
2025-02-01 13:00:00,-0.71213883,-0.40186414,2.5647616,0.12090794,5.0018306,0.9523438,3.9865427,60.56372
2025-02-01 14:00:00,-0.69130975,-0.5171958,2.4997032,0.13334209,4.930001,0.98934287,3.7937095,53.198395
2025-02-01 15:00:00,-0.5429316,-0.5520094,2.194807,0.049733777,4.980264,1.0095711,3.5091693,44.524963
2025-02-01 16:00:00,-0.5010335,-0.5667329,2.0644436,0.17531042,5.017028,1.1138428,3.1906111,41.479034
2025-02-01 17:00:00,-0.59277016,-0.54347515,2.1236358,0.14317667,4.6271467,1.1982534,3.228506,47.48416
2025-02-01 18:00:00,-0.6055661,-0.45161107,2.1619666,0.1257463,5.0439115,1.2747161,3.362805,53.285645
2025-02-01 19:00:00,-0.56234825,-0.33739823,2.1774871,0.06089102,5.5040617,1.229774,3.4302433,59.03705
2025-02-01 20:00:00,-0.5134492,-0.26048857,2.1557126,0.067090996,5.533968,1.194354,3.329108,63.099915
2025-02-01 21:00:00,-0.48547238,-0.1603975,2.1070137,0.013229801,5.4570127,1.131453,3.2636268,71.716736
2025-02-01 22:00:00,-0.3789545,-0.061849646,2.036454,0.09378465,6.169379,1.0173503,3.224714,80.73041
2025-02-01 23:00:00,-0.43232355,0.012989766,2.0142562,0.030428167,6.6783977,0.9618559,3.220746,91.72102
2025-02-02 00:00:00,-0.49161592,0.043904483,2.0308204,0.13904816,6.4787035,0.98058766,3.2393744,95.10336
2025-02-02 01:00:00,-0.54370326,0.061696645,1.997479,0.10978902,6.140961,1.0231595,3.2031262,96.47394
2025-02-02 02:00:00,-0.55252075,0.10240792,1.9139322,0.051306374,6.263783,0.8790779,3.050957,100.50044
2025-02-02 03:00:00,-0.57202476,0.12749213,1.8895572,0.034900453,6.4650655,0.82384807,2.914034,102.56465
2025-02-02 04:00:00,-0.5223616,0.16182646,1.8331819,0.053953156,6.828219,0.79165596,2.7384531,107.212875
2025-02-02 05:00:00,-0.52588385,0.17935263,1.7895318,0.13131623,7.270393,0.7796467,2.6103077,108.83194
2025-02-02 06:00:00,-0.5611461,0.26753893,1.8190262,0.1011847,7.896979,0.9015892,2.6194243,115.490524
2025-02-02 07:00:00,-0.5876832,0.3952744,1.9033626,0.014501896,8.293803,0.9536778,2.7913983,123.9247
2025-02-02 08:00:00,-0.63341665,0.50527996,1.9987462,0.09924837,8.345632,0.86061454,3.0370598,128.57956
2025-02-02 09:00:00,-0.64335424,0.6099779,2.003377,0.041887064,8.454922,0.6898306,3.2117808,133.47458
2025-02-02 10:00:00,-0.4492831,0.7024037,1.911462,0.006287528,8.530034,0.5400629,3.1431885,147.39554
2025-02-02 11:00:00,-0.4859413,0.6308561,1.8771232,0.0548788,8.145309,0.5264007,3.1773975,142.39336
2025-02-02 12:00:00,-0.39594412,0.561834,1.8520613,0.06475704,7.9076204,0.6296757,3.3048718,144.82631
2025-02-02 13:00:00,-0.3725747,0.36610743,1.866792,0.06655409,7.6500077,0.6940571,3.4559062,134.49838
2025-02-02 14:00:00,-0.42310023,0.19733615,1.8457,0.011354528,7.069913,0.7206718,3.3745954,115.00461
2025-02-02 15:00:00,-0.53727597,0.0119369095,1.7238467,0.12954247,6.861645,0.9244772,3.1480231,91.272766
2025-02-02 16:00:00,-0.7255344,0.025399286,1.884628,0.056219447,7.26936,1.050059,3.0489511,92.004974
2025-02-02 17:00:00,-0.87227446,0.18153752,1.95496,0.1070691,7.605024,1.025038,3.100525,101.75656
2025-02-02 18:00:00,-0.81804514,0.40103438,1.9409702,0.063814946,7.911752,1.0270164,2.9891808,116.11572
2025-02-02 19:00:00,-0.6051825,0.64016515,1.9108621,0.1399232,7.9411387,0.9663967,2.9474115,136.60907
2025-02-02 20:00:00,-0.38237578,0.7548193,1.8802253,0.112291425,7.9024267,0.8842131,2.9356723,153.13419
2025-02-02 21:00:00,-0.1437646,0.8109312,1.828645,0.049167883,8.112806,0.8141747,2.8969276,169.94687
2025-02-02 22:00:00,0.11358478,0.8098982,1.7060616,0.0025646116,7.850304,0.68524075,2.8003547,187.98343
2025-02-02 23:00:00,0.19907482,0.7250255,1.6774182,0.030457957,7.742621,0.66745013,2.8648815,195.35368
2025-02-03 00:00:00,0.25758487,0.6904746,1.6957937,0.027387146,7.7336526,0.6632183,2.878436,200.45828
2025-02-03 01:00:00,0.21561287,0.72476447,1.6895542,0.042855594,7.368727,0.5923323,3.0475163,196.56741
2025-02-03 02:00:00,0.1375683,0.84052914,1.6787637,0.047185395,7.2590127,0.57046705,3.11133,189.29512
2025-02-03 03:00:00,0.15858541,0.90997064,1.6221287,0.01884164,7.1792893,0.5581855,2.7168958,189.88596
2025-02-03 04:00:00,0.21789056,0.9752882,1.642638,0.007971166,7.103436,0.5655288,2.5481112,192.59372
2025-02-03 05:00:00,0.29023948,1.0148299,1.6677494,0.08996314,7.042853,0.592065,2.600126,195.96045
2025-02-03 06:00:00,0.23095661,1.0487349,1.6883872,0.09642408,6.9515767,0.66566396,2.8941128,192.41966
2025-02-03 07:00:00,0.15500043,1.0803862,1.7022097,0.042071424,6.9172473,0.6349729,3.3381839,188.16438
2025-02-03 08:00:00,0.06506966,1.2413598,1.7885251,0.020522306,6.6489673,0.5767709,3.7236004,183.0006
2025-02-03 09:00:00,0.13041976,1.3197157,1.7348703,0.023124235,7.0950527,0.46140903,4.0913553,185.64389
2025-02-03 10:00:00,0.2715413,1.363791,1.787173,0.022278836,7.997153,0.47331578,3.964011,191.26077
2025-02-03 11:00:00,0.44837868,1.4200894,1.8983538,0.08377571,8.451607,0.5160929,3.9341626,197.52298
2025-02-03 12:00:00,0.55627483,1.4647831,1.9573948,0.015799398,8.644088,0.5629677,3.8382804,200.79507
2025-02-03 13:00:00,0.58613753,1.353059,1.9076654,0.041825812,8.502998,0.5496541,3.5235922,203.422
2025-02-03 14:00:00,0.5081164,1.2505807,1.8704631,0.102393754,8.165062,0.6717223,3.4493232,202.11212
2025-02-03 15:00:00,0.28439125,1.1818064,1.8177779,0.20606326,8.190478,0.7804192,3.5037537,193.53047
2025-02-03 16:00:00,0.1935594,1.3610213,2.0700324,0.06768146,8.236964,0.87919676,3.7237482,188.09412
2025-02-03 17:00:00,0.19384353,1.4198744,2.1003191,0.05511382,8.15673,0.8643578,3.6497061,187.77405
2025-02-03 18:00:00,0.25054026,1.5674682,2.134793,0.13063876,8.037069,0.8117542,3.8215,189.0812
2025-02-03 19:00:00,0.3396454,1.731484,2.2032547,0.076547295,8.218545,0.7559381,4.2873673,191.09814
2025-02-03 20:00:00,0.50719017,1.8061289,2.2288206,0.0748553,8.311868,0.715686,4.553378,195.68561
2025-02-03 21:00:00,0.6093894,1.8177693,2.2661684,0.08374672,8.2344675,0.7655494,4.689052,198.53323
2025-02-03 22:00:00,0.8846543,1.8460479,2.3102162,0.07038638,8.24896,0.890179,4.754614,205.60446
2025-02-03 23:00:00,0.87354136,1.7702764,2.2446785,0.13295467,8.500056,0.7412778,4.631423,206.26399
2025-02-04 00:00:00,0.8742049,1.7658601,2.233832,0.02403346,8.619189,0.69157195,4.5112643,206.33813
2025-02-04 01:00:00,0.88586634,1.7923733,2.2416506,0.050198272,8.82988,0.7226235,4.2874794,206.30052
2025-02-04 02:00:00,0.80696434,1.8508792,2.233155,0.06669772,8.947848,0.6659455,4.323753,203.5567
2025-02-04 03:00:00,0.71129173,1.9333372,2.2606,0.13368261,8.850682,0.66622144,4.4045897,200.199
2025-02-04 04:00:00,0.69400233,2.0121646,2.3265216,0.07481548,9.303499,0.7545278,4.466859,199.02948
2025-02-04 05:00:00,0.69400394,2.1217837,2.4312875,0.008297891,9.944402,0.8017436,4.683266,198.11215
2025-02-04 06:00:00,0.73629844,2.1907756,2.528053,0.023987696,9.898289,0.8178155,5.0633636,198.577
2025-02-04 07:00:00,0.79109603,2.3039465,2.6513925,0.048114274,10.51794,0.819388,5.320832,198.95071
2025-02-04 08:00:00,0.9116112,2.4946759,2.862918,0.038576078,10.429179,0.8194982,5.686415,200.07346
2025-02-04 09:00:00,1.073149,2.465687,2.8748863,0.040004358,10.462447,0.71088475,5.96208,203.5203
2025-02-04 10:00:00,1.0949962,2.3481846,2.7911556,0.038527645,10.871222,0.67183673,5.981113,205.0004
2025-02-04 11:00:00,1.1703689,2.3233812,2.8102336,0.0634628,11.625128,0.59226,5.630253,206.73601
2025-02-04 12:00:00,1.2004663,2.28958,2.7999055,0.04195887,11.439461,0.54566264,5.3874593,207.6688
2025-02-04 13:00:00,1.196146,2.2371204,2.756485,0.014868435,11.382235,0.42001113,5.364121,208.13258
2025-02-04 14:00:00,1.0381321,2.17046,2.6544945,0.027332956,11.75131,0.3905206,5.4955435,205.56181
2025-02-04 15:00:00,0.8514355,2.091407,2.6075966,0.042123735,11.984178,0.44832316,5.7054925,202.1518
2025-02-04 16:00:00,0.7688768,2.1444418,2.760384,0.058861695,11.567846,0.73907995,5.856331,199.72499
2025-02-04 17:00:00,0.79861575,2.3119218,2.9182298,0.04374762,11.718221,0.7740816,6.2092547,199.05664
2025-02-04 18:00:00,0.9582631,2.4534297,2.977094,0.034959782,12.612992,0.7231569,6.388364,201.33469
2025-02-04 19:00:00,1.1351846,2.5523856,3.0495715,0.0522785,13.044679,0.7075329,6.5972857,203.97733
2025-02-04 20:00:00,1.3213489,2.5905774,3.1142755,0.12331315,13.047587,0.8847221,6.6274548,207.02429
2025-02-04 21:00:00,1.4876065,2.5774722,3.1637917,0.07857588,13.524178,0.9925446,6.6513577,209.9917
2025-02-04 22:00:00,1.5489073,2.4801764,3.1186218,0.17999052,12.663087,1.011028,6.0375314,211.9854
2025-02-04 23:00:00,1.667012,2.5161965,3.1632073,0.15230086,12.768836,0.99285865,6.2895207,213.52498
2025-02-05 00:00:00,1.8642182,2.5133023,3.2810707,0.19360392,12.376926,1.0828006,6.641308,216.56583
2025-02-05 01:00:00,2.0817454,2.3674932,3.3245456,0.15737282,11.229025,1.1348568,6.7882056,221.32529
2025-02-05 02:00:00,2.299761,2.1782944,3.3503675,0.14448825,11.048708,1.1175709,6.826054,226.55376
2025-02-05 03:00:00,2.4621944,1.9805843,3.3521307,0.14105076,11.044156,1.1045308,7.0813346,231.18687
2025-02-05 04:00:00,2.5804038,1.8149624,3.3578312,0.07975626,10.908266,1.1604314,7.160059,234.87885
2025-02-05 05:00:00,2.6408193,1.6425934,3.3149045,0.10662166,10.631421,1.1387043,7.11312,238.11833
2025-02-05 06:00:00,2.731868,1.4583212,3.298785,0.009447606,10.4768505,1.0720487,7.235506,241.90588
2025-02-05 07:00:00,2.723001,1.285258,3.2229333,0.057033274,9.960612,0.9860064,7.159989,244.73267
2025-02-05 08:00:00,2.8227913,1.1516814,3.2665625,0.021914538,10.212257,1.0428126,7.0969934,247.80484
2025-02-05 09:00:00,2.798932,0.8795265,3.123812,0.09574277,9.843214,0.8883105,6.772469,252.55539
2025-02-05 10:00:00,2.435148,0.64203745,2.7588618,0.048957657,9.411077,0.5143061,6.4035387,255.22984
2025-02-05 11:00:00,2.545583,0.5144266,2.8603082,0.03543873,9.070929,0.5922208,6.473484,258.5752
2025-02-05 12:00:00,2.6069646,0.2939251,2.951693,0.07324805,9.264548,0.6788067,6.3633327,263.5673
2025-02-05 13:00:00,2.6368017,0.035808668,2.9905398,0.060327265,9.16137,0.6943269,6.2393665,269.22195
2025-02-05 14:00:00,2.4551713,-0.14584722,2.856951,0.03256443,9.190767,0.7089739,6.090134,273.3996
2025-02-05 15:00:00,2.2396703,-0.25205582,2.6715753,0.11277786,8.914847,0.8923955,5.858782,276.42114
2025-02-05 16:00:00,2.0245733,-0.43664634,2.6570156,0.021847006,8.702855,1.1834311,5.493917,282.17075
2025-02-05 17:00:00,1.8796742,-0.48656195,2.6256404,0.04906609,8.678489,1.2203021,5.129295,284.51273
2025-02-05 18:00:00,1.7702258,-0.51144946,2.558124,0.09348661,8.526788,1.2125053,4.9302797,286.11493
2025-02-05 19:00:00,1.6266582,-0.54686016,2.487416,0.14682128,8.101391,1.2379224,4.7603207,288.58194
2025-02-05 20:00:00,1.4931064,-0.5908706,2.4507384,0.13574857,7.7726207,1.1699938,4.6233444,291.5903
2025-02-05 21:00:00,1.293478,-0.64274967,2.3740728,0.24229892,7.6078563,1.127129,4.4122887,296.4235
2025-02-05 22:00:00,1.0776424,-0.7274958,2.2388444,0.042094387,6.970132,1.0209172,4.239771,304.02252
2025-02-05 23:00:00,0.9783544,-0.8277555,2.2170386,0.08509456,6.785226,1.0547391,4.213002,310.23352
2025-02-06 00:00:00,0.81161994,-0.9651543,2.1783526,0.12707277,6.208688,1.0006878,3.9448733,319.93878
2025-02-06 01:00:00,0.66692907,-1.0899068,2.1548483,0.06309102,5.932809,0.9502655,3.8713863,328.53696
2025-02-06 02:00:00,0.43235326,-1.196807,2.1349168,0.07876275,5.6031637,0.9142983,3.777014,340.13745
2025-02-06 03:00:00,0.28600332,-1.3429582,2.1584904,0.10512028,5.7278385,0.9554532,3.8685105,347.9776
2025-02-06 04:00:00,0.089119166,-1.475675,2.1944199,0.024659699,5.7127566,0.9537019,3.914999,356.54398
2025-02-06 05:00:00,-0.15063353,-1.5633281,2.2379959,0.053598713,5.6419263,0.9969098,3.912205,5.5036926
2025-02-06 06:00:00,-0.32740536,-1.6647034,2.3196175,0.06932655,5.989162,1.0093793,4.066201,11.126617
2025-02-06 07:00:00,-0.55552095,-1.7657533,2.4124095,0.09304814,6.2342477,1.1083156,4.2833714,17.46402
2025-02-06 08:00:00,-0.7661335,-1.95011,2.6189623,0.059535112,6.493385,1.1968693,4.5518074,21.448212
2025-02-06 09:00:00,-1.1566204,-2.1409364,2.912702,0.20861214,6.6145344,1.3453044,4.795165,28.3797
2025-02-06 10:00:00,-1.6550664,-2.206646,3.120816,0.3656518,6.356306,1.4401152,4.7699676,36.871246
2025-02-06 11:00:00,-1.8886843,-2.271334,3.2178135,0.17288674,6.1416626,1.768975,4.834392,39.744568
2025-02-06 12:00:00,-2.1665199,-2.3786213,3.41853,0.4036049,6.171105,1.9825501,4.9872456,42.328186
2025-02-06 13:00:00,-2.4489627,-2.4330704,3.623681,0.40111518,6.8040133,2.2267969,5.0774436,45.186493
2025-02-06 14:00:00,-2.5629697,-2.3950472,3.6591372,0.5759499,6.985567,2.407558,5.0689163,46.93979
2025-02-06 15:00:00,-2.4231765,-2.2660058,3.4543495,0.49997884,7.606516,2.1845353,5.164483,46.919678
2025-02-06 16:00:00,-2.456199,-2.2227833,3.4375954,0.42264637,8.364275,2.1552413,5.091861,47.855896
2025-02-06 17:00:00,-2.7428308,-2.2205167,3.6301339,0.20674568,8.875634,2.4030707,5.200385,51.007385
2025-02-06 18:00:00,-3.0833983,-2.1287045,3.8311055,0.50909215,9.182635,2.5984015,5.5412693,55.3797
2025-02-06 19:00:00,-3.399838,-1.9970295,4.017091,0.35348788,9.33452,2.707952,5.815456,59.570435
2025-02-06 20:00:00,-3.666391,-1.8297733,4.168558,0.3298912,9.164344,2.842237,6.023942,63.477722
2025-02-06 21:00:00,-3.907682,-1.6177083,4.2993884,0.16356124,8.8757,3.009163,6.15702,67.51135
2025-02-06 22:00:00,-4.037916,-1.5267981,4.401667,0.5839008,9.069143,3.0759215,6.3279696,69.2876
2025-02-06 23:00:00,-4.2557406,-1.4127618,4.567498,0.5743536,9.04264,3.1193202,6.1383524,71.63556
2025-02-07 00:00:00,-4.3912377,-1.3279461,4.679073,0.32468793,9.621723,2.9542913,6.306287,73.174255
2025-02-07 01:00:00,-4.531081,-1.1793786,4.7926035,0.16014266,10.31343,2.863768,6.354554,75.4104
2025-02-07 02:00:00,-4.587942,-1.1176568,4.856377,0.1573559,10.3606615,3.055315,6.5736775,76.30899
2025-02-07 03:00:00,-4.694069,-1.0037664,4.94231,0.25455767,10.989648,2.9315636,6.74005,77.92981
2025-02-07 04:00:00,-4.7532377,-0.9649819,5.001137,0.71686345,11.395196,2.778581,6.7007046,78.52399
2025-02-07 05:00:00,-4.807183,-0.8673384,5.040398,0.5424933,11.4463005,2.6189542,6.702148,79.7724
2025-02-07 06:00:00,-4.873207,-0.80242383,5.0990458,0.431304,11.233193,2.5112572,7.0113964,80.649536
2025-02-07 07:00:00,-4.965538,-0.69080704,5.1729536,0.27091685,11.22905,2.474002,7.3343983,82.079834
2025-02-07 08:00:00,-5.0796824,-0.5880997,5.264967,0.24642372,11.444402,2.6353366,7.6828723,83.395996
2025-02-07 09:00:00,-5.4779506,-0.3760541,5.636438,0.23728034,11.467517,2.6795273,8.504603,86.072876
2025-02-07 10:00:00,-5.6908236,-0.009578808,5.8896585,0.4536008,13.4110365,2.5263023,9.268016,89.903564
2025-02-07 11:00:00,-5.670685,0.19181329,5.8510666,0.168663,13.203815,2.5514896,9.210297,91.93732
2025-02-07 12:00:00,-5.5296493,0.19311152,5.7048855,0.3945389,13.165732,2.4663284,9.186281,92.00014
2025-02-07 13:00:00,-5.4810257,0.15259531,5.6356144,0.142724,13.244539,2.5019722,8.953231,91.59474
2025-02-07 14:00:00,-5.3323884,0.0040984284,5.467218,0.06529967,13.378035,2.668528,8.824783,90.04405
2025-02-07 15:00:00,-5.1423936,-0.12105004,5.2649565,0.14914677,13.84755,2.7788424,8.31508,88.65152
2025-02-07 16:00:00,-4.900374,-0.16467161,5.030767,0.41386434,14.198984,2.4541469,8.185975,88.07538
2025-02-07 17:00:00,-4.963838,-0.001607534,5.1058645,0.79297274,13.971775,2.5131843,8.153807,89.981445
2025-02-07 18:00:00,-4.9799066,0.33797807,5.1645145,1.0685049,13.757265,2.5320804,8.099838,93.88263
2025-02-07 19:00:00,-4.881463,0.66678107,5.1250796,0.88825065,13.924131,2.4523482,8.320025,97.77815
2025-02-07 20:00:00,-4.7138424,0.9000764,5.0223894,0.60470945,13.786372,2.399768,8.287463,100.810135
2025-02-07 21:00:00,-4.505499,1.0474486,4.8641143,0.22733863,13.55737,2.3260355,8.243533,103.08778
2025-02-07 22:00:00,-4.1943088,0.9627599,4.5403876,0.08692416,13.506303,2.1509874,7.597844,102.92772
2025-02-07 23:00:00,-4.1605062,0.9552427,4.5440235,0.107689135,12.439622,2.0818758,7.8953013,102.93088
2025-02-08 00:00:00,-4.148052,1.0131267,4.540517,0.050703954,12.259124,1.976277,8.068612,103.72531
2025-02-08 01:00:00,-4.122673,1.0671556,4.5244555,0.06310377,12.892695,1.9274988,8.308546,104.51251
2025-02-08 02:00:00,-4.0957074,1.1228898,4.4903274,0.19065486,13.253113,1.8942237,8.603952,105.33165
2025-02-08 03:00:00,-4.0617237,1.2074156,4.460041,0.13721456,13.485036,1.8520178,8.779649,106.55548
2025-02-08 04:00:00,-4.03189,1.2896502,4.4362154,0.108431324,13.708865,1.8166869,9.006268,107.73753
2025-02-08 05:00:00,-3.9880528,1.3691814,4.414482,0.1771448,13.634492,1.8103521,9.045402,108.948425
2025-02-08 06:00:00,-3.8891816,1.4396173,4.346379,0.22735395,13.272251,1.8229487,8.993166,110.312515
2025-02-08 07:00:00,-3.8155596,1.4778467,4.2987432,0.13498825,13.129716,1.8968029,9.056819,111.17244
2025-02-08 08:00:00,-3.807069,1.5395215,4.316841,0.24427544,12.935561,2.0607896,8.823778,112.017685
2025-02-08 09:00:00,-3.7354848,1.6462535,4.269164,0.2646916,12.47589,1.8695395,8.624696,113.78342
2025-02-08 10:00:00,-3.5659919,1.8173733,4.1695604,0.12110493,12.375698,1.8678045,8.018917,117.00523
2025-02-08 11:00:00,-3.466079,1.644605,4.017583,0.04898451,11.739129,1.766284,7.7010703,115.38368
2025-02-08 12:00:00,-3.4143405,1.5305068,3.9430947,0.014032811,11.321717,1.7930274,7.3067923,114.14473
2025-02-08 13:00:00,-3.4056385,1.3649544,3.882834,0.009732405,11.203154,1.7378289,7.0000415,111.84056
2025-02-08 14:00:00,-3.4097142,1.1616516,3.835455,0.085948,11.073837,1.8375492,6.9045143,108.813416
2025-02-08 15:00:00,-3.1648943,0.83888656,3.5318184,0.25847235,10.9162245,1.6854925,6.965255,104.84544
2025-02-08 16:00:00,-3.0981853,0.63897043,3.4527016,0.24081154,10.48789,1.7958181,6.5936446,101.65332
2025-02-08 17:00:00,-3.1109154,0.76899594,3.5426364,0.10365022,10.499199,2.0001347,6.5068617,103.884766
2025-02-08 18:00:00,-2.997589,0.91438997,3.5095847,0.25358808,10.359672,1.9029354,6.41464,106.96391
2025-02-08 19:00:00,-2.7978706,1.0124784,3.3497748,0.2992302,9.9195795,1.7511231,6.199919,109.89392
2025-02-08 20:00:00,-2.5907295,0.9879732,3.1758265,0.27125373,9.251283,1.6108077,5.9210277,110.87433
2025-02-08 21:00:00,-2.403701,0.9085219,3.0025573,0.22271802,8.759527,1.5605016,5.4974585,110.705
2025-02-08 22:00:00,-2.3432426,0.7959215,2.9093735,0.04490014,8.122126,1.5202733,5.172581,108.760925
2025-02-08 23:00:00,-2.2148335,0.5690522,2.7858517,0.1867365,7.8634267,1.4655485,4.851148,104.40921
2025-02-09 00:00:00,-2.1676629,0.4256563,2.713576,0.053405214,7.9755316,1.4281659,4.76984,101.10962
2025-02-09 01:00:00,-2.1227288,0.28585732,2.6573632,0.13776411,7.793837,1.3632634,4.8756704,97.66962
2025-02-09 02:00:00,-2.0834622,0.17727372,2.6384203,0.093483716,7.8325377,1.2131175,5.0169444,94.86337
2025-02-09 03:00:00,-2.039903,0.089312576,2.6220744,0.36431667,8.223355,1.1701608,5.1484933,92.50697
2025-02-09 04:00:00,-2.0203214,0.0066891233,2.6201751,0.11811726,8.492699,1.1626432,5.2513423,90.18971
2025-02-09 05:00:00,-2.0032208,-0.031099474,2.5901499,0.2206481,8.653226,1.0663084,5.320734,89.110535
2025-02-09 06:00:00,-2.0190284,-0.06113702,2.577909,0.019130226,8.700736,1.0382717,5.312454,88.265564
2025-02-09 07:00:00,-2.0243278,-0.14251667,2.5613277,0.08671843,8.76553,0.95500565,5.53086,85.9729
2025-02-09 08:00:00,-2.1044984,-0.23844497,2.654374,0.049043983,9.054698,0.8882951,5.8204837,83.5358
2025-02-09 09:00:00,-2.0893934,-0.33692768,2.5742714,0.039753783,9.425325,0.5814637,6.125054,80.83954
2025-02-09 10:00:00,-2.17819,-0.5252702,2.6218786,0.03194851,9.913663,0.52992845,6.7355824,76.441956
2025-02-09 11:00:00,-2.1867638,-0.728914,2.6544294,0.028479053,9.852249,0.5345878,6.8397737,71.565186
2025-02-09 12:00:00,-2.135706,-0.96785384,2.683059,0.07956879,9.752703,0.61514914,6.7737617,65.62103
2025-02-09 13:00:00,-2.2419288,-1.2146533,2.8300629,0.06318444,10.001447,0.679715,6.9137564,61.551636
2025-02-09 14:00:00,-2.3636863,-1.4557532,3.0065851,0.14186442,10.305868,0.7400632,7.42503,58.371796
2025-02-09 15:00:00,-2.2743812,-1.5161306,2.9154923,0.16207473,10.649694,0.7485571,7.871851,56.312073
2025-02-09 16:00:00,-2.4403906,-1.6581433,3.1471846,0.21190074,11.08198,1.0038362,7.957756,55.805542
2025-02-09 17:00:00,-2.7027419,-1.5958569,3.3198922,0.04693955,11.172304,1.2716336,8.292644,59.43988
2025-02-09 18:00:00,-2.857864,-1.4743834,3.3937554,0.08954222,11.448394,1.2932038,8.489617,62.7106
2025-02-09 19:00:00,-2.9126852,-1.2989593,3.3875592,0.20219614,11.523426,1.3167077,8.673266,65.96472
2025-02-09 20:00:00,-2.905012,-1.2130375,3.3563874,0.19704984,11.513173,1.1928389,8.851218,67.33618
2025-02-09 21:00:00,-2.8556955,-1.128154,3.30926,0.16458756,11.6301,1.1511103,8.770604,68.4433
2025-02-09 22:00:00,-2.8444264,-1.1869363,3.3487875,0.156425,12.270385,1.2171127,8.553073,67.349976
2025-02-09 23:00:00,-2.8739603,-1.1546808,3.3648272,0.12063191,12.252942,1.188623,8.380225,68.11102
2025-02-10 00:00:00,-2.9426851,-1.1357075,3.4081213,0.10291079,12.108311,1.2026193,8.63265,68.89627
2025-02-10 01:00:00,-2.9769752,-1.1191208,3.444355,0.050981022,12.342687,1.2363732,8.701715,69.39746
2025-02-10 02:00:00,-3.0736735,-1.1162893,3.5285442,0.06723917,12.6486635,1.200978,9.0518675,70.0401
2025-02-10 03:00:00,-3.1505144,-1.0726129,3.5805168,0.059883554,12.629641,1.1537488,9.180776,71.19852
2025-02-10 04:00:00,-3.268136,-0.99623644,3.6643162,0.1757026,12.791571,1.1723673,9.253366,73.04703
2025-02-10 05:00:00,-3.3628886,-0.88958573,3.7092166,0.04911143,12.774486,1.2158675,9.292818,75.18292
2025-02-10 06:00:00,-3.4581258,-0.7889982,3.7552626,0.084609464,12.353767,1.2117363,9.334487,77.14752
2025-02-10 07:00:00,-3.5863945,-0.6714387,3.8349907,0.17866401,12.367776,1.1958995,9.450131,79.395935
2025-02-10 08:00:00,-3.801077,-0.55096686,4.029347,0.04140192,12.602726,1.3183788,9.632361,81.75238
2025-02-10 09:00:00,-4.041034,-0.38541928,4.220753,0.020070465,12.855521,1.2514365,9.991434,84.55182
2025-02-10 10:00:00,-4.122382,-0.14810428,4.3146505,0.15332639,13.394495,1.2568554,10.011132,87.94241
2025-02-10 11:00:00,-4.2638116,-0.10013024,4.449654,0.057233784,13.782242,1.3652929,10.1522455,88.654724
2025-02-10 12:00:00,-4.361881,-0.14976996,4.5657897,0.09377161,13.881291,1.6041381,10.165544,88.03345
2025-02-10 13:00:00,-4.4806466,-0.2458327,4.7074223,0.08542156,13.731056,1.6869329,10.212155,86.85959
2025-02-10 14:00:00,-4.675525,-0.3227003,4.885771,0.12498519,13.8702545,1.7607841,10.398602,86.05176
2025-02-10 15:00:00,-4.6473637,-0.3718538,4.8421726,0.14789729,14.050767,1.6916429,10.543349,85.42529
2025-02-10 16:00:00,-4.663556,-0.34246784,4.8467364,0.24314985,14.418558,1.8402597,10.408387,85.80002
2025-02-10 17:00:00,-4.8744063,-0.11864698,5.0384135,0.241316,14.556281,2.0930965,10.212437,88.60565
2025-02-10 18:00:00,-5.012159,0.21988286,5.192973,0.10648162,14.687092,2.1339188,10.247704,92.51196
2025-02-10 19:00:00,-5.066479,0.5130314,5.301649,0.8700615,14.759155,2.1037943,10.351254,95.782074
2025-02-10 20:00:00,-5.045093,0.71107894,5.3408833,0.78443193,14.775806,2.0812466,10.446754,98.022705
2025-02-10 21:00:00,-4.9871383,0.8379026,5.362654,0.30467466,14.842203,2.05982,10.619053,99.53735
2025-02-10 22:00:00,-4.692174,0.7255946,5.172078,0.13987395,14.561681,2.0013227,10.287081,98.79057
2025-02-10 23:00:00,-4.706229,0.8555376,5.2855616,0.28670686,14.798729,1.9429675,10.180563,100.30319
2025-02-11 00:00:00,-4.6773643,1.0091816,5.3427114,0.12744094,14.569088,2.0172067,10.05414,102.17543
2025-02-11 01:00:00,-4.6065717,1.0487003,5.3280807,0.1750058,14.591699,1.8931262,10.013496,102.825
2025-02-11 02:00:00,-4.533512,1.0609329,5.287869,0.15715308,14.927515,1.7815149,10.143165,103.17134
2025-02-11 03:00:00,-4.4595876,1.049384,5.2123165,0.14111169,15.176368,1.7073215,10.414876,103.24138
2025-02-11 04:00:00,-4.4438276,1.0576189,5.1750994,0.069065854,15.52309,1.6703066,10.568559,103.38719
2025-02-11 05:00:00,-4.429259,1.1158872,5.126094,0.306789,15.574236,1.5296295,10.476872,104.14058
2025-02-11 06:00:00,-4.405957,1.1546453,5.0780396,0.29119292,15.496978,1.4842489,10.56479,104.68497
2025-02-11 07:00:00,-4.3746305,1.2424316,5.0292034,0.26750064,15.551536,1.4853362,10.442672,105.85501
2025-02-11 08:00:00,-4.279103,1.2703289,4.9287453,0.21035156,15.683893,1.481342,10.344315,106.534485
2025-02-11 09:00:00,-4.186892,1.337133,4.8875685,0.15215884,15.629398,1.2938046,10.206885,107.7115
2025-02-11 10:00:00,-4.0292754,1.3496044,4.776149,0.09188077,15.161275,1.3641318,9.86406,108.518265
2025-02-11 11:00:00,-4.0261517,1.4340713,4.8195295,0.11521248,15.399646,1.3496236,9.982445,109.60535
2025-02-11 12:00:00,-3.9641469,1.3689426,4.7839856,0.010029935,15.509339,1.5245312,9.880297,109.05138
2025-02-11 13:00:00,-3.8634484,1.2180134,4.6536446,0.14781827,14.88366,1.4876336,9.721956,107.49829
2025-02-11 14:00:00,-3.7875977,0.96816605,4.482731,0.12928323,14.661189,1.4647771,9.676097,104.33864
2025-02-11 15:00:00,-3.7956424,0.84699804,4.3457046,0.18307786,14.385784,1.2850412,9.658917,102.57947
2025-02-11 16:00:00,-3.8606555,0.7633692,4.2324557,0.032050174,14.218251,1.1982634,9.71901,101.184845
2025-02-11 17:00:00,-3.9256942,0.8831816,4.2618704,0.18705317,14.2698965,1.3119342,9.487469,102.679
2025-02-11 18:00:00,-3.8514965,1.0723943,4.2217565,0.10176715,13.927554,1.3113844,9.250818,105.55911
2025-02-11 19:00:00,-3.700496,1.2240745,4.1438046,0.23796017,13.492186,1.3178864,9.20477,108.30353
2025-02-11 20:00:00,-3.5434277,1.290369,4.034478,0.1877552,13.1652,1.2398983,9.004641,110.00954
2025-02-11 21:00:00,-3.3917937,1.288455,3.913161,0.18475768,12.976675,1.2092098,8.787818,110.80049
2025-02-11 22:00:00,-3.1610909,0.9960447,3.6769326,0.083438575,12.469533,1.2749858,8.2361355,107.489395
2025-02-11 23:00:00,-3.186695,0.96077293,3.6708825,0.26373664,12.464103,1.2711949,8.281757,106.7778
2025-02-12 00:00:00,-3.2429752,0.966194,3.7015736,0.07453151,12.456094,1.2043172,8.382143,106.59062
2025-02-12 01:00:00,-3.2136297,0.973345,3.696435,0.089561224,12.147186,1.2299688,8.290383,106.850525
2025-02-12 02:00:00,-3.1402078,0.99980825,3.6792936,0.092912525,11.937952,1.2098324,8.174699,107.66092
2025-02-12 03:00:00,-3.0612872,0.93655026,3.6404853,0.109016605,12.190306,1.1863557,8.237104,107.010635
2025-02-12 04:00:00,-3.0212436,0.8937052,3.637845,0.0679772,12.390841,1.18152,8.271641,106.47861
2025-02-12 05:00:00,-3.0001261,0.896451,3.6472526,0.021107363,12.411032,1.1993219,8.25763,106.6364
2025-02-12 06:00:00,-2.9518197,0.89691246,3.6199172,0.2792882,12.412776,1.1634328,8.349677,106.90144
2025-02-12 07:00:00,-2.896021,0.8847293,3.592809,0.0073953983,12.505551,1.1630939,8.252223,106.98784
2025-02-12 08:00:00,-2.875555,0.9182694,3.6266108,0.1049263,12.5969515,1.1700937,8.337296,107.710175
2025-02-12 09:00:00,-2.7542052,0.9300875,3.5591424,0.12067502,12.615222,1.082978,8.135517,108.6597
2025-02-12 10:00:00,-2.5787742,0.6787097,3.3324566,0.10918842,12.707633,0.945525,7.478509,104.74533
2025-02-12 11:00:00,-2.4566464,0.64662457,3.352535,0.06753169,12.487244,0.9394515,7.5157022,104.7466
2025-02-12 12:00:00,-2.3662946,0.5195197,3.3721092,0.10117305,12.355494,0.9342029,7.524605,102.38283
2025-02-12 13:00:00,-2.2444222,0.40860644,3.3932621,0.20045319,12.1886215,1.0147333,7.6861944,100.31795
2025-02-12 14:00:00,-2.2053058,0.20841815,3.3600793,0.055898976,11.870982,1.0059854,7.6978116,95.398865
2025-02-12 15:00:00,-2.2474704,0.010590425,3.223661,0.07385428,11.423322,0.91156423,7.634207,90.26999
2025-02-12 16:00:00,-2.1879601,-0.088868015,3.032041,0.026504477,10.905509,0.9583744,7.433041,87.6741
2025-02-12 17:00:00,-2.2608094,-0.06522926,3.0780065,0.13632788,10.910847,1.0347792,7.3625445,88.34735
2025-02-12 18:00:00,-2.161177,0.06645904,3.0254197,0.07826699,10.559053,1.1083146,7.071308,91.76137
2025-02-12 19:00:00,-1.9592553,0.11128111,2.9384294,0.16697542,10.16516,1.0981402,6.710097,93.25078
2025-02-12 20:00:00,-1.7501781,0.09046648,2.8186393,0.24203353,9.605842,1.0484449,6.498806,92.959
2025-02-12 21:00:00,-1.5535394,0.0171682,2.7129424,0.2690248,9.060226,1.012539,5.905225,90.63316
2025-02-12 22:00:00,-1.3196366,-0.3322527,2.665077,0.05748801,9.020784,1.1327238,5.4992676,75.86804
2025-02-12 23:00:00,-1.2967855,-0.4435132,2.6232872,0.32804853,8.61423,1.0856146,5.2366867,71.118805
2025-02-13 00:00:00,-1.171781,-0.49967873,2.5537772,0.18179125,8.3001175,1.0519139,5.1066823,66.90527
2025-02-13 01:00:00,-1.0489968,-0.6214748,2.5149267,0.09407858,8.472369,1.065725,5.2813973,59.3555
2025-02-13 02:00:00,-0.923784,-0.6925375,2.4733586,0.11239958,8.591942,1.048915,5.320936,53.14203
2025-02-13 03:00:00,-0.81147397,-0.84111804,2.5077865,0.14151013,9.095663,1.0722493,5.233143,43.97235
2025-02-13 04:00:00,-0.7848812,-0.9378435,2.5500207,0.13985778,9.567005,1.0853521,5.6514144,39.925964
2025-02-13 05:00:00,-0.760976,-1.0363468,2.6147544,0.0876981,9.775941,1.0937482,5.966077,36.289337
2025-02-13 06:00:00,-0.7030165,-1.0824053,2.6462648,0.114891745,9.819086,1.1080486,6.161934,33.00351
2025-02-13 07:00:00,-0.6361447,-1.20639,2.7096167,0.22769704,9.990394,1.1757673,6.0426574,27.803253
2025-02-13 08:00:00,-0.61104727,-1.3920593,2.8343468,0.19371855,9.706732,1.2357471,6.3435364,23.699158
2025-02-13 09:00:00,-0.6092063,-1.5972925,2.9390652,0.08203627,10.320915,1.218713,6.7162766,20.8768
2025-02-13 10:00:00,-0.7813564,-1.9350334,3.1336102,0.027547136,11.0226145,1.1100299,7.4073415,21.988586
2025-02-13 11:00:00,-0.5669729,-2.1156526,3.2299056,0.20785534,11.115129,1.225809,7.5205617,15.002136
2025-02-13 12:00:00,-0.4105975,-2.3715177,3.3714793,0.12014121,11.589256,1.4702246,7.425337,9.822632
2025-02-13 13:00:00,-0.24539927,-2.562413,3.488445,0.4083238,11.691648,1.6820934,7.118944,5.470459
2025-02-13 14:00:00,-0.03778035,-2.6790302,3.5901065,0.24537192,11.892707,1.836178,6.832131,0.80792236
2025-02-13 15:00:00,0.005269231,-2.753185,3.6309013,0.15541485,12.153799,1.8417817,7.0777535,359.89032
2025-02-13 16:00:00,0.013810441,-2.6476812,3.524224,0.2974947,12.026465,1.6591398,7.188516,359.70114
2025-02-13 17:00:00,-0.054059416,-2.614638,3.5267692,0.079665765,11.808431,1.5455112,7.2571898,1.1844482
2025-02-13 18:00:00,-0.1129105,-2.5818028,3.5443194,0.1896367,11.545469,1.5968876,7.053175,2.5041199
2025-02-13 19:00:00,-0.18455216,-2.5202506,3.5112202,0.27751082,10.963339,1.5661582,6.7267547,4.1881714
2025-02-13 20:00:00,-0.22475041,-2.454278,3.4362218,0.30859742,10.552261,1.5831519,6.2482347,5.2322693
2025-02-13 21:00:00,-0.2529503,-2.4388604,3.363198,0.26298502,10.355768,1.5198065,5.88232,5.921356
2025-02-13 22:00:00,-0.23255962,-2.3055036,3.1022804,0.51283675,10.567265,1.3492721,5.4863224,5.76001
2025-02-13 23:00:00,-0.2537483,-2.4985847,3.2080054,0.6791919,10.968927,1.3888273,5.3995614,5.798889
2025-02-14 00:00:00,-0.28039262,-2.5847812,3.2481375,0.7610218,11.139253,1.4656689,5.302463,6.1911316
2025-02-14 01:00:00,-0.30264035,-2.7028203,3.2695036,0.48434398,10.967715,1.5358396,5.2051,6.388916
2025-02-14 02:00:00,-0.29891473,-2.7559521,3.2410576,0.72616833,10.989299,1.5573044,5.1171618,6.1901855
2025-02-14 03:00:00,-0.30715036,-2.7514124,3.1965287,0.8881233,11.351609,1.6269706,4.9449267,6.369751
2025-02-14 04:00:00,-0.3416979,-2.764789,3.178092,0.8080043,11.16354,1.6568408,4.775454,7.04541
2025-02-14 05:00:00,-0.38137117,-2.7207432,3.1212416,0.62314737,10.745705,1.7245755,4.475493,7.979248
2025-02-14 06:00:00,-0.38073072,-2.6806817,3.0699978,0.8170265,10.348254,1.7380122,4.3308167,8.083496
2025-02-14 07:00:00,-0.4453517,-2.631796,3.0242586,0.6447254,9.697421,1.7898064,4.099359,9.604584
2025-02-14 08:00:00,-0.6365814,-2.7523239,3.170705,0.83620155,9.05963,2.0020792,4.098467,13.022858
2025-02-14 09:00:00,-1.0424421,-2.8525655,3.335907,0.76025087,8.673546,2.128663,4.209957,20.07434
2025-02-14 10:00:00,-1.1724107,-2.670781,3.242457,1.1831372,9.738069,2.100539,4.114038,23.700348
2025-02-14 11:00:00,-1.0506159,-2.5632403,3.1024456,1.0958004,9.397851,1.9121562,3.9826882,22.287659
2025-02-14 12:00:00,-0.9498452,-2.485563,2.9939883,0.67668647,8.949491,1.6447353,3.9726887,20.914093
2025-02-14 13:00:00,-0.74538404,-2.4295082,2.858736,0.4458498,8.236958,1.2632363,4.0063725,17.056244
2025-02-14 14:00:00,-0.59177876,-2.3444774,2.7064538,0.3768988,7.7506957,1.0912696,3.9310188,14.166321
2025-02-14 15:00:00,-0.4944359,-2.1205213,2.4756255,0.23172088,7.0873194,1.1223866,3.5999386,13.125
2025-02-14 16:00:00,-0.362482,-1.7944068,2.1163266,0.16113833,6.2768555,0.94122994,3.2962155,11.420441
2025-02-14 17:00:00,-0.34031266,-1.6251286,1.9284747,0.17765832,5.5922055,1.0432278,2.935808,11.827209
2025-02-14 18:00:00,-0.38131672,-1.4956665,1.8655989,0.11046364,4.8482056,1.0449957,2.7528663,14.302734
2025-02-14 19:00:00,-0.44498092,-1.3530748,1.8400203,0.032943953,4.3821344,0.96227556,2.7145886,18.204285
2025-02-14 20:00:00,-0.42789274,-1.0990864,1.777201,0.08433391,4.2678795,0.90114224,2.6861718,21.27179
2025-02-14 21:00:00,-0.37703848,-0.80890757,1.7039617,0.025722,4.5349603,0.8733421,2.6103346,24.9906
2025-02-14 22:00:00,-0.18494105,-0.4285662,1.6552088,0.1458651,5.096399,0.76132894,2.5321105,23.341858
2025-02-14 23:00:00,-0.06934666,-0.32054302,1.737774,0.10003878,5.3425884,0.91089946,2.766695,12.207306
2025-02-15 00:00:00,0.0698601,-0.18816933,1.7848994,0.2077748,5.849334,0.9258772,2.8906186,339.63196
2025-02-15 01:00:00,0.15221468,-0.13022882,1.7869642,0.1869911,6.33816,0.9341178,2.91857,310.54898
2025-02-15 02:00:00,0.15407376,-0.13008036,1.8097023,0.055065405,6.7482734,0.9111799,2.9956398,310.17352
2025-02-15 03:00:00,0.15092468,-0.09631348,1.7889014,0.08021329,6.943321,0.8364345,3.0244894,302.54422
2025-02-15 04:00:00,0.05563396,-0.07515531,1.7715847,0.116218284,7.0640016,0.861415,2.8763075,323.4892
2025-02-15 05:00:00,-0.0024397566,-0.016568158,1.7652134,0.05915068,7.1376524,0.93026054,2.73026,8.376923
2025-02-15 06:00:00,-0.012276727,0.057269946,1.7443299,0.11178262,6.9291935,0.9082553,2.6816657,167.90085
2025-02-15 07:00:00,-0.03066398,0.12879986,1.7263658,0.084399216,6.5377088,0.89002484,2.6670647,166.60863
2025-02-15 08:00:00,-0.13303849,0.1591533,1.8249964,0.08551455,6.1054482,0.91694784,2.887402,140.10728
2025-02-15 09:00:00,-0.121129215,0.12032297,1.9376568,0.10713352,5.9760475,0.8434727,3.1776671,134.8087
2025-02-15 10:00:00,-0.14756033,0.12846993,1.9968662,0.085654445,5.8699965,0.81760484,3.3691893,131.0437
2025-02-15 11:00:00,-0.024452003,0.03049201,2.024885,0.12704009,6.2122426,0.8165498,3.358621,141.27336
2025-02-15 12:00:00,-0.0062020794,-0.008008802,2.0627618,0.14525443,6.100393,0.7799311,3.4857545,37.754456
2025-02-15 13:00:00,0.0065810746,-0.12707354,2.0260935,0.11159434,6.602909,0.68606067,3.3433623,357.03534
2025-02-15 14:00:00,-0.054052405,-0.2783603,1.9502697,0.026864419,6.899355,0.7039886,3.1260874,10.989014
2025-02-15 15:00:00,-0.2670383,-0.44064373,1.8884397,0.040515468,7.3939877,0.78307235,3.040096,31.216614
2025-02-15 16:00:00,-0.45452923,-0.5052721,1.8570912,0.22144039,7.5187874,0.8887555,3.0405517,41.973694
2025-02-15 17:00:00,-0.5671209,-0.6171149,1.939256,0.12944594,7.6484547,1.0781145,2.9457283,42.58261
2025-02-15 18:00:00,-0.69569564,-0.57848173,2.0177906,0.09097622,7.7218,1.0973816,3.1847546,50.25595
2025-02-15 19:00:00,-0.84440446,-0.5880655,2.065211,0.09240726,7.401502,1.0607142,3.4480906,55.14563
2025-02-15 20:00:00,-1.0809124,-0.61177105,2.2073066,0.09009608,9.550862,1.0747917,3.609758,60.49115
2025-02-15 21:00:00,-1.3313243,-0.65190125,2.3768008,0.15790677,11.1895275,1.0133111,3.963322,63.910675
2025-02-15 22:00:00,-1.5291262,-0.75135225,2.562838,0.18522708,11.52996,0.93129367,4.6013203,63.832306
2025-02-15 23:00:00,-1.7827289,-0.75935364,2.6795845,0.12835945,11.599847,0.97770476,5.0602736,66.928406
2025-02-16 00:00:00,-2.0215726,-0.8192465,2.7850482,0.06874127,11.409574,1.0454562,5.556502,67.93964
2025-02-16 01:00:00,-2.1895566,-0.9013235,2.877307,0.09042206,11.4777,0.96555287,6.2283006,67.62567
2025-02-16 02:00:00,-2.3418489,-1.0091994,3.0326943,0.025260007,11.348277,0.9727153,6.9868817,66.68677
2025-02-16 03:00:00,-2.4784575,-1.0583224,3.1052418,0.079224885,11.005956,1.0434489,7.277029,66.877106
2025-02-16 04:00:00,-2.61363,-1.1100175,3.1742563,0.11926108,10.641422,0.98878545,7.211052,66.98889
2025-02-16 05:00:00,-2.7049413,-1.1036075,3.2284613,0.02654735,10.325723,0.9353954,7.2500763,67.80469
2025-02-16 06:00:00,-2.7519956,-1.1485604,3.2577748,0.06975641,10.271707,0.8599646,7.125901,67.3465
2025-02-16 07:00:00,-2.8594632,-1.1442137,3.3040302,0.07451696,9.97976,0.84698606,6.966882,68.19119
2025-02-16 08:00:00,-3.0805032,-1.1098604,3.4618983,0.10727294,9.462783,0.91513,6.899989,70.186646
2025-02-16 09:00:00,-3.363622,-0.9953164,3.6747413,0.03859148,9.132294,1.1115966,6.6480856,73.516174
2025-02-16 10:00:00,-3.37238,-0.86624104,3.6237922,0.02596464,9.092259,1.364343,6.3104296,75.59424
2025-02-16 11:00:00,-3.2813082,-0.8908423,3.5368257,0.20328774,7.6896343,1.5256549,5.724804,74.81085
2025-02-16 12:00:00,-3.2126477,-1.046298,3.5225604,0.1799164,6.842409,1.7848488,5.2729144,71.96057
2025-02-16 13:00:00,-3.1164834,-1.2492704,3.529098,0.19158697,6.619716,1.956521,5.0619125,68.15616
2025-02-16 14:00:00,-3.0970352,-1.4134154,3.6015687,0.21926612,6.651018,2.2471015,4.975064,65.46912
2025-02-16 15:00:00,-3.0071175,-1.4457657,3.5417316,0.35768235,6.7628465,2.0926147,4.9027452,64.32263
2025-02-16 16:00:00,-2.6557217,-1.4286816,3.2263725,0.6197477,7.021304,1.9402622,4.465686,61.721375
2025-02-16 17:00:00,-2.5462964,-1.4111592,3.1399906,0.53140837,7.328372,1.9787811,4.204608,61.00473
2025-02-16 18:00:00,-2.5653484,-1.2798244,3.1281362,0.25222373,7.678198,1.9983466,4.141366,63.4859
2025-02-16 19:00:00,-2.55907,-1.0930538,3.0775387,0.071637705,7.8976073,1.9546002,4.116673,66.87125
2025-02-16 20:00:00,-2.490389,-0.88737446,2.9838104,0.3108125,7.6735015,1.8522726,4.0454645,70.388
2025-02-16 21:00:00,-2.3852572,-0.7130251,2.8755317,0.21203205,7.2440557,1.756746,3.908107,73.356995
2025-02-16 22:00:00,-2.144655,-0.61237067,2.7070308,0.061627626,7.2520137,1.5357429,3.7368422,74.06418
2025-02-16 23:00:00,-2.01997,-0.58393943,2.6355078,0.13253099,6.7179756,1.4290601,3.8082197,73.87628
2025-02-17 00:00:00,-1.887563,-0.5498917,2.5566978,0.17775954,6.2093654,1.3620112,3.7358625,73.757904
2025-02-17 01:00:00,-1.7988595,-0.54716164,2.5261977,0.27198726,6.379619,1.3026601,3.7240374,73.081726
2025-02-17 02:00:00,-1.7005059,-0.58887666,2.49096,0.24801601,6.9256296,1.3113143,3.7333806,70.89929
2025-02-17 03:00:00,-1.6453358,-0.5917837,2.4472682,0.10671359,7.357448,1.2453761,3.7242334,70.21768
2025-02-17 04:00:00,-1.6367967,-0.5947171,2.4508688,0.09154324,7.6149607,1.1937346,3.785441,70.03177
2025-02-17 05:00:00,-1.5854237,-0.54320014,2.418803,0.0672381,7.920557,1.0834042,3.8863325,71.08743
2025-02-17 06:00:00,-1.5877335,-0.4437429,2.4331932,0.050521694,8.294436,1.0637258,3.957485,74.385254
2025-02-17 07:00:00,-1.5927632,-0.28420278,2.4463995,0.055335212,8.410169,0.9845181,3.9412243,79.882935
2025-02-17 08:00:00,-1.6992184,-0.0086777145,2.600597,0.08537735,8.499221,0.90518516,4.198698,89.7074
2025-02-17 09:00:00,-1.5948161,0.19775473,2.6223774,0.0023686537,8.823433,0.78553647,4.436304,97.06851
2025-02-17 10:00:00,-1.2982334,0.35295516,2.4708781,0.11942619,9.01087,0.8539922,3.9216254,105.20958
2025-02-17 11:00:00,-1.1059471,0.22071055,2.3803656,0.11149248,9.2637,0.8029339,3.6911829,101.28609
2025-02-17 12:00:00,-0.9713077,-0.042079616,2.3291566,0.07712903,9.19172,0.9415288,3.4763215,87.51935
2025-02-17 13:00:00,-0.86094004,-0.3526933,2.2922313,0.11569487,9.311119,0.99099696,3.5677767,67.72302
2025-02-17 14:00:00,-0.9249614,-0.6279862,2.351801,0.05624256,9.445811,1.1187663,3.5921834,55.82614
2025-02-17 15:00:00,-1.1270537,-0.77412206,2.4363456,0.12702829,9.44741,1.2301862,3.6170483,55.5166
2025-02-17 16:00:00,-0.92563486,-0.9370006,2.276223,0.44677347,9.50763,1.3010023,3.1505086,44.65039
2025-02-17 17:00:00,-1.0403612,-1.0672195,2.429895,0.3910214,9.549227,1.4970291,3.1858933,44.269867
2025-02-17 18:00:00,-1.1370276,-0.95678836,2.478953,0.05991539,9.605776,1.5145873,3.2978966,49.919983
2025-02-17 19:00:00,-1.1365283,-0.7990244,2.4551384,0.038765732,9.664191,1.4153248,3.3632784,54.891235
2025-02-17 20:00:00,-1.0436529,-0.6264471,2.3861303,0.14208868,9.562514,1.2450339,3.3762197,59.02594
2025-02-17 21:00:00,-0.9205813,-0.47522467,2.2792425,0.12794201,9.24747,1.0967035,3.2207625,62.696198
2025-02-17 22:00:00,-0.63521844,-0.24490727,2.226799,0.058549117,8.814357,1.0111761,3.3763065,68.915955
2025-02-17 23:00:00,-0.5618352,-0.29500064,2.2152245,0.050181538,8.194709,0.89754146,3.3226087,62.297546
2025-02-18 00:00:00,-0.53354913,-0.37493607,2.2731433,0.11395201,8.1328,0.9733119,3.445313,54.903473
2025-02-18 01:00:00,-0.51841074,-0.43559965,2.3180578,0.17245944,8.592472,1.0173659,3.4438624,49.961
2025-02-18 02:00:00,-0.58316493,-0.50019586,2.4098256,0.079187185,8.997041,0.9930282,3.6428945,49.379425
2025-02-18 03:00:00,-0.7038026,-0.494645,2.5059943,0.05425303,9.271701,1.0338752,3.7798707,54.89978
2025-02-18 04:00:00,-0.8699588,-0.47859603,2.577628,0.13396902,9.274845,1.0997174,3.9896488,61.183197
2025-02-18 05:00:00,-0.97116375,-0.36371344,2.6034222,0.09278617,9.098673,1.0874274,3.9748895,69.46838
2025-02-18 06:00:00,-1.0444909,-0.2698789,2.6551793,0.1645039,8.72814,1.1137983,4.1665034,75.51257
2025-02-18 07:00:00,-1.1385679,-0.1257716,2.7109656,0.16475435,8.343335,1.0729967,4.2794127,83.69638
2025-02-18 08:00:00,-1.3036264,0.055612925,2.831107,0.16996543,8.17843,1.0538092,4.502759,92.44278
2025-02-18 09:00:00,-1.4506077,0.184028,2.9279335,0.12659065,8.1667,0.9248691,4.7429442,97.23009
2025-02-18 10:00:00,-1.4677327,0.3687831,2.9411402,0.1564504,8.269669,1.0304496,4.5153046,104.10419
2025-02-18 11:00:00,-1.5031264,0.31209996,2.9880426,0.048051324,8.157497,1.0907711,4.4693646,101.72989
2025-02-18 12:00:00,-1.6213379,0.109220766,3.0752082,0.1023333,8.187256,1.1866653,4.5923204,93.8539
2025-02-18 13:00:00,-1.8004625,0.041989714,3.204982,0.07035523,8.230889,1.1883287,4.9199867,91.336
2025-02-18 14:00:00,-2.0368195,0.010493923,3.328595,0.12097356,8.321435,1.1674663,5.100178,90.29521
2025-02-18 15:00:00,-2.1561365,0.07875102,3.2844803,0.07894222,8.855948,1.0110649,5.091249,92.09177
2025-02-18 16:00:00,-1.8990227,-0.041305542,3.0745196,0.13644238,9.288426,1.4174855,4.7752147,88.75397
2025-02-18 17:00:00,-2.0251334,-0.0012953475,3.2311387,0.10126667,9.908601,1.5759485,4.932599,89.96335
2025-02-18 18:00:00,-2.198397,0.19562304,3.4387019,0.13527092,10.438919,1.498631,5.3524685,95.08505
2025-02-18 19:00:00,-2.2780297,0.44647837,3.543055,0.04029271,10.679285,1.4543883,5.6361237,101.089035
2025-02-18 20:00:00,-2.3179786,0.656316,3.5737429,0.26214722,10.940541,1.4897217,5.737091,105.80902
2025-02-18 21:00:00,-2.3363037,0.7964469,3.5567887,0.3296361,11.166325,1.4981681,5.6277966,108.82428
2025-02-18 22:00:00,-2.3674185,0.9639319,3.5660372,0.32760623,11.418635,1.6026136,5.4694176,112.15448
2025-02-18 23:00:00,-2.3933625,1.0254921,3.5694919,0.06864684,10.979601,1.583889,5.563397,113.19385
2025-02-19 00:00:00,-2.392152,1.0931438,3.5570967,0.15958907,10.8883505,1.6076992,5.548953,114.55902
2025-02-19 01:00:00,-2.4313998,1.1233302,3.547021,0.17113405,11.05596,1.6304369,5.4745708,114.79741
2025-02-19 02:00:00,-2.4913535,1.1883203,3.546763,0.15581621,11.307407,1.6555872,5.3875575,115.50012
2025-02-19 03:00:00,-2.568535,1.2278578,3.5679998,0.18681863,11.271978,1.7251117,5.4064107,115.549576
2025-02-19 04:00:00,-2.6804104,1.2819717,3.6109686,0.2740498,11.245947,1.6977186,5.4666634,115.56061
2025-02-19 05:00:00,-2.6994662,1.382704,3.6421158,0.08866331,11.456941,1.7155393,5.5652266,117.12216
2025-02-19 06:00:00,-2.719089,1.4520936,3.6749568,0.03874637,11.83685,1.7326312,5.628351,118.10387
2025-02-19 07:00:00,-2.8229115,1.5283743,3.7156186,0.1092768,12.13237,1.6382668,5.778106,118.431915
2025-02-19 08:00:00,-2.9271965,1.6507189,3.754621,0.04193986,12.465179,1.3809592,5.924275,119.41974
2025-02-19 09:00:00,-3.06157,1.8902407,3.8904505,0.05503754,12.650954,1.1288573,5.9819613,121.69156
2025-02-19 10:00:00,-2.8451946,2.0381708,3.7758055,0.044428565,12.359791,1.119359,5.7707114,125.616135
2025-02-19 11:00:00,-2.9279492,2.1408505,3.8756557,0.08331087,12.378713,1.1175632,6.049324,126.17343
2025-02-19 12:00:00,-3.0143466,2.131113,3.952582,0.054160416,12.245909,1.1150882,6.0927315,125.25993
2025-02-19 13:00:00,-3.0906553,2.1237059,4.0110025,0.07381311,12.30068,1.2313087,6.0624266,124.494446
2025-02-19 14:00:00,-3.2154586,2.0175529,4.03495,0.23725873,12.484267,1.3666105,5.983437,122.1064
2025-02-19 15:00:00,-3.1251023,1.7506644,3.77844,0.12770775,12.509055,1.3310529,5.6456056,119.25731
2025-02-19 16:00:00,-3.0453684,1.6154988,3.6490598,0.36726913,12.473116,1.570854,5.5126586,117.94495
2025-02-19 17:00:00,-3.1478276,1.8426757,3.831234,0.1752102,12.65051,1.8419827,5.7002425,120.34387
2025-02-19 18:00:00,-3.0889566,2.19886,3.9687285,0.045079693,12.655678,1.8013018,6.041079,125.44499
2025-02-19 19:00:00,-2.9025826,2.5126467,4.027984,0.35460824,12.42638,1.7650605,6.287897,130.88141
2025-02-19 20:00:00,-2.6841357,2.6819587,3.9952736,0.35994574,12.291165,1.7112896,6.361328,134.97676
2025-02-19 21:00:00,-2.4630065,2.7523272,3.9038827,0.18839271,12.1677885,1.6495278,6.6661353,138.17523
2025-02-19 22:00:00,-2.3496003,2.8385348,3.8979867,0.094309315,12.023495,1.6948516,6.943451,140.38371
2025-02-19 23:00:00,-2.232659,2.848743,3.8283923,0.254353,11.8831625,1.6120505,6.9108734,141.91298
2025-02-20 00:00:00,-2.12562,2.8555863,3.795414,0.3421385,11.621862,1.6546564,7.026899,143.33702
2025-02-20 01:00:00,-2.0547843,2.8643918,3.7704632,0.3192323,11.225278,1.6158494,7.0908914,144.34607
2025-02-20 02:00:00,-1.9737066,2.8896704,3.7460108,0.22826262,11.377403,1.5226967,7.1528416,145.6661
2025-02-20 03:00:00,-1.9075128,2.9316423,3.7347643,0.16923288,11.470348,1.5112349,7.148658,146.94943
2025-02-20 04:00:00,-1.856,2.9530878,3.7208838,0.027715355,11.193037,1.4507029,7.3172264,147.85086
2025-02-20 05:00:00,-1.7968086,3.0257902,3.749871,0.06879303,11.355944,1.4783167,7.55812,149.29684
2025-02-20 06:00:00,-1.7369983,3.0587583,3.7600956,0.118639,11.248632,1.4949366,7.567622,150.40875
2025-02-20 07:00:00,-1.6860801,3.148797,3.8234367,0.10533148,11.396745,1.4736383,7.7428956,151.83238
2025-02-20 08:00:00,-1.5633157,3.2784185,3.8836517,0.21909519,11.375605,1.3860708,7.868211,154.50583
2025-02-20 09:00:00,-1.3332775,3.3901021,3.892187,0.11065101,11.100231,1.232153,8.126784,158.53102
2025-02-20 10:00:00,-1.1924328,3.187696,3.7122061,0.090511,10.804505,1.1970936,7.9119835,159.49051
2025-02-20 11:00:00,-1.1145321,3.2756686,3.7941566,0.091540016,10.700917,1.2280109,7.839107,161.20935
2025-02-20 12:00:00,-1.0535753,3.2478576,3.790477,0.1507567,10.679562,1.2211345,7.681778,162.02742
2025-02-20 13:00:00,-1.0497713,3.260836,3.8268042,0.15403195,10.747579,1.3131399,7.6782346,162.1549
2025-02-20 14:00:00,-1.0462556,3.1788375,3.7392478,0.095193595,11.137683,1.3190688,7.579773,161.78201
2025-02-20 15:00:00,-1.0926056,3.0382714,3.5906954,0.18546467,11.230616,1.2071327,7.699964,160.2207
2025-02-20 16:00:00,-1.082098,3.1271346,3.667367,0.07642991,11.78049,1.4387032,7.9734755,160.9126
2025-02-20 17:00:00,-0.94962496,3.3530173,3.814257,0.092957094,12.2685585,1.4639361,8.161623,164.18707
2025-02-20 18:00:00,-0.7482832,3.447224,3.8529968,0.16360416,12.3838005,1.3129153,8.108619,167.7529
2025-02-20 19:00:00,-0.54006094,3.5198002,3.8527646,0.22035259,12.353616,1.3469505,8.031577,171.27686
2025-02-20 20:00:00,-0.34671926,3.547929,3.8354487,0.28239372,12.623386,1.2534809,8.17356,174.41852
2025-02-20 21:00:00,-0.12502103,3.525329,3.8007808,0.16185308,12.696728,1.3198601,8.014817,177.96893
2025-02-20 22:00:00,0.05990642,3.4135306,3.7654972,0.07567549,11.676953,1.4259211,7.747037,181.00543
2025-02-20 23:00:00,0.23875922,3.3244154,3.688967,0.25568026,11.047452,1.474493,7.6056657,184.10794
2025-02-21 00:00:00,0.40336072,3.215033,3.6004465,0.17902957,10.704893,1.4491329,7.330339,187.15102
2025-02-21 01:00:00,0.462484,3.0951035,3.4684212,0.15868251,10.675238,1.474951,7.2710075,188.4985
2025-02-21 02:00:00,0.3670217,2.9612484,3.289973,0.043626018,10.29659,1.31481,6.9230227,187.0653
2025-02-21 03:00:00,0.27671772,2.9645605,3.2688305,0.124568895,10.780077,1.3175167,6.6682887,185.33264
2025-02-21 04:00:00,0.14376749,2.9446144,3.2413247,0.04492619,10.797582,1.3565398,6.4420247,182.7952
2025-02-21 05:00:00,0.06666648,2.9808848,3.2436435,0.045324124,10.461672,1.3207868,6.171735,181.28119
2025-02-21 06:00:00,0.009282293,2.9985816,3.233213,0.13958062,9.991257,1.318362,5.8484426,180.17737
2025-02-21 07:00:00,-0.10105772,3.0898643,3.3197026,0.098939784,10.008684,1.4096044,5.8412547,178.12674
2025-02-21 08:00:00,-0.19498959,3.1925466,3.4099264,0.06553988,9.611046,1.5393287,5.8177266,176.50491
2025-02-21 09:00:00,-0.25804263,3.1504385,3.3387306,0.14086445,9.252358,1.3046103,5.8713703,175.31754
2025-02-21 10:00:00,-0.60552114,2.8610313,3.1240997,0.13451454,9.910063,1.3096861,5.3534355,168.05002
2025-02-21 11:00:00,-0.7713301,3.0593076,3.3528676,0.1227986,10.564265,1.5531585,5.707404,165.84918
2025-02-21 12:00:00,-0.91707593,3.2149208,3.5828416,0.05067852,10.595339,1.8201412,5.935236,164.07889
2025-02-21 13:00:00,-1.0962273,3.2634866,3.7383327,0.15290214,10.660591,1.9558469,6.1556206,161.43246
2025-02-21 14:00:00,-1.3563459,3.2165077,3.8263657,0.038532,10.729149,1.8985158,6.3482113,157.1357
2025-02-21 15:00:00,-1.5599476,3.0933602,3.8392148,0.20900826,10.640608,1.7152132,6.798499,153.23871
2025-02-21 16:00:00,-1.7574505,3.0441313,3.9117951,0.115635894,10.773373,1.7256683,7.0144973,150.00113
2025-02-21 17:00:00,-1.9765642,3.2326965,4.166149,0.30135208,11.559645,1.988457,7.470619,148.55719
2025-02-21 18:00:00,-2.014215,3.500558,4.389842,0.6455363,12.195341,2.1071477,7.8429246,150.08395
2025-02-21 19:00:00,-1.8825345,3.701055,4.4983726,0.5717683,12.463564,2.1306775,8.010429,153.03993
2025-02-21 20:00:00,-1.6554908,3.7853076,4.485087,0.54694235,12.417983,2.0832434,7.9011188,156.37802
2025-02-21 21:00:00,-1.41724,3.7969863,4.40594,0.3391154,12.257444,2.008799,7.7777157,159.53172
2025-02-21 22:00:00,-1.3520166,3.733352,4.346929,0.043368995,11.809129,2.0863008,7.8657546,160.09238
2025-02-21 23:00:00,-1.1960585,3.6619782,4.2265425,0.178337,11.362399,1.9979203,7.448858,161.91217
2025-02-22 00:00:00,-1.1876781,3.5845213,4.1500382,0.32871523,10.913283,2.0376117,7.0890665,161.66815
2025-02-22 01:00:00,-1.122675,3.5345104,4.1009474,0.21609947,9.838999,2.0220408,6.9740486,162.37848
2025-02-22 02:00:00,-1.1288449,3.5043693,4.074691,0.2544322,8.966511,1.9721994,6.9084544,162.14496
2025-02-22 03:00:00,-1.1440537,3.5011394,4.055119,0.30787358,9.025893,1.9105532,6.989709,161.90436
2025-02-22 04:00:00,-1.17607,3.4815137,4.020104,0.082968004,8.958171,1.8710046,7.029663,161.33482
2025-02-22 05:00:00,-1.1535695,3.504675,4.0229516,0.08349048,8.810771,1.8259177,7.0620804,161.78096
2025-02-22 06:00:00,-1.0708585,3.5254347,4.024384,0.11019997,8.853134,1.7902195,7.086783,163.10373
2025-02-22 07:00:00,-0.95863134,3.61376,4.093737,0.09756513,9.294565,1.7900819,7.2183704,165.14319
2025-02-22 08:00:00,-0.7504557,3.7264202,4.164232,0.20505291,9.605241,1.7739092,7.247406,168.61363
2025-02-22 09:00:00,-0.48313284,3.7276533,4.1023264,0.012636277,9.621568,1.4943194,7.45405,172.6152
2025-02-22 10:00:00,-0.36988747,3.407057,3.873126,0.33935967,9.780497,1.5648079,6.8594246,173.80396
2025-02-22 11:00:00,-0.16502091,3.4370513,3.9205372,0.03498019,9.706846,1.5044891,6.7712545,177.25122
2025-02-22 12:00:00,0.053017695,3.4393187,3.969821,0.16411343,9.483405,1.435242,6.8250465,180.88315
2025-02-22 13:00:00,0.12003966,3.3385599,3.8813803,0.09452274,9.6637335,1.5236689,6.377291,182.05922
2025-02-22 14:00:00,0.1727794,3.253341,3.768258,0.07377761,9.761515,1.424478,6.1278505,183.04004
2025-02-22 15:00:00,0.23131624,3.1178539,3.5954862,0.028295297,9.85924,1.0735141,5.98775,184.24304
2025-02-22 16:00:00,0.26587534,3.0241845,3.570104,0.037059255,10.061583,1.3273069,5.964307,185.02432
2025-02-22 17:00:00,0.3797962,3.0133493,3.5198433,0.09830656,10.055408,1.2380244,5.7808123,187.18356
2025-02-22 18:00:00,0.60401297,3.0345657,3.5186474,0.018530905,9.711362,1.224792,5.824848,191.25726
2025-02-22 19:00:00,0.9506675,2.9388568,3.5208328,0.106682904,9.454228,1.3830713,5.844223,197.92548
2025-02-22 20:00:00,1.3538191,2.7396653,3.5056498,0.26160836,9.141366,1.4037261,5.8980494,206.29651
2025-02-22 21:00:00,1.7059776,2.4685924,3.4634247,0.19368483,8.523298,1.5193555,5.8670554,214.64731
2025-02-22 22:00:00,1.7745732,2.2083814,3.328827,0.3758904,8.276189,1.5745107,5.7240353,218.78407
2025-02-22 23:00:00,2.024174,1.8738499,3.2387831,0.16159074,7.5278616,1.4730521,5.6122956,227.20847
2025-02-23 00:00:00,2.0953376,1.6642386,3.125043,0.1479916,7.2346067,1.3692818,5.459632,231.54137
2025-02-23 01:00:00,2.1161928,1.5211849,3.0105038,0.02388472,6.721496,1.2932652,5.2084117,234.29025
2025-02-23 02:00:00,2.112272,1.4391133,2.9149745,0.25340873,6.6519127,1.2592323,4.982677,235.73299
2025-02-23 03:00:00,2.1839058,1.3418645,2.8960888,0.22494604,6.983132,1.1676043,4.9970284,238.43205
2025-02-23 04:00:00,2.2617447,1.2456653,2.8830369,0.14243005,6.9541864,1.1347302,5.171813,241.15604
2025-02-23 05:00:00,2.2979724,1.1464374,2.8592322,0.14196272,7.5048685,1.05498,5.2706747,243.48581
2025-02-23 06:00:00,2.2272017,1.0545642,2.7884345,0.15169422,7.384918,0.99238664,5.08047,244.66278
2025-02-23 07:00:00,2.1558037,1.0499152,2.7457497,0.11015272,7.171415,0.9035858,5.1827865,244.03308
2025-02-23 08:00:00,2.2700596,1.1462159,2.9062216,0.02600557,7.325792,0.8758009,5.507842,243.20953
2025-02-23 09:00:00,2.546467,0.9924696,3.1516213,0.08010502,8.464413,0.7954497,5.8839016,248.70697
2025-02-23 10:00:00,2.0444126,1.0704309,2.7518325,0.032475326,9.298732,0.5760758,5.323847,242.36397
2025-02-23 11:00:00,2.4331021,1.1400996,3.1130118,0.07361597,10.088366,0.837799,5.6895766,244.89322
2025-02-23 12:00:00,2.6134462,1.0713159,3.3226328,0.05273987,10.76063,1.087836,5.6840777,247.71007
2025-02-23 13:00:00,2.6427958,0.99787533,3.382337,0.10536664,10.552547,1.180491,5.7527757,249.3143
2025-02-23 14:00:00,2.369477,1.0197514,3.1949975,0.07078658,10.803255,1.1276846,5.668322,246.71442
2025-02-23 15:00:00,1.8090866,1.1062114,2.7546906,0.1546443,11.411514,1.0377668,5.421512,238.55525
2025-02-23 16:00:00,1.2070626,1.227862,2.3722906,0.0514834,11.715574,0.88926876,4.700496,224.51059
2025-02-23 17:00:00,0.8033744,1.6073184,2.4914162,0.17765528,12.049826,1.0428827,4.461795,206.55693
2025-02-23 18:00:00,0.58354145,1.9372443,2.6006768,0.10695962,12.555723,1.0160425,4.4869657,196.76349
2025-02-23 19:00:00,0.44621113,2.231225,2.7092094,0.088583425,12.931621,0.97239935,4.7130504,191.30911
2025-02-23 20:00:00,0.4167592,2.4610448,2.8445368,0.026854364,13.014565,0.97533685,5.14795,189.61142
2025-02-23 21:00:00,0.41391116,2.661815,2.9607584,0.044271912,13.114499,0.88159597,5.6434875,188.83868
2025-02-23 22:00:00,0.5060462,2.9302788,3.192241,0.14067054,14.048166,0.9637478,6.107021,189.7981
2025-02-23 23:00:00,0.6071711,3.0332036,3.303648,0.07926167,14.631335,1.0948874,6.2332687,191.31958
2025-02-24 00:00:00,0.5364726,3.1508212,3.4045503,0.20306726,14.671469,1.1478932,6.2700095,189.66278
2025-02-24 01:00:00,0.4719131,3.2311728,3.4716396,0.094849944,14.496888,1.1031939,6.479908,188.30931
2025-02-24 02:00:00,0.33686003,3.3170905,3.5273268,0.12048691,14.254051,0.9800908,6.7075334,185.79868
2025-02-24 03:00:00,0.28684092,3.4799669,3.6593442,0.19860528,13.98777,0.98742193,6.9163084,184.71204
2025-02-24 04:00:00,0.16980475,3.6087012,3.7690334,0.22962867,13.790763,1.1124272,7.2897997,182.69403
2025-02-24 05:00:00,0.16702765,3.7876558,3.9347863,0.16420308,13.775206,1.2700264,7.6076922,182.525
2025-02-24 06:00:00,0.17065553,3.9126236,4.0397935,0.0905467,13.470927,1.3215566,7.7648745,182.49747
2025-02-24 07:00:00,0.19958125,4.082571,4.2050905,0.15927768,13.106602,1.3073863,7.9826827,182.79874
2025-02-24 08:00:00,0.2717545,4.242911,4.355382,0.11031189,12.592891,1.345726,8.124477,183.66473
2025-02-24 09:00:00,0.36943054,4.245695,4.3426423,0.11777284,12.327725,1.1296623,8.165773,184.97296
2025-02-24 10:00:00,0.3926969,4.0654297,4.1748796,0.10575394,12.066892,1.0683287,8.0036745,185.51733
2025-02-24 11:00:00,0.51236004,4.2641616,4.3912544,0.13811828,12.125982,1.1278726,8.052614,186.85153
2025-02-24 12:00:00,0.63689196,4.397138,4.580278,0.018139312,11.827567,1.2282515,8.166544,188.24155
2025-02-24 13:00:00,0.74348986,4.4094205,4.641765,0.064933285,11.584537,1.2569253,8.083678,189.57085
2025-02-24 14:00:00,0.7800429,4.3474426,4.6405563,0.028733628,11.109098,1.3127472,8.145347,190.1721
2025-02-24 15:00:00,0.8310188,4.153334,4.4778395,0.14013094,10.923344,1.1194204,8.151003,191.3146
2025-02-24 16:00:00,0.8404236,4.0201454,4.4042025,0.0848812,10.673997,1.3228133,8.093492,191.8078
2025-02-24 17:00:00,0.94179434,3.9853697,4.41431,0.1558847,10.499039,1.6278586,7.994229,193.29582
2025-02-24 18:00:00,1.1697681,3.8872714,4.3792796,0.052267954,10.4478655,1.5573227,7.5639343,196.74774
2025-02-24 19:00:00,1.4159422,3.7468505,4.3381796,0.18252426,10.284783,1.60849,7.373574,200.70169
2025-02-24 20:00:00,1.6298399,3.5910034,4.2745867,0.31790417,10.058334,1.7198492,7.396569,204.41176
2025-02-24 21:00:00,1.7474823,3.3899457,4.1381235,0.52455,9.925058,1.6837413,7.4270473,207.27065
2025-02-24 22:00:00,1.6286039,2.9637146,3.7113206,0.48910257,9.491591,1.7392204,7.0048623,208.78943
2025-02-24 23:00:00,1.7087489,2.8278182,3.5982978,0.521352,9.676207,1.7150066,6.6816764,211.14307
2025-02-25 00:00:00,1.7067455,2.629009,3.412478,0.46056053,9.440117,1.6242344,6.073696,212.99152
2025-02-25 01:00:00,1.6599327,2.4698508,3.22705,0.04163249,9.191839,1.5948627,5.755884,213.90419
2025-02-25 02:00:00,1.6246581,2.3166404,3.056214,0.17747697,9.034429,1.5116583,5.4994283,215.04195
2025-02-25 03:00:00,1.5954692,2.2146375,2.941494,0.1963198,8.708583,1.3550528,5.369833,215.76973
2025-02-25 04:00:00,1.4619107,2.106638,2.7968316,0.11563007,8.062953,1.2627741,5.2161155,214.75888
2025-02-25 05:00:00,1.3074415,2.0617683,2.6951854,0.13890171,7.4157705,1.2818863,5.0024376,212.38026
2025-02-25 06:00:00,1.0964389,1.9951135,2.5747902,0.104127906,7.0830793,1.1834701,4.91239,208.79153
2025-02-25 07:00:00,0.9180735,1.9965247,2.5509968,0.22755781,6.557,1.197596,4.670363,204.69467
2025-02-25 08:00:00,0.9450564,2.0508773,2.6935048,0.1376835,7.8753276,1.0943856,4.821745,204.74054
2025-02-25 09:00:00,1.1192449,1.9539552,2.7910218,0.11407192,8.163706,0.9785931,4.7158113,209.80452
2025-02-25 10:00:00,0.7339523,1.5466453,2.500918,0.02870039,7.69149,0.91496587,4.1462774,205.38644
2025-02-25 11:00:00,0.64311713,1.7400677,2.6596937,0.17391333,7.7021565,1.1805321,4.294937,200.28397
2025-02-25 12:00:00,0.5818675,1.7438276,2.608053,0.22586991,7.1311994,1.1567377,4.2177496,198.45245
2025-02-25 13:00:00,0.53004783,1.658517,2.5324824,0.27640146,6.6685667,1.1083317,4.1884956,197.72345
2025-02-25 14:00:00,0.3624086,1.4334453,2.3450184,0.052788407,7.717289,1.037519,4.060643,194.1884
2025-02-25 15:00:00,0.21674491,1.109154,2.0590172,0.14327241,7.6267676,0.79843616,3.7190168,191.0571
2025-02-25 16:00:00,-0.1076689,0.8361627,1.8838066,0.13737312,8.043772,0.81630874,3.4175153,172.66266
2025-02-25 17:00:00,-0.3517526,0.70322603,1.9779098,0.16044505,7.1918736,1.085105,3.0592973,153.42587
2025-02-25 18:00:00,-0.5181406,0.6634406,2.0049863,0.16485645,7.4335866,1.1729072,3.1591487,142.01051
2025-02-25 19:00:00,-0.5409447,0.7460459,2.0373597,0.0545722,7.884751,1.1442218,3.331981,144.05481
2025-02-25 20:00:00,-0.4955729,0.85478663,2.0897994,0.053655606,8.173949,1.1338753,3.402431,149.89647
2025-02-25 21:00:00,-0.3822665,0.8963281,2.1220617,0.14697678,8.654821,1.1302034,3.5028455,156.90271
2025-02-25 22:00:00,-0.041477926,0.93545943,2.0740826,0.052002877,7.696659,0.98661846,3.317186,177.4612
2025-02-25 23:00:00,0.13792007,0.8514462,2.1074522,0.14021534,7.520621,0.9519664,3.306985,189.20105
2025-02-26 00:00:00,0.34320647,0.7678338,2.1928744,0.1773987,8.029305,0.9645456,3.6680977,204.08371
2025-02-26 01:00:00,0.5222411,0.7029588,2.3058774,0.06917676,8.361738,0.9824466,4.2427783,216.60934
2025-02-26 02:00:00,0.70178473,0.56781584,2.4253385,0.22593471,8.847229,1.0497628,4.660234,231.02359
2025-02-26 03:00:00,0.8697271,0.508375,2.5654776,0.25146458,8.247141,1.0534651,5.121344,239.69276
2025-02-26 04:00:00,0.9800052,0.4759402,2.6796227,0.042542186,7.846727,1.1565617,5.348079,244.09644
2025-02-26 05:00:00,1.1321589,0.48737726,2.7970588,0.10308525,7.41907,1.212779,5.394416,246.70886
2025-02-26 06:00:00,1.2788061,0.5092365,2.8928764,0.26602486,6.8369484,1.2393256,5.2388563,248.28694
2025-02-26 07:00:00,1.4395719,0.550999,3.0457444,0.1712245,7.076777,1.3790283,5.0755033,249.05556
2025-02-26 08:00:00,1.7181541,0.5619082,3.2575948,0.2955333,8.07395,1.528497,5.096839,251.89009
2025-02-26 09:00:00,2.1804752,0.5388761,3.573992,0.31509504,9.222621,1.7274905,5.47253,256.11826
2025-02-26 10:00:00,2.255402,0.76913905,3.509359,0.24267417,9.144674,1.7302047,5.2627325,251.16956
2025-02-26 11:00:00,2.5364618,0.6400233,3.6176918,0.32111427,7.756635,1.6936396,5.258274,255.83823
2025-02-26 12:00:00,2.766583,0.5113542,3.6726034,0.032842178,8.240627,1.7599865,5.2935886,259.52808
2025-02-26 13:00:00,2.8625414,0.48378897,3.6082652,0.18955366,7.820994,1.769496,5.22721,260.4073
2025-02-26 14:00:00,2.7378197,0.4448869,3.4158738,0.20625387,6.55595,1.7085693,4.9243903,260.7703
2025-02-26 15:00:00,2.4571323,0.54873943,3.140194,0.031834565,6.0725045,1.5473089,4.562529,257.41098
2025-02-26 16:00:00,2.0080838,0.6218447,2.7670815,0.032277923,5.8528585,1.3331195,4.095351,252.79378
2025-02-26 17:00:00,1.549231,0.85056573,2.4897392,0.27365872,6.220341,1.3786113,3.679288,241.23215
2025-02-26 18:00:00,1.2865564,1.1290139,2.5143976,0.21801046,5.676937,1.441686,3.6771116,228.73152
2025-02-26 19:00:00,1.1027057,1.3651721,2.6486692,0.31508833,5.9839277,1.3671705,3.8222861,218.92924
2025-02-26 20:00:00,0.9776137,1.6116436,2.8130946,0.091006845,7.3052063,1.3443875,4.287132,211.24075
2025-02-26 21:00:00,0.83936906,1.8025463,2.9272146,0.15727897,8.091173,1.357677,4.807496,204.96939
2025-02-26 22:00:00,0.9007824,2.0957444,3.1637702,0.09167878,8.154038,1.3684471,5.513319,203.25876
2025-02-26 23:00:00,0.81015223,2.2031362,3.1697834,0.11724972,8.145354,1.425976,5.5474706,200.18982
2025-02-27 00:00:00,0.76166844,2.318383,3.1921177,0.22976989,7.8883767,1.4975988,5.5330863,198.18713
2025-02-27 01:00:00,0.71968406,2.3133042,3.1283078,0.10934123,7.865471,1.3901951,5.353178,197.28125
2025-02-27 02:00:00,0.6387486,2.2958121,3.06245,0.07136969,8.159058,1.3294698,5.047008,195.54782
2025-02-27 03:00:00,0.586931,2.2699697,3.0284283,0.027187523,7.9244084,1.332359,4.773903,194.4971
2025-02-27 04:00:00,0.54394406,2.1912487,2.9980955,0.0746827,7.019184,1.3248632,4.620696,193.94101
2025-02-27 05:00:00,0.50888187,2.1490319,2.994999,0.08277839,7.2274504,1.3337168,4.462191,193.32202
2025-02-27 06:00:00,0.50438297,2.1229062,2.9697368,0.10998499,7.5752153,1.3077365,4.3165755,193.36514
2025-02-27 07:00:00,0.53298867,2.1870315,3.028191,0.17831849,7.58403,1.3520979,4.2130795,193.69623
2025-02-27 08:00:00,0.808369,2.187678,3.1355784,0.28147215,7.1196814,1.3416102,4.4298496,200.27979
2025-02-27 09:00:00,1.221186,2.1403968,3.3134272,0.14062127,6.369754,1.557487,4.8458247,209.70657
2025-02-27 10:00:00,1.2783657,1.72805,3.0037463,0.031252775,6.4411306,1.1658852,4.345847,216.49306
2025-02-27 11:00:00,1.5047752,1.6965171,3.1448739,0.106088914,6.826975,1.4141537,4.3948627,221.57236
2025-02-27 12:00:00,1.6344316,1.605915,3.198395,0.18053457,7.435347,1.8625069,4.45204,225.50421
2025-02-27 13:00:00,1.7757952,1.4777956,3.1962664,0.5696214,7.40506,1.8637651,4.3769293,230.23318
2025-02-27 14:00:00,1.7980754,1.2698141,3.09801,0.3838084,7.117017,1.9319445,4.1704826,234.76999
2025-02-27 15:00:00,1.7132379,1.0195271,2.9207618,0.12865855,7.096509,1.7086155,4.1632333,239.24364
2025-02-27 16:00:00,1.3937114,0.7429055,2.5472152,0.10479574,7.2805376,1.412165,3.7902904,241.94055
2025-02-27 17:00:00,1.0207194,0.5800237,2.2755861,0.26042074,8.0119915,1.3570381,3.6090238,240.39261
2025-02-27 18:00:00,0.9543552,0.5657039,2.281288,0.09259665,8.294797,1.3224815,3.412057,239.34222
2025-02-27 19:00:00,0.93519306,0.54600316,2.2892861,0.12705399,8.252976,1.2442352,3.4112866,239.72191
2025-02-27 20:00:00,1.0119151,0.48219174,2.3533049,0.2229114,7.5719905,1.2878253,3.5622814,244.52155
2025-02-27 21:00:00,1.0797235,0.36639568,2.4348247,0.29503745,7.324401,1.4410682,3.7878454,251.25577
2025-02-27 22:00:00,0.9700066,0.3826236,2.3177857,0.15462409,6.9379697,1.3864837,3.3844118,248.47302
2025-02-27 23:00:00,1.0262188,0.22424853,2.3942246,0.0876759,8.229857,1.406922,3.6025386,257.67352
2025-02-28 00:00:00,1.0513569,0.052197844,2.456155,0.34860072,8.236507,1.3246961,4.115136,267.1577
2025-02-28 01:00:00,1.0713913,-0.04808622,2.4392488,0.09041862,8.11706,1.2173442,4.199021,272.56982
2025-02-28 02:00:00,1.1348614,-0.22441554,2.4286778,0.09788399,7.7047663,1.2035211,4.1694875,281.18576
2025-02-28 03:00:00,1.17779,-0.41238487,2.4776065,0.11503847,6.9353256,1.2317938,4.1067853,289.2969
2025-02-28 04:00:00,1.1541951,-0.571459,2.5191996,0.32404414,6.966341,1.2047503,4.08528,296.3407
2025-02-28 05:00:00,1.159458,-0.7051544,2.5977795,0.30053076,7.128406,1.3149396,4.2281747,301.30695
2025-02-28 06:00:00,1.1021794,-0.85269,2.6518965,0.26502562,7.0220447,1.3727503,4.525856,307.72696
2025-02-28 07:00:00,1.2292806,-1.0512477,2.8748138,0.07645391,7.284704,1.491056,4.683632,310.53616
2025-02-28 08:00:00,1.2658131,-1.4745814,3.126748,0.1898092,7.259841,1.4540671,4.90466,319.35648
2025-02-28 09:00:00,1.3437344,-1.8453637,3.3720734,0.11037844,7.360685,1.8419006,5.044753,323.9391
2025-02-28 10:00:00,1.2368416,-1.9900541,3.2203214,0.56714964,8.499343,1.7510827,4.94572,328.13858
2025-02-28 11:00:00,1.1112201,-2.1805353,3.2424493,0.54342353,8.910772,1.6872535,5.337382,332.99622
2025-02-28 12:00:00,1.0457013,-2.2417321,3.1942081,0.4063928,8.420333,1.685426,5.2591243,334.99234
2025-02-28 13:00:00,1.0364182,-2.3431053,3.1867385,0.11829097,7.4073544,1.7501652,5.1219335,336.13892
2025-02-28 14:00:00,0.9759113,-2.5227654,3.2097228,0.27163124,6.9247,1.7834314,4.990999,338.85144
2025-02-28 15:00:00,0.8658781,-2.664708,3.2090113,0.18790457,7.0492826,1.848122,4.874246,341.99878
2025-02-28 16:00:00,0.6427864,-2.5940666,2.9672496,0.259985,7.076472,1.4586354,4.3113513,346.08295
2025-02-28 17:00:00,0.4871851,-2.3304374,2.6632426,0.48861808,7.2453494,1.4409039,4.259283,348.1922
2025-02-28 18:00:00,0.47152835,-2.2685785,2.6192281,0.18246952,7.2112465,1.4312176,4.349341,348.25815
2025-02-28 19:00:00,0.38931316,-2.2518685,2.6166406,0.2892348,6.8896804,1.4737109,4.336003,350.1914
2025-02-28 20:00:00,0.2712056,-2.2106302,2.5603344,0.17839022,6.1285357,1.4045815,4.337578,353.00574
2025-02-28 21:00:00,0.19659135,-2.155864,2.5037377,0.13150312,5.7091055,1.360797,4.2943377,354.78967
2025-02-28 22:00:00,0.3162384,-2.1047664,2.491472,0.18694967,5.9492884,1.5201404,3.8759089,351.4553
2025-02-28 23:00:00,0.2595087,-2.1075242,2.4689295,0.25490877,5.721187,1.5688894,3.8576758,352.98026
2025-03-01 00:00:00,0.23253405,-2.1074495,2.4675117,0.39672208,5.971498,1.458173,3.9381926,353.7035
2025-03-01 01:00:00,0.21236646,-2.0929158,2.450878,0.20039815,6.451089,1.2812873,4.065857,354.20605
2025-03-01 02:00:00,0.17593549,-2.1200137,2.4889624,0.19149663,7.0196533,1.1833334,4.0913744,355.256
2025-03-01 03:00:00,0.11978974,-2.0846784,2.5026195,0.17261015,7.7223983,1.2653589,3.9263363,356.71127
2025-03-01 04:00:00,0.076938115,-2.0438266,2.501217,0.100908704,8.293989,1.2841703,3.7722154,357.84418
2025-03-01 05:00:00,0.094414376,-1.9868803,2.4769826,0.096893355,8.178409,1.2642647,3.672417,357.27942
2025-03-01 06:00:00,0.12248931,-1.8751241,2.4132133,0.046262536,7.851823,1.1599567,3.7095964,356.26254
2025-03-01 07:00:00,0.12656547,-2.0601723,2.704061,0.02932436,7.537281,1.2923158,4.080475,356.4845
2025-03-01 08:00:00,-0.16985795,-2.202874,3.065797,0.12767401,7.592763,1.3725853,4.6936045,4.4091797
2025-03-01 09:00:00,-0.22334908,-2.2253141,3.2457736,0.15132935,7.7090006,1.5992534,5.1508822,5.7314453
2025-03-01 10:00:00,-0.14113843,-2.3085978,3.3449605,0.08712978,7.7201605,1.667611,5.3744836,3.4984741
2025-03-01 11:00:00,-0.04706924,-2.3707619,3.465916,0.41922387,7.6320624,1.9196143,5.5309086,1.1373901
2025-03-01 12:00:00,0.028566103,-2.4115148,3.5915444,0.5946367,7.8588357,2.083902,5.5950446,359.32132
2025-03-01 13:00:00,0.13473387,-2.4265296,3.70933,0.65587,8.166115,2.1767578,5.643882,356.8219
2025-03-01 14:00:00,0.22230077,-2.4499652,3.8143835,0.72609514,8.23285,2.2109785,5.734737,354.81537
2025-03-01 15:00:00,0.32385254,-2.343814,3.7411568,0.9417,8.538268,2.158959,5.654748,352.13306
2025-03-01 16:00:00,0.4529662,-2.0264843,3.3408415,0.68642944,8.8463955,1.6442529,5.420481,347.40018
2025-03-01 17:00:00,0.5463805,-1.816608,3.0736814,0.6583162,8.886893,1.5198691,5.277256,343.2603
2025-03-01 18:00:00,0.6367542,-1.766882,3.0845864,0.23335522,9.190106,1.5390472,5.4098434,340.1817
2025-03-01 19:00:00,0.66813576,-1.7089638,3.096073,0.18734288,9.202767,1.5235147,5.4457884,338.6465
2025-03-01 20:00:00,0.7045531,-1.5911238,3.062007,0.30999866,7.975812,1.5511796,5.720918,336.11612
2025-03-01 21:00:00,0.7316086,-1.4644846,3.0331788,0.29082948,8.217944,1.5331274,5.773991,333.45477
2025-03-01 22:00:00,0.8278017,-1.2212887,2.8856273,0.24797677,8.168753,1.3877676,5.4291964,325.87018
2025-03-01 23:00:00,0.9356599,-1.0483757,2.9100528,0.19595094,8.195457,1.334768,5.891602,318.25156
2025-03-02 00:00:00,0.9975792,-0.8511068,2.913234,0.12186679,8.571719,1.3173871,6.271579,310.46988
2025-03-02 01:00:00,1.1290394,-0.7628887,2.909031,0.2288773,9.247311,1.1847277,6.5769,304.04678
2025-03-02 02:00:00,1.2719108,-0.7038999,2.953119,0.07296133,9.215021,1.2535807,6.7258844,298.961
2025-03-02 03:00:00,1.3803372,-0.66189206,2.9982495,0.04603062,9.412564,1.2561839,6.904204,295.6184
2025-03-02 04:00:00,1.3965982,-0.6419265,3.0164826,0.20346953,9.656206,1.2555528,6.99289,294.6852
2025-03-02 05:00:00,1.3949429,-0.59422344,2.997191,0.03913545,9.573256,1.1729108,6.7513914,293.07324
2025-03-02 06:00:00,1.4133219,-0.55643976,3.010984,0.13792033,9.53081,1.2088218,6.620252,291.49008
2025-03-02 07:00:00,1.4251689,-0.623597,3.1532478,0.089445144,9.895122,1.144734,6.549746,293.63226
2025-03-02 08:00:00,1.3958851,-0.68175817,3.229594,0.11655959,9.894812,1.0046552,6.509428,296.03113
2025-03-02 09:00:00,1.2641293,-0.6125946,3.3625257,0.034978848,9.764427,1.1962588,6.5341396,295.85474
2025-03-02 10:00:00,1.2209501,-0.3295853,3.2233045,0.06094834,10.193972,0.9491166,6.518809,285.10645
2025-03-02 11:00:00,1.282239,-0.33526322,3.3133488,0.074253514,10.863087,1.0363945,6.6423554,284.65292
2025-03-02 12:00:00,1.3537284,-0.38159138,3.3775883,0.09433508,11.029987,1.0889435,6.752414,285.7422
2025-03-02 13:00:00,1.4298463,-0.528788,3.4344544,0.016916383,10.928808,1.0796124,6.885336,290.29547
2025-03-02 14:00:00,1.4717634,-0.7461313,3.5036955,0.38716385,11.345828,1.2259008,7.019714,296.88336
2025-03-02 15:00:00,1.4300207,-0.8926458,3.481823,0.60857505,11.829279,1.4308623,6.863332,301.97318
2025-03-02 16:00:00,1.3290888,-0.7991733,3.079829,0.30780497,11.672614,1.2125988,6.6857576,301.01825
2025-03-02 17:00:00,1.2674869,-0.7376528,3.080455,0.48605374,11.09909,1.6047487,6.4185243,300.19858
2025-03-02 18:00:00,1.1492949,-0.53196925,3.090305,0.33926618,10.7051,1.5319917,6.5573263,294.8378
2025-03-02 19:00:00,1.0953081,-0.254244,3.0796027,0.0053418186,10.38506,1.305799,6.7179403,283.0681
2025-03-02 20:00:00,1.1873516,0.024056925,3.072952,0.09634546,10.61749,1.1260117,6.9560623,268.8393
2025-03-02 21:00:00,1.2612907,0.20969494,3.055495,0.09381396,11.02187,1.0732793,7.1877728,260.56067
2025-03-02 22:00:00,1.434941,0.26315844,3.0550902,0.19840042,11.36476,1.1427051,7.4248238,259.60782
2025-03-02 23:00:00,1.4512188,0.3520879,3.0081735,0.21233205,11.066177,1.1399875,7.4181614,256.36267
2025-03-03 00:00:00,1.4472846,0.4592021,2.953306,0.15444122,11.148782,1.1422092,7.5038724,252.39653
2025-03-03 01:00:00,1.4997736,0.602019,2.9441874,0.07689199,11.5218525,1.0207051,7.638242,248.12915
2025-03-03 02:00:00,1.5004718,0.75619465,2.9175973,0.10626056,11.470952,0.9812831,7.866148,243.2532
2025-03-03 03:00:00,1.5757285,0.8323723,2.956622,0.076079495,11.584891,0.9857424,7.9210515,242.15492
2025-03-03 04:00:00,1.5821793,0.8889296,2.9765382,0.059838243,11.753517,1.0285773,7.9018126,240.67104
2025-03-03 05:00:00,1.6905947,0.92380047,3.0042782,0.08668634,11.826664,0.9589718,8.011983,241.34625
2025-03-03 06:00:00,1.7881594,0.9257425,3.0451481,0.15846923,11.962335,0.92489314,8.245976,242.62909
2025-03-03 07:00:00,1.9012216,0.9480426,3.1389077,0.021542542,12.236457,0.82575494,8.257721,243.4969
2025-03-03 08:00:00,1.928365,0.9173048,2.9793952,0.04288466,12.120395,0.58105594,8.122585,244.56001
2025-03-03 09:00:00,2.0368104,0.8020811,2.9492576,0.046215568,12.044422,0.4603023,8.12763,248.50584
2025-03-03 10:00:00,1.8229663,0.7414897,2.8424883,0.023661384,11.775414,0.5145548,7.8357973,247.86601
2025-03-03 11:00:00,1.978295,0.6552809,2.9085267,0.05317946,12.060758,0.56991756,7.965256,251.67331
2025-03-03 12:00:00,2.0925322,0.55311215,2.9843106,0.041248694,12.300622,0.5903547,8.024884,255.19382
2025-03-03 13:00:00,2.2160454,0.30616966,3.0681822,0.015590211,12.306218,0.64130616,8.105574,262.1338
2025-03-03 14:00:00,2.1911163,0.15382427,3.0991008,0.04729634,12.252389,0.6715075,8.111479,265.98422
2025-03-03 15:00:00,2.0146964,0.061873153,2.9098246,0.090037905,12.405683,0.6323278,7.725496,268.24094
2025-03-03 16:00:00,1.7760228,-0.08790795,2.8212032,0.035385147,12.035583,0.8229604,7.39555,272.83365
2025-03-03 17:00:00,1.5257746,-0.11317279,2.9439774,0.10869114,11.911499,0.8954412,7.30934,274.2421
2025-03-03 18:00:00,1.453485,0.030893687,2.8688912,0.022506094,11.705245,0.72254914,7.3447833,268.78238
2025-03-03 19:00:00,1.403051,0.15969436,2.8201585,0.056829117,11.690159,0.78060913,7.2763023,263.50656
2025-03-03 20:00:00,1.3918754,0.25972274,2.8323457,0.082168795,11.836935,0.9489293,7.0765834,259.4302
2025-03-03 21:00:00,1.4063407,0.33004472,2.8120894,0.04727769,11.966103,0.9975517,6.8827033,256.79263
2025-03-03 22:00:00,1.454897,0.3513493,2.775124,0.07351861,12.159447,1.019018,6.7055507,256.42334
2025-03-03 23:00:00,1.4336033,0.4688263,2.7044783,0.12685174,11.636459,0.88975966,6.8120055,251.89088
2025-03-04 00:00:00,1.4083912,0.55332947,2.6383717,0.073298685,11.189142,0.8105612,6.8488655,248.5511
2025-03-04 01:00:00,1.4189177,0.6511074,2.589779,0.09717863,10.835401,0.74500865,6.845349,245.35074
2025-03-04 02:00:00,1.4442819,0.77132684,2.5920458,0.060920242,11.054034,0.7737869,6.85842,241.89531
2025-03-04 03:00:00,1.4932276,0.8464813,2.6032004,0.063673146,11.605992,0.80693686,6.849202,240.45195
2025-03-04 04:00:00,1.519408,0.9494612,2.6370173,0.10903447,11.641028,0.8114781,6.9517746,237.99919
2025-03-04 05:00:00,1.5462993,1.0143932,2.689749,0.06908638,11.549259,0.73268825,7.223329,236.73459
2025-03-04 06:00:00,1.5724182,0.95863056,2.711094,0.04581216,11.613216,0.6911075,7.132566,238.63127
2025-03-04 07:00:00,1.5703261,0.9555557,2.770935,0.106339164,12.10069,0.68543607,6.8179865,238.67917
2025-03-04 08:00:00,1.5955678,1.0609531,2.8331316,0.03553033,12.192226,0.6676052,7.0160313,236.37857
2025-03-04 09:00:00,1.6912009,0.9864836,2.7223504,0.08681522,12.234946,0.58920234,7.4634333,239.74484
2025-03-04 10:00:00,1.4959095,1.0028286,2.6898923,0.10605848,11.39435,0.6678182,7.2858996,236.16287
2025-03-04 11:00:00,1.7264165,0.9825411,2.8673775,0.08502574,12.058648,0.71252227,7.528271,240.35486
2025-03-04 12:00:00,1.9562027,0.860559,3.0347948,0.10879694,12.537481,0.7355347,7.802104,246.25468
2025-03-04 13:00:00,2.0991685,0.6939689,3.0930424,0.07842718,12.841485,0.75304353,7.9506135,251.70651
2025-03-04 14:00:00,2.0515904,0.56209546,3.0463858,0.014155329,12.6685705,0.70242363,8.07411,254.67809
2025-03-04 15:00:00,1.8919232,0.5522783,2.8504527,0.03065498,12.606459,0.67462856,7.96702,253.72675
2025-03-04 16:00:00,1.6902647,0.5633805,2.8557596,0.11610307,12.322889,0.9075103,7.6692195,251.5663
2025-03-04 17:00:00,1.4089153,0.7597211,3.046421,0.23724325,12.1238365,1.0162715,7.674812,241.66539
2025-03-04 18:00:00,1.3442028,1.0236528,3.034515,0.051205885,12.062941,0.85645485,7.530885,232.7096
2025-03-04 19:00:00,1.4287007,1.174393,3.0391147,0.051922332,12.12945,0.96086055,7.175201,230.57977
2025-03-04 20:00:00,1.543563,1.3881923,3.118131,0.08380948,12.013119,1.0097723,7.5172935,228.0336
2025-03-04 21:00:00,1.6899843,1.5972996,3.2310967,0.100403994,11.951777,1.1192756,8.09874,226.61502
2025-03-04 22:00:00,1.9484615,1.7409512,3.4339378,0.13776688,12.4086,1.0840982,9.065843,228.21921
2025-03-04 23:00:00,2.040884,1.7814137,3.414671,0.07403831,12.906994,1.0411867,9.235338,228.88347
2025-03-05 00:00:00,2.0468366,1.8722621,3.423642,0.17109312,13.100798,1.0428662,9.343105,227.55054
2025-03-05 01:00:00,2.0680518,1.9427276,3.4647362,0.05280774,13.220698,0.98747647,9.448872,226.78973
2025-03-05 02:00:00,2.1219668,1.9516392,3.4919915,0.08064152,13.323429,0.95485175,9.513981,227.39429
2025-03-05 03:00:00,2.190689,1.9593782,3.5087302,0.08621325,13.266591,0.8248023,9.6495695,228.19019
2025-03-05 04:00:00,2.1798072,1.9977719,3.5190208,0.047917966,13.317945,0.7104939,9.623649,227.49506
2025-03-05 05:00:00,2.2074049,2.0575562,3.57884,0.035154566,13.326444,0.8014841,9.559865,227.01225
2025-03-05 06:00:00,2.2415388,2.1510184,3.6589026,0.029727275,13.4012,0.9029635,9.735219,226.18057
2025-03-05 07:00:00,2.2965884,2.3338203,3.8046231,0.074137874,13.22216,0.9723263,9.961465,224.5393
2025-03-05 08:00:00,2.3731062,2.383784,3.8270519,0.04962892,13.365355,0.8845597,9.93505,224.8714
2025-03-05 09:00:00,2.4347863,2.2144647,3.6362815,0.06038831,13.526452,0.5730163,9.847774,227.71313
2025-03-05 10:00:00,2.1880794,2.0615823,3.4657767,0.012473012,12.995615,0.6584463,9.5973425,226.70499
2025-03-05 11:00:00,2.4556386,2.0517302,3.6127183,0.07266219,13.391743,0.57235557,9.961104,230.12064
2025-03-05 12:00:00,2.461321,2.036363,3.6896808,0.08426682,13.3308325,0.62085974,9.817636,230.39749
2025-03-05 13:00:00,2.4332557,1.9751228,3.679702,0.04625227,13.277767,0.6437117,9.75403,230.93306
2025-03-05 14:00:00,2.264029,1.8835697,3.5428414,0.015130626,13.374083,0.7085577,9.558206,230.24107
2025-03-05 15:00:00,2.0752265,1.7304642,3.32622,0.047396228,13.525589,0.76583964,9.62641,230.17636
2025-03-05 16:00:00,1.789531,1.6445816,3.3423638,0.071351565,13.461997,0.99381983,9.166971,227.41695
2025-03-05 17:00:00,1.5513945,1.8557261,3.4925957,0.011554249,13.396274,1.2597312,8.895114,219.89575
2025-03-05 18:00:00,1.5186743,1.9954265,3.4462337,0.12952375,13.301627,1.2338909,8.689391,217.27396
2025-03-05 19:00:00,1.5255741,2.065758,3.3930504,0.20245147,13.146165,1.1774256,8.618732,216.44608
2025-03-05 20:00:00,1.5500525,2.0891106,3.323268,0.031006178,12.919787,1.1136308,8.493973,216.57422
2025-03-05 21:00:00,1.5315614,2.1104455,3.263446,0.16032767,12.516702,1.1230453,8.223021,215.9686
2025-03-05 22:00:00,1.4422252,2.185708,3.299102,0.07063643,12.3027,1.2307304,8.169516,213.41856
2025-03-05 23:00:00,1.4560807,2.159101,3.215058,0.11843471,11.832306,1.2166365,7.878802,213.99542
2025-03-06 00:00:00,1.4309692,2.191932,3.1889193,0.06962628,11.585811,1.2345624,7.795922,213.13791
2025-03-06 01:00:00,1.4025624,2.2282946,3.158739,0.013131959,11.414728,1.2146113,7.666896,212.18767
2025-03-06 02:00:00,1.383361,2.2371504,3.1101866,0.11483743,11.260618,1.158508,7.4174156,211.73093
2025-03-06 03:00:00,1.3465362,2.260865,3.072437,0.10387067,11.077,1.2454554,7.051919,210.77737
2025-03-06 04:00:00,1.3031822,2.2672029,3.0364788,0.11527378,10.75705,1.2231771,6.6685424,209.89018
2025-03-06 05:00:00,1.2366977,2.2930698,3.0126755,0.11996522,10.376962,1.2862983,6.3650355,208.33887
2025-03-06 06:00:00,1.1935182,2.3468142,3.0072415,0.05001211,9.913638,1.3721669,6.193227,206.95651
2025-03-06 07:00:00,1.1849984,2.4786139,3.0744927,0.064595446,9.537734,1.3943284,6.174756,205.55197
2025-03-06 08:00:00,1.2444565,2.5801244,3.119471,0.046047222,9.423604,1.3016465,6.249876,205.74915
2025-03-06 09:00:00,1.2601994,2.352057,2.8441215,0.18580684,9.2210045,0.9636752,6.1048,208.1818
2025-03-06 10:00:00,1.0158782,2.0923388,2.5408368,0.0142796505,8.311535,0.64927864,5.6421,205.89764
2025-03-06 11:00:00,1.1627791,2.0721383,2.6069646,0.020201536,8.318194,0.6565318,5.5740385,209.29893
2025-03-06 12:00:00,1.1889393,2.101125,2.6762176,0.047632616,8.141707,0.5875409,5.513122,209.50372
2025-03-06 13:00:00,1.1779616,2.0992866,2.7243867,0.12843506,7.8150153,0.59925604,5.2509456,209.29787
2025-03-06 14:00:00,1.1173961,2.0135903,2.703656,0.07996214,7.469694,0.6779613,4.9401083,209.02708
2025-03-06 15:00:00,0.8722596,1.7078465,2.4099317,0.080894634,7.181562,0.6883466,4.481046,207.05507
2025-03-06 16:00:00,0.6065233,1.460462,2.2656443,0.05681226,6.949313,0.91919094,4.0745006,202.55289
2025-03-06 17:00:00,0.36916,1.6540416,2.4960911,0.054686602,6.897693,1.175797,3.9078755,192.58145
2025-03-06 18:00:00,0.32272586,1.8855978,2.5701308,0.017949032,6.9551163,1.157864,3.9688919,189.71225
2025-03-06 19:00:00,0.3523609,2.0490718,2.6384864,0.122020535,7.3997884,1.2159088,4.218039,189.75723
2025-03-06 20:00:00,0.45600727,2.1007454,2.6578696,0.14650685,7.47297,1.1494988,4.4157214,192.24716
2025-03-06 21:00:00,0.5205078,2.0948198,2.6168318,0.096285515,7.5291038,1.0740677,4.386758,193.95392
2025-03-06 22:00:00,0.4009486,2.1230164,2.6052756,0.07526898,7.506178,1.0951564,4.369167,190.69481
2025-03-06 23:00:00,0.4935146,2.0528893,2.5428984,0.04458266,7.4934506,1.02113,4.2421713,193.5174
2025-03-07 00:00:00,0.4883992,1.9995476,2.5065355,0.09189063,7.4019365,1.1353575,4.207735,193.72603
2025-03-07 01:00:00,0.47641116,2.006115,2.5042183,0.07638716,7.193868,1.1136807,4.1812744,193.3591
2025-03-07 02:00:00,0.43354386,2.0038238,2.4502463,0.06900073,7.1864796,1.0168699,4.025679,192.20825
2025-03-07 03:00:00,0.3865447,1.9979615,2.4241824,0.04943617,7.469674,0.9828784,3.9593925,190.9497
2025-03-07 04:00:00,0.34084424,2.0128124,2.4063118,0.08830045,7.429304,0.9615556,3.9106536,189.61115
2025-03-07 05:00:00,0.30738956,2.01137,2.3903863,0.11995252,7.5809746,0.96965784,3.972877,188.68906
2025-03-07 06:00:00,0.2899331,2.0422466,2.3992844,0.11026416,7.563384,0.9359834,3.9870358,188.08015
2025-03-07 07:00:00,0.29787466,2.1066308,2.4534934,0.008399156,7.2778907,0.84665954,4.0417566,188.04819
2025-03-07 08:00:00,0.28099185,2.0953856,2.3998497,0.05552476,7.2714353,0.751102,4.2231216,187.63782
2025-03-07 09:00:00,0.31820968,1.7983555,2.0391514,0.030381782,7.327074,0.46862528,4.161776,190.03433
2025-03-07 10:00:00,0.11362272,1.4942932,1.8555378,0.04493246,7.687828,0.39517757,3.8538785,184.34828
2025-03-07 11:00:00,0.09672464,1.393292,1.9114736,0.017806124,7.6746182,0.48016956,3.8975892,183.9712
2025-03-07 12:00:00,-0.007676408,1.2980471,1.9656341,0.05352356,7.362953,0.6243483,3.8519773,179.66116
2025-03-07 13:00:00,-0.12637947,1.1964343,1.9822594,0.06449546,6.77544,0.7406027,3.716035,173.97021
2025-03-07 14:00:00,-0.27716312,1.0221707,1.9994892,0.11482102,6.330691,0.9221525,3.5746944,164.82895
2025-03-07 15:00:00,-0.37788886,0.7151044,1.7846985,0.11149764,5.8269677,0.9352616,3.1788135,152.1463
2025-03-07 16:00:00,-0.629957,0.48053846,1.9054167,0.023347208,5.1477375,1.0469843,2.934782,127.33681
2025-03-07 17:00:00,-1.0787082,0.48063248,2.4244041,0.20399137,4.8142433,1.6073776,3.1551898,114.01601
2025-03-07 18:00:00,-1.2174361,0.63211596,2.467184,0.44193578,4.883448,1.7216696,3.174079,117.43921
2025-03-07 19:00:00,-1.1751585,0.8212734,2.3652585,0.028456934,4.824387,1.5737334,3.1632924,124.94824
2025-03-07 20:00:00,-1.1167933,0.9424909,2.3010633,0.105671756,4.6153407,1.4670948,3.1113172,130.1619
2025-03-07 21:00:00,-1.022639,0.99893767,2.237169,0.0138086565,4.3495574,1.3798231,3.1188295,134.3283
2025-03-07 22:00:00,-1.1842256,0.7907686,2.1228917,0.2167862,4.0727735,1.3566302,2.8407173,123.73309
2025-03-07 23:00:00,-1.1602528,0.812926,2.0689747,0.08323646,4.1621556,1.2810587,2.708789,125.016846
2025-03-08 00:00:00,-1.1246713,0.825983,2.022075,0.06563483,4.3935475,1.167924,2.7326407,126.29437
2025-03-08 01:00:00,-1.0495564,0.8465114,1.9967326,0.10544453,4.497332,0.99255705,2.7736645,128.88765
2025-03-08 02:00:00,-1.0411402,0.8374712,1.9573948,0.026201207,4.7220025,0.9625997,2.6280622,128.81247
2025-03-08 03:00:00,-1.0308702,0.8531453,1.9359554,0.02641099,4.8737674,0.9756572,2.5423768,129.61107
2025-03-08 04:00:00,-1.0578856,0.78797704,1.904095,0.020911228,4.910506,0.9599736,2.4992373,126.68097
2025-03-08 05:00:00,-1.125805,0.7730317,1.9178574,0.07854962,4.907618,1.0067817,2.520269,124.47537
2025-03-08 06:00:00,-1.194105,0.7108282,1.9051777,0.04674243,4.983382,1.0354744,2.470917,120.76456
2025-03-08 07:00:00,-1.3312675,0.747074,1.9621594,0.04767844,5.2217236,0.9660909,2.6682944,119.30005
2025-03-08 08:00:00,-1.4436922,0.6724157,1.9275937,0.032286912,5.172745,0.87230486,2.9676611,114.97427
2025-03-08 09:00:00,-1.3725837,0.5172457,1.6829578,0.027618412,5.3478494,0.6457182,2.6894119,110.64847
2025-03-08 10:00:00,-1.5769035,0.37322173,1.7705166,0.084853545,5.256546,0.6863178,2.7138758,103.315765
2025-03-08 11:00:00,-1.787683,0.2577098,1.9733791,0.22429772,5.18381,0.79823315,2.958184,98.20317
2025-03-08 12:00:00,-2.0328455,0.20459355,2.2371864,0.19143926,5.3440895,1.0154644,3.2219598,95.74713
2025-03-08 13:00:00,-2.199569,0.06462757,2.4246335,0.25267658,5.6492724,1.2512509,3.4431322,91.68298
2025-03-08 14:00:00,-2.38705,-0.14524512,2.6180034,0.11335414,6.160103,1.4773097,3.5815854,86.518005
2025-03-08 15:00:00,-2.3711433,-0.32460847,2.5995593,0.29647753,6.5776734,1.4832436,3.6148474,82.20468
2025-03-08 16:00:00,-2.3135223,-0.5357485,2.5621126,0.05511997,6.753199,1.5673258,3.9174373,76.96167
2025-03-08 17:00:00,-2.7191367,-0.5461112,2.968851,0.2768607,6.934928,2.1088655,4.222584,78.6438
2025-03-08 18:00:00,-2.9204226,-0.2987671,3.1381743,0.76815504,7.250617,2.2068393,4.3198247,84.15881
2025-03-08 19:00:00,-2.9442077,-0.050997347,3.1829276,1.0849144,7.652111,2.122184,4.3266263,89.00763
2025-03-08 20:00:00,-2.870212,0.14981532,3.147256,0.5619688,7.859847,2.0205631,4.40292,92.987946
2025-03-08 21:00:00,-2.771134,0.27748314,3.0872693,0.114232674,7.9109592,1.945343,4.473626,95.71817
2025-03-08 22:00:00,-2.779684,0.25686935,3.0912907,0.32814917,7.7986116,1.8756075,4.505197,95.27969
2025-03-08 23:00:00,-2.575091,0.31749004,2.9353218,0.14815117,7.4293256,1.7388065,4.567445,97.02869
2025-03-09 00:00:00,-2.4267368,0.30301234,2.8292866,0.1285799,7.2457395,1.6873093,4.5719686,97.117355
2025-03-09 01:00:00,-2.261284,0.22338083,2.7150936,0.09430824,7.168579,1.4825988,4.545215,95.64168
2025-03-09 02:00:00,-2.1369662,0.13807184,2.6257048,0.19193913,7.175481,1.3148904,4.582849,93.69682
2025-03-09 03:00:00,-2.1095874,0.07144124,2.6045592,0.010398414,7.0655084,1.2389345,4.8478465,91.93959
2025-03-09 04:00:00,-2.085462,0.05351051,2.5901463,0.12428142,7.199425,1.2168797,5.1081,91.46983
2025-03-09 05:00:00,-2.1147053,0.0694411,2.616962,0.08997502,7.3479557,1.2216733,5.271843,91.88077
2025-03-09 06:00:00,-2.1535578,0.109676875,2.6430004,0.18757644,7.3937593,1.2345711,5.4350514,92.91545
2025-03-09 07:00:00,-2.241528,0.18204561,2.709685,0.04851988,7.529241,1.0901569,5.7359285,94.6431
2025-03-09 08:00:00,-2.1816401,0.16745077,2.5525253,0.037999142,7.56881,0.89817655,5.7025948,94.389114
2025-03-09 09:00:00,-2.0597036,0.14271916,2.3566053,0.09482871,7.4970374,0.7406148,5.5525417,93.963776
2025-03-09 10:00:00,-2.16854,0.048451602,2.4105973,0.03435399,7.9430256,0.931474,5.3731856,91.27995
2025-03-09 11:00:00,-2.0972207,-0.040953353,2.3714283,0.20727257,7.6548615,0.96799225,5.208644,88.88129
2025-03-09 12:00:00,-2.097047,-0.21075027,2.4176943,0.25050917,7.8340077,1.0424951,5.107606,84.26111
2025-03-09 13:00:00,-2.0673506,-0.39493087,2.457627,0.20135345,8.264414,1.0565999,5.067373,79.18494
2025-03-09 14:00:00,-2.0855916,-0.5718854,2.5248895,0.06568117,8.679545,1.1382338,4.9811754,74.665955
2025-03-09 15:00:00,-2.056114,-0.74261886,2.4857342,0.19038238,9.109878,1.0943654,5.0315485,70.14148
2025-03-09 16:00:00,-1.9512569,-0.8450713,2.3921542,0.12875153,9.342866,1.2137778,5.106345,66.58301
2025-03-09 17:00:00,-2.2755375,-0.96152353,2.7873583,0.44789043,9.437213,1.6829177,5.321928,67.0936
2025-03-09 18:00:00,-2.4287624,-0.7468905,2.9029033,0.14916031,9.352204,1.7423503,5.365529,72.90634
2025-03-09 19:00:00,-2.3436086,-0.49426022,2.8204286,0.07495728,9.234866,1.6372442,5.3501735,78.091
2025-03-09 20:00:00,-2.1263726,-0.27828607,2.6512904,0.09804444,9.003485,1.4113828,5.072309,82.54385
2025-03-09 21:00:00,-1.8645192,-0.17684937,2.495469,0.10238527,8.655557,1.2227206,4.7437477,84.581696
2025-03-09 22:00:00,-1.5957333,-0.30166295,2.380832,0.24416758,7.7755814,1.2355917,4.1912823,79.29492
2025-03-09 23:00:00,-1.3550465,-0.30990395,2.216912,0.011475837,7.352348,1.1501544,3.6986804,77.1178
2025-03-10 00:00:00,-1.191968,-0.35343397,2.0904305,0.06731945,6.7417245,1.0599271,3.3996031,73.48422
2025-03-10 01:00:00,-1.0155178,-0.42495355,2.000798,0.17898847,6.181619,0.9378236,3.3078356,67.29263
2025-03-10 02:00:00,-0.8860601,-0.38813534,1.9563748,0.0458526,6.033379,0.84836036,3.326259,66.34436
2025-03-10 03:00:00,-0.73026377,-0.4156886,1.9764549,0.05598525,5.9126124,0.87144053,3.182596,60.35013
2025-03-10 04:00:00,-0.5876869,-0.40456948,1.9910629,0.1303052,5.697158,1.0517383,3.01584,55.456085
2025-03-10 05:00:00,-0.5167467,-0.47334868,2.0325572,0.06435419,5.683582,1.1484722,3.1629791,47.509766
2025-03-10 06:00:00,-0.41281623,-0.49479386,2.0301857,0.09585241,5.870699,1.0553648,3.562183,39.838898
2025-03-10 07:00:00,-0.26635948,-0.5362615,2.105265,0.083382964,5.99942,0.8792392,3.612879,26.413452
2025-03-10 08:00:00,-0.09239032,-0.5088423,1.9491416,0.041459367,5.9663177,0.77734977,3.6558878,10.291046
2025-03-10 09:00:00,0.118592545,-0.47318083,1.8628309,0.12997483,5.9320374,0.63827413,3.8465827,345.92987
2025-03-10 10:00:00,0.23656814,-0.60608035,1.8579215,0.066814244,5.578662,0.60917294,3.8805115,338.67807
2025-03-10 11:00:00,0.5505837,-0.5895794,2.1160438,0.19238262,6.0351257,0.81942964,4.0208716,316.95886
2025-03-10 12:00:00,0.8555508,-0.5943612,2.3297412,0.017948857,6.4044986,1.0327806,4.184609,304.78815
2025-03-10 13:00:00,1.1878583,-0.6543175,2.5627215,0.15887488,6.290702,1.2679112,4.4021397,298.84766
2025-03-10 14:00:00,1.4534932,-0.76069105,2.7416558,0.24712494,6.305691,1.3696225,4.4614744,297.6255
2025-03-10 15:00:00,1.5157657,-0.84225297,2.7489436,0.108218305,5.976325,1.3458519,4.4314823,299.05927
2025-03-10 16:00:00,1.4834397,-0.7967261,2.5795016,0.13027848,6.6440086,1.2602373,4.3387136,298.23938
2025-03-10 17:00:00,1.4885432,-0.8805278,2.71156,0.19908026,7.2665467,1.532677,4.3235044,300.60587
2025-03-10 18:00:00,1.4035839,-0.8876467,2.8107145,0.14865628,7.029976,1.6662046,4.3665576,302.30984
2025-03-10 19:00:00,1.3079693,-0.8157423,2.7723937,0.19919004,7.0340943,1.6181451,4.448214,301.9506
2025-03-10 20:00:00,1.2212434,-0.7179355,2.6694453,0.0926546,7.095753,1.479759,4.5467453,300.4501
2025-03-10 21:00:00,1.181161,-0.55366516,2.5377638,0.03172159,6.906897,1.4384211,4.4337096,295.1147
2025-03-10 22:00:00,1.008874,-0.6203263,2.4961019,0.06440751,7.729534,1.4097581,4.2787557,301.58612
2025-03-10 23:00:00,0.99030286,-0.49617746,2.4120672,0.116193034,8.000617,1.3430805,3.9962194,296.61252
2025-03-11 00:00:00,0.9926205,-0.39429536,2.3489974,0.07216783,7.7278237,1.2651737,3.8665738,291.6643
2025-03-11 01:00:00,1.002841,-0.31108257,2.2385812,0.06277381,7.3618226,1.1538075,3.6364927,287.23395
2025-03-11 02:00:00,1.0559849,-0.20548764,2.1637394,0.06820803,7.2662234,1.1524342,3.417784,281.01175
2025-03-11 03:00:00,1.0290135,-0.1176832,2.1121435,0.115200445,7.312741,1.0353608,3.3380244,276.5243
2025-03-11 04:00:00,0.99850833,-0.0419926,2.14165,0.085067764,7.53149,1.0851437,3.3622549,272.40817
2025-03-11 05:00:00,0.97749656,-0.025051633,2.1260383,0.083980806,7.7224007,0.9730829,3.4105272,271.46808
2025-03-11 06:00:00,0.9094234,0.035258114,2.0869055,0.03161003,7.043037,0.8937445,3.6377954,267.77975
2025-03-11 07:00:00,0.9475209,0.11778672,2.14346,0.10538145,6.701532,0.7857103,4.057615,262.91388
2025-03-11 08:00:00,0.98843014,0.13758726,2.0501475,0.07054352,6.429902,0.68943155,4.130292,262.07547
2025-03-11 09:00:00,1.1507049,0.20427601,2.0486012,0.03527027,6.287598,0.669791,4.162204,259.9336
2025-03-11 10:00:00,1.185657,0.17493294,1.9014019,0.08530678,5.997867,0.5143932,3.8606794,261.6071
2025-03-11 11:00:00,1.4295535,0.29086345,2.0877204,0.06650327,6.037872,0.672936,3.8885863,258.49933
2025-03-11 12:00:00,1.6408197,0.30989775,2.2688954,0.03074797,6.332719,0.78565586,4.037026,259.30466
2025-03-11 13:00:00,1.8301511,0.27296448,2.4742763,0.019281037,6.978341,0.9948727,3.9992807,261.51694
2025-03-11 14:00:00,1.9213703,0.1913118,2.6044548,0.055025667,7.3458767,1.2095315,3.8638487,264.31378
2025-03-11 15:00:00,1.8999733,0.10142888,2.6191885,0.06758288,7.44887,1.1335155,3.95878,266.9442
2025-03-11 16:00:00,1.5217726,-0.045080237,2.2857947,0.12068412,8.427615,0.8836209,3.937944,271.6968
2025-03-11 17:00:00,1.1935812,-0.068096675,2.2154567,0.092633516,9.280993,0.8764869,3.6941845,273.26532
2025-03-11 18:00:00,0.9988527,-0.017920416,2.2415068,0.12208402,9.214355,0.87359744,3.4500928,271.02783
2025-03-11 19:00:00,0.8922437,0.031505276,2.2879524,0.060942043,8.92841,0.98249364,3.3679214,267.97772
2025-03-11 20:00:00,0.87618977,0.1093218,2.3326063,0.072076656,8.650535,1.009295,3.3131843,262.888
2025-03-11 21:00:00,0.87415624,0.1408176,2.3570483,0.12842564,8.190367,1.1069024,3.3363788,260.84885
2025-03-11 22:00:00,0.8335027,0.042459022,2.3108497,0.11178857,7.6396117,1.0782936,3.5472596,267.08383
2025-03-11 23:00:00,0.87742573,0.1265399,2.3456538,0.08614483,7.512377,1.1288539,3.6587367,261.79355
2025-03-12 00:00:00,0.92033345,0.16881046,2.3189452,0.15488997,7.4122186,1.0311916,3.6800108,259.60617
2025-03-12 01:00:00,0.972142,0.1996497,2.3317194,0.22340506,7.7204065,1.0550497,3.7890775,258.39447
2025-03-12 02:00:00,1.0062878,0.22434668,2.3083992,0.12924676,7.861566,0.96410036,3.9039657,257.43173
2025-03-12 03:00:00,0.9969433,0.23884417,2.3218415,0.026866343,7.492599,0.9988858,4.126266,256.52722
2025-03-12 04:00:00,0.96249473,0.27829105,2.2964973,0.16104196,6.972052,1.0359963,4.063718,253.87357
2025-03-12 05:00:00,0.98905903,0.3041687,2.2880352,0.13855165,7.05989,1.0890265,3.9451172,252.9056
2025-03-12 06:00:00,1.0630596,0.2868413,2.287276,0.03562509,6.970435,1.0524163,3.8491983,254.8997
2025-03-12 07:00:00,1.1880176,0.18061705,2.5056458,0.1708432,6.631463,1.237604,3.949116,261.35538
2025-03-12 08:00:00,1.3475049,-0.0472841,2.7071764,0.35765082,6.6846485,1.2193525,4.2386427,272.0097
2025-03-12 09:00:00,1.4406656,-0.137226,2.7724526,0.13236487,6.911697,1.2027868,4.4928975,275.4411
2025-03-12 10:00:00,1.2870001,-0.18048756,2.619353,0.035479285,6.9528728,1.1689094,4.3380475,277.98303
2025-03-12 11:00:00,1.4286672,-0.2522954,2.6136727,0.04762874,6.741791,1.3538705,4.149239,280.0149
2025-03-12 12:00:00,1.4857372,-0.30041504,2.5971155,0.13862856,6.477751,1.3667932,4.1267476,281.43103
2025-03-12 13:00:00,1.4737566,-0.40543592,2.5891914,0.12128068,6.306978,1.3856285,4.0777307,285.38177
2025-03-12 14:00:00,1.4652925,-0.5308504,2.5875678,0.17226613,6.9396496,1.4267936,4.262154,289.91458
2025-03-12 15:00:00,1.3050958,-0.6598016,2.4483654,0.102238946,7.0904293,1.3482506,4.0561123,296.81924
2025-03-12 16:00:00,1.1060123,-0.736976,2.282266,0.07174342,7.2163033,1.0843008,3.6741405,303.67694
2025-03-12 17:00:00,0.8504927,-0.690042,2.0907857,0.19909644,7.2966614,1.077396,3.4424515,309.05392
2025-03-12 18:00:00,0.7916198,-0.60137236,2.1258638,0.23955463,7.1092224,1.1794965,3.448328,307.22296
2025-03-12 19:00:00,0.7646872,-0.57611746,2.142498,0.15516095,6.581213,1.1330417,3.4405441,306.99448
2025-03-12 20:00:00,0.7259109,-0.5172272,2.1147213,0.028412197,7.1787906,1.206773,3.4697158,305.4707
2025-03-12 21:00:00,0.6952902,-0.52450067,2.1113474,0.111778796,7.4048433,1.1774584,3.3891687,307.0295
2025-03-12 22:00:00,0.66690433,-0.3748643,2.073485,0.060060922,8.345393,1.0439302,3.3034453,299.34018
2025-03-12 23:00:00,0.6427402,-0.4112982,2.1322324,0.11140362,8.622272,1.048204,3.4112158,302.61572
2025-03-13 00:00:00,0.615947,-0.52730376,2.16642,0.10882429,9.00849,0.9877878,3.5312676,310.56638
2025-03-13 01:00:00,0.58918226,-0.663606,2.174631,0.08649888,9.613571,1.0059174,3.5278172,318.39975
2025-03-13 02:00:00,0.62494063,-0.85267764,2.2432966,0.17031306,10.166739,1.0878302,3.4400594,323.76172
2025-03-13 03:00:00,0.6303612,-1.0120627,2.2901056,0.10387704,10.216817,1.1785331,3.4810324,328.08337
2025-03-13 04:00:00,0.6191419,-1.1273091,2.3244631,0.19748905,10.02047,1.2525913,3.5185974,331.22348
2025-03-13 05:00:00,0.6422824,-1.1852573,2.361161,0.11295817,10.156568,1.3042766,3.4162972,331.54706
2025-03-13 06:00:00,0.56874293,-1.17433,2.3399105,0.13229054,10.181238,1.2173502,3.5742288,334.1585
2025-03-13 07:00:00,0.5611688,-1.3284149,2.5188277,0.05090638,9.951102,1.0966139,3.9149077,337.09912
2025-03-13 08:00:00,0.44612038,-1.4650809,2.515786,0.07345744,9.732446,0.9078812,4.0906954,343.0644
2025-03-13 09:00:00,0.41824672,-1.7137126,2.7048364,0.17945,9.7204685,1.0209063,4.2821965,346.28458
2025-03-13 10:00:00,0.42574826,-1.6716998,2.6711884,0.11985446,9.067514,1.1644338,4.316518,345.71167
2025-03-13 11:00:00,0.63665813,-1.8188683,2.864998,0.070053376,9.172982,1.3943464,4.5545077,340.70844
2025-03-13 12:00:00,0.8193372,-1.940205,2.999731,0.03526832,9.278443,1.4190438,4.8721833,337.10596
2025-03-13 13:00:00,0.89237565,-1.9821233,3.0421472,0.14699009,9.638615,1.4393314,4.9536114,335.76215
2025-03-13 14:00:00,0.94205785,-1.9964464,3.0089054,0.08808199,9.583647,1.475935,4.772362,334.7389
2025-03-13 15:00:00,0.89643776,-1.9384625,2.9052174,0.2719201,9.504383,1.5059302,4.561502,335.18192
2025-03-13 16:00:00,0.7745683,-1.7223618,2.5912032,0.13417788,9.388214,1.1745602,4.24426,335.78595
2025-03-13 17:00:00,0.5656008,-1.3502878,2.1934328,0.11062006,9.302279,0.9137619,3.4818888,337.27246
2025-03-13 18:00:00,0.4947452,-1.1064111,2.1003876,0.09227567,9.196546,0.97349405,3.0367157,335.9076
2025-03-13 19:00:00,0.46933767,-0.92431146,2.0800717,0.048688788,9.04966,0.90375054,2.8622243,333.0799
2025-03-13 20:00:00,0.4964913,-0.71774167,2.0658848,0.15580502,8.768343,0.94551706,2.7140987,325.3268
2025-03-13 21:00:00,0.49364367,-0.57505095,2.0315259,0.20636064,8.563594,0.9938937,2.6927419,319.35605
2025-03-13 22:00:00,0.72878575,-0.5238676,2.1166584,0.14345977,8.263937,1.0870874,3.24476,305.70944
2025-03-13 23:00:00,0.6620677,-0.60866404,2.0809126,0.13418673,8.200053,0.9982574,2.9351041,312.5935
2025-03-14 00:00:00,0.62637204,-0.62316525,2.0921261,0.072937295,8.466113,1.0217414,3.0676608,314.85297
2025-03-14 01:00:00,0.6208591,-0.61728483,2.0737653,0.059614345,8.250998,1.07622,3.1573257,314.8346
2025-03-14 02:00:00,0.53328395,-0.7051841,2.028665,0.15640286,7.9031925,0.98510957,3.0790145,322.9022
2025-03-14 03:00:00,0.44379115,-0.7561151,2.0275838,0.099296816,7.7437086,0.99926335,3.2288513,329.58978
2025-03-14 04:00:00,0.3555673,-0.8026849,2.0558777,0.042602967,7.680826,1.0525395,3.276818,336.10797
2025-03-14 05:00:00,0.33229765,-0.8149167,2.0476222,0.021507295,7.578329,0.961718,3.1667652,337.8159
2025-03-14 06:00:00,0.22623917,-0.8671995,1.9931669,0.20672864,7.4549685,0.93942463,3.028408,345.3783
2025-03-14 07:00:00,0.23924008,-1.1286452,2.177192,0.20100586,7.3393908,1.0044204,3.2080476,348.0321
2025-03-14 08:00:00,-0.064941406,-1.3192633,2.195046,0.089545645,7.24578,0.993768,3.4877937,2.8181152
2025-03-14 09:00:00,-0.31170818,-1.5484371,2.3390672,0.14999984,7.1576843,1.0486042,4.000612,11.381805
2025-03-14 10:00:00,-0.3109502,-1.6105969,2.18397,0.097655594,6.6450915,0.9689975,3.7594671,10.927368
2025-03-14 11:00:00,-0.28334787,-1.7828192,2.2987504,0.021812545,6.715977,1.0506992,3.9531837,9.03064
2025-03-14 12:00:00,-0.24229637,-2.0389626,2.4551294,0.08356447,6.7269354,1.0833191,4.164661,6.7768555
2025-03-14 13:00:00,-0.22777537,-2.3338132,2.6807048,0.07852026,6.696356,1.3037207,4.4309354,5.57428
2025-03-14 14:00:00,-0.3530797,-2.609797,2.9170334,0.31497237,7.2872305,1.5389909,4.7048354,7.704773
2025-03-14 15:00:00,-0.5494484,-2.7959933,3.0863974,0.22772315,7.831214,1.6165843,4.874011,11.117676
2025-03-14 16:00:00,-0.7802318,-2.8346732,3.1218734,0.08991861,8.61493,1.4632155,5.099423,15.389343
2025-03-14 17:00:00,-0.9117745,-2.54602,2.8832192,0.17600548,9.10878,1.2717628,5.058553,19.703339
2025-03-14 18:00:00,-1.0884928,-2.4605825,2.8941064,0.14659499,8.821447,1.3517464,5.4151983,23.86325
2025-03-14 19:00:00,-1.3353548,-2.5294783,3.0074546,0.08901794,8.480767,1.3858322,5.62813,27.830322
2025-03-14 20:00:00,-1.5522387,-2.4709795,3.0689385,0.2648093,8.247568,1.4402192,5.6885624,32.136536
2025-03-14 21:00:00,-1.7238151,-2.4129078,3.1000144,0.424382,8.259518,1.4705318,5.797432,35.54254
2025-03-14 22:00:00,-1.6681857,-2.2354364,2.897596,0.7320459,8.347018,1.567959,4.922879,36.731995
2025-03-14 23:00:00,-1.7326664,-2.345732,3.007988,0.1748776,8.047621,1.6767116,4.946004,36.451294
2025-03-15 00:00:00,-1.8107176,-2.4088023,3.1070545,0.30211613,7.5729723,1.7659935,5.1322556,36.932495
2025-03-15 01:00:00,-1.9563627,-2.4512985,3.2214527,0.1576268,7.1810613,1.917849,5.1564074,38.59308
2025-03-15 02:00:00,-2.0446439,-2.491814,3.3071067,0.121390946,7.452418,1.9564828,5.1749997,39.37039
2025-03-15 03:00:00,-2.167918,-2.4812403,3.3773203,0.26966348,7.482543,1.9728129,5.1601496,41.14447
2025-03-15 04:00:00,-2.306315,-2.4400153,3.4397912,0.4286527,7.3541784,2.103356,5.124097,43.386444
2025-03-15 05:00:00,-2.4218156,-2.3899078,3.4887118,0.49397185,7.452954,2.1675544,5.1461487,45.379944
2025-03-15 06:00:00,-2.5648646,-2.3436155,3.5760663,0.41809896,7.4097314,2.4116218,5.197644,47.58084
2025-03-15 07:00:00,-2.8826447,-2.3522499,3.8436794,0.53928113,7.475963,2.753335,5.279254,50.7854
2025-03-15 08:00:00,-3.4083264,-2.2799034,4.2261124,0.4764875,7.3737507,2.890283,5.6687136,56.22058
2025-03-15 09:00:00,-3.7203906,-2.0802026,4.395247,0.590016,7.501531,2.9130538,6.0230994,60.78888
2025-03-15 10:00:00,-3.4870915,-1.7956572,4.0497317,0.6311732,7.0384183,2.0831568,5.780413,62.75406
2025-03-15 11:00:00,-3.4482856,-1.9842801,4.075586,0.09338432,7.637891,1.7666862,5.9875584,60.082153
2025-03-15 12:00:00,-3.4230962,-2.152399,4.1758018,0.4257235,7.630022,1.8618199,6.0198774,57.838837
2025-03-15 13:00:00,-3.336453,-2.344555,4.2664094,0.23684384,8.02936,2.101678,5.910886,54.90393
2025-03-15 14:00:00,-3.2025225,-2.464274,4.267914,0.076607466,7.154875,2.1279888,5.870922,52.422485
2025-03-15 15:00:00,-3.0756278,-2.5215979,4.245994,0.3149839,7.121231,2.095747,5.8348484,50.652893
2025-03-15 16:00:00,-2.631685,-2.498211,3.9292376,0.29007235,7.41214,2.0181475,5.593748,46.490417
2025-03-15 17:00:00,-2.3002884,-2.3816414,3.6528687,0.17305136,7.222709,1.7941285,5.3479137,44.004517
2025-03-15 18:00:00,-2.2174926,-2.3169427,3.598696,0.3227644,6.759192,1.8838987,5.1516156,43.74356
2025-03-15 19:00:00,-2.1290102,-2.2070165,3.5283866,0.485725,6.1239066,1.9019029,5.0074434,43.96933
2025-03-15 20:00:00,-1.9764585,-2.0742333,3.4074638,0.115445934,5.652829,1.8937978,4.9144673,43.61725
2025-03-15 21:00:00,-1.7494688,-2.01909,3.3130314,0.30098236,5.6460333,1.9111719,4.8333416,40.907745
2025-03-15 22:00:00,-1.3104999,-1.7848202,2.934169,0.22460516,6.1627436,1.7279625,4.368228,36.287872
2025-03-15 23:00:00,-1.1256764,-1.9092305,2.9795992,0.16034067,6.929446,1.779804,4.403645,30.523468
2025-03-16 00:00:00,-0.94450665,-1.9508156,3.0185506,0.13791092,7.4511247,1.7066071,4.4407988,25.834412
2025-03-16 01:00:00,-0.8148086,-1.9464626,3.0488994,0.19257887,7.5197473,1.6296359,4.603366,22.71466
2025-03-16 02:00:00,-0.6402996,-1.9848509,3.0499215,0.10825476,7.699363,1.474868,4.6978664,17.879333
2025-03-16 03:00:00,-0.53065324,-1.9350111,3.041207,0.08337591,7.82555,1.5580847,4.8169794,15.335632
2025-03-16 04:00:00,-0.40513322,-1.8513398,3.0513935,0.163137,8.176996,1.5486854,4.6706405,12.343597
2025-03-16 05:00:00,-0.21091935,-1.7970432,3.022914,0.2307311,8.666022,1.5236317,4.8602924,6.6941833
2025-03-16 06:00:00,-0.05864035,-1.7672812,3.0068624,0.11932262,8.828971,1.3364489,5.2122693,1.9004517
2025-03-16 07:00:00,0.011907217,-1.7608837,3.1028802,0.0828561,9.347635,1.3066361,5.4611115,359.61255
2025-03-16 08:00:00,-0.04788373,-1.7235392,3.2565167,0.17831144,9.558231,1.2479936,5.4676347,1.5914001
2025-03-16 09:00:00,0.026403066,-1.8156408,3.505119,0.3161011,9.762725,1.4036584,5.71733,359.16687
2025-03-16 10:00:00,0.24385276,-1.6393131,3.264843,0.39505377,9.8619585,1.318263,5.8269215,351.53912
2025-03-16 11:00:00,0.43648055,-1.924384,3.5298858,0.41578832,9.982175,1.7282875,6.285697,347.22064
2025-03-16 12:00:00,0.64786136,-2.117234,3.7186255,0.3221649,10.283701,1.9696699,6.4725065,342.9862
2025-03-16 13:00:00,0.8267835,-2.3233478,3.8170652,0.08452844,10.06756,1.9926212,6.4996986,340.41144
2025-03-16 14:00:00,0.9379198,-2.517383,3.8654644,0.25171864,9.573804,1.8349525,6.343756,339.56573
2025-03-16 15:00:00,0.9756478,-2.5860958,3.7565472,0.11448041,9.265506,1.6192995,6.3863015,339.33017
2025-03-16 16:00:00,0.9960789,-2.4876065,3.4377537,0.10800507,10.4655285,1.3692741,6.345122,338.178
2025-03-16 17:00:00,1.047296,-2.3463576,3.10649,0.07965759,9.985291,1.1126525,6.408755,335.9464
2025-03-16 18:00:00,0.8518739,-2.4306037,3.135859,0.2036007,10.917876,1.1355933,6.583842,340.68555
2025-03-16 19:00:00,0.4912464,-2.546988,3.2614522,0.3250403,11.687327,1.1654419,7.156957,349.08322
2025-03-16 20:00:00,0.10567577,-2.567267,3.341432,0.24838951,11.659038,1.1156609,7.5028033,357.64288
2025-03-16 21:00:00,-0.23679991,-2.549667,3.3925424,0.013108357,11.154958,1.1902555,7.712519,5.306122
2025-03-16 22:00:00,-0.5113212,-2.5053859,3.427866,0.1305706,10.974937,1.2878714,7.962172,11.535004
2025-03-16 23:00:00,-0.66598016,-2.553876,3.4836555,0.065139994,10.471285,1.3131531,8.099829,14.615662
2025-03-17 00:00:00,-0.89055985,-2.6334484,3.5777752,0.17560498,11.304909,1.413981,7.9188066,18.684113
2025-03-17 01:00:00,-1.0585307,-2.6644106,3.5959878,0.38986278,11.256566,1.4756881,7.8712087,21.667175
2025-03-17 02:00:00,-1.2186749,-2.6675832,3.6037803,0.47117987,10.897158,1.4813097,7.6782985,24.5531
2025-03-17 03:00:00,-1.360611,-2.6446884,3.6100612,0.13561717,10.419306,1.5471456,7.326202,27.224426
2025-03-17 04:00:00,-1.516308,-2.6488829,3.6374128,0.40883824,10.0457535,1.6290095,7.054447,29.788239
2025-03-17 05:00:00,-1.6275144,-2.6388206,3.632839,0.46731406,9.7836685,1.6703987,6.607023,31.66455
2025-03-17 06:00:00,-1.7473515,-2.6390398,3.6759136,0.48475236,9.638041,1.834613,6.208973,33.509186
2025-03-17 07:00:00,-1.9762421,-2.6805003,3.8341935,1.2261614,9.6449,2.1703095,6.016218,36.400085
2025-03-17 08:00:00,-2.5003514,-2.7622156,4.213771,1.2541035,9.261061,2.417858,5.912723,42.151306
2025-03-17 09:00:00,-2.9926069,-2.6776576,4.505801,1.2926328,8.811473,3.0524344,5.758442,48.17914
2025-03-17 10:00:00,-2.7367373,-2.4173138,4.1636558,1.5791388,7.616026,3.0176666,5.371065,48.546387
2025-03-17 11:00:00,-2.7883537,-2.50239,4.255584,1.1134913,7.157744,2.9639602,5.3959336,48.09381
2025-03-17 12:00:00,-2.7479198,-2.518539,4.254795,0.80931044,6.980652,2.8463676,5.435251,47.493958
2025-03-17 13:00:00,-2.7252738,-2.522717,4.248436,0.7926467,7.0751457,2.9668958,5.4345727,47.210327
2025-03-17 14:00:00,-2.629381,-2.4515007,4.174473,0.47644132,7.3414845,2.8868182,5.3816085,47.005066
2025-03-17 15:00:00,-2.5075886,-2.3440444,4.095516,0.54995257,7.5308733,2.6503482,5.261899,46.930664
2025-03-17 16:00:00,-2.2954628,-2.163472,3.8702064,0.5202085,7.6641517,2.4220111,5.0994005,46.695526
2025-03-17 17:00:00,-1.7909023,-1.7982161,3.2373323,0.372872,7.689471,1.7650352,4.6818085,44.88324
2025-03-17 18:00:00,-1.721641,-1.6255543,3.1470695,0.36012924,8.078882,1.922719,4.690553,46.644287
2025-03-17 19:00:00,-1.7254161,-1.3815625,3.1659687,0.6498427,8.456133,1.9564589,4.9189467,51.315308
2025-03-17 20:00:00,-1.7288208,-1.1184684,3.1439865,0.263696,8.376192,1.8594339,4.9794555,57.09897
2025-03-17 21:00:00,-1.6816287,-0.8250382,3.0785692,0.32164162,8.518901,1.7278082,5.0430746,63.866577
2025-03-17 22:00:00,-1.5068805,-0.6176931,3.0158532,0.14360736,9.038308,1.6155733,4.9351444,67.71051
2025-03-17 23:00:00,-1.466356,-0.3866664,2.9953551,0.39857063,9.473311,1.4985191,5.0997133,75.22781
2025-03-18 00:00:00,-1.2962596,-0.15645826,2.917816,0.27131316,9.7134075,1.3925084,5.1663294,83.117676
2025-03-18 01:00:00,-1.1673398,0.050245956,2.893354,0.14048101,9.581583,1.2709996,5.186943,92.464676
2025-03-18 02:00:00,-0.99019974,0.2371723,2.888527,0.11718228,9.934368,1.2066005,5.127279,103.46971
2025-03-18 03:00:00,-0.81216884,0.35481015,2.8874288,0.08906667,10.031991,1.2454591,5.1015234,113.59897
2025-03-18 04:00:00,-0.7029539,0.40676302,2.905581,0.17166291,9.889622,1.265652,5.1055856,120.055756
2025-03-18 05:00:00,-0.5860983,0.46100184,2.9517305,0.124334954,9.932761,1.3592103,5.133936,128.18721
2025-03-18 06:00:00,-0.5182813,0.46180314,2.9791844,0.095496364,10.14591,1.1426406,5.191399,131.70193
2025-03-18 07:00:00,-0.52541494,0.54087335,3.1480985,0.081209436,10.871159,1.1443989,5.294873,135.83058
2025-03-18 08:00:00,-0.6864385,0.64441,3.3416693,0.28951252,10.495465,0.9627023,5.8444467,133.1912
2025-03-18 09:00:00,-0.7201678,0.74913394,3.5252051,0.13276422,10.300115,1.0617623,5.987587,136.12941
2025-03-18 10:00:00,-0.68283576,0.5875805,3.070199,0.118505694,8.799472,1.0204206,5.1633043,130.71202
2025-03-18 11:00:00,-0.7744714,0.5507536,3.1519208,0.055909522,8.979617,1.1079174,5.178146,125.41797
2025-03-18 12:00:00,-0.8667796,0.5151982,3.1901295,0.22852248,8.926361,1.2138788,5.2236195,120.7265
2025-03-18 13:00:00,-0.9808329,0.43224192,3.1390765,0.26662728,8.656034,1.1415225,5.1634903,113.78256
2025-03-18 14:00:00,-1.0832635,0.36552098,3.111011,0.14700419,8.804827,1.1074598,5.0693617,108.64572
2025-03-18 15:00:00,-1.2156739,0.27768275,3.0592048,0.121165894,9.4086895,1.0849838,4.9568386,102.8667
2025-03-18 16:00:00,-1.0877047,0.042157147,2.7013884,0.049232055,9.311656,1.343164,4.5222054,92.21956
2025-03-18 17:00:00,-1.1592774,0.0028851484,2.786941,0.20166683,9.100974,1.6470966,4.180707,90.14261
2025-03-18 18:00:00,-1.2793769,0.2162422,2.8663077,0.2599057,8.516714,1.8419794,4.162183,99.59355
2025-03-18 19:00:00,-1.3035043,0.4972027,2.8847399,0.44185385,7.9257474,1.7950724,4.319499,110.87863
2025-03-18 20:00:00,-1.2066238,0.7723661,2.8262336,0.10580603,7.689258,1.7305592,4.245398,122.62352
2025-03-18 21:00:00,-1.1006684,0.95519525,2.7455182,0.3527334,7.4486623,1.7221556,4.0885406,130.9525
2025-03-18 22:00:00,-1.0892887,1.1053298,2.6455805,0.20627835,6.95584,1.6383992,3.8087912,135.4188
2025-03-18 23:00:00,-0.9378332,1.2464352,2.5721931,0.10747449,7.1113367,1.6061648,3.7915533,143.04175
2025-03-19 00:00:00,-0.84591466,1.3368926,2.5259244,0.1371914,7.2934837,1.6357238,3.7912781,147.67654
2025-03-19 01:00:00,-0.7169639,1.3851174,2.4783578,0.074790284,7.413365,1.5926454,3.6491587,152.63304
2025-03-19 02:00:00,-0.615959,1.4221748,2.4270046,0.05809781,7.5557475,1.5397841,3.575341,156.58206
2025-03-19 03:00:00,-0.54932547,1.4394498,2.3870535,0.07535111,7.791947,1.4815305,3.5713751,159.11206
2025-03-19 04:00:00,-0.51336753,1.43553,2.350473,0.18230061,7.76399,1.4305704,3.6469696,160.32217
2025-03-19 05:00:00,-0.50085616,1.4183193,2.3287172,0.19561976,8.207524,1.3713778,3.6903703,160.55017
2025-03-19 06:00:00,-0.5240301,1.4046936,2.3225217,0.22250815,8.512005,1.2686172,3.7377658,159.54166
2025-03-19 07:00:00,-0.55268323,1.5562055,2.473568,0.10077168,8.736269,1.1759084,3.986795,160.44762
2025-03-19 08:00:00,-0.48039576,1.455752,2.2487702,0.04889226,8.761678,0.93935275,4.1151805,161.73721
2025-03-19 09:00:00,-0.3835309,1.5102926,2.1904335,0.03906872,8.567664,0.84394974,4.0638723,165.75124
2025-03-19 10:00:00,-0.38658473,1.327511,2.0055218,0.040165268,7.822419,0.73465526,3.3881147,163.76392
2025-03-19 11:00:00,-0.4367853,1.2623394,1.973489,0.106035806,7.625828,0.7161413,3.1852028,160.91374
2025-03-19 12:00:00,-0.5316843,1.3578112,2.0527675,0.06357473,7.498073,0.85564685,3.0719452,158.61597
2025-03-19 13:00:00,-0.57909375,1.3944281,2.0791662,0.101042345,7.316872,1.0499493,3.0129063,157.44733
2025-03-19 14:00:00,-0.6682665,1.4330704,2.1232078,0.098875135,7.2487736,1.1014949,2.9934254,154.99953
2025-03-19 15:00:00,-0.73526084,1.2434639,1.954282,0.09509324,7.096302,1.0181389,3.0102918,149.40417
2025-03-19 16:00:00,-0.8621389,1.1533034,1.9334288,0.085413955,6.765607,1.0816606,2.7190545,143.22046
2025-03-19 17:00:00,-1.1889524,1.4406099,2.3822703,0.084852405,6.382368,1.5648863,3.0579443,140.46674
2025-03-19 18:00:00,-1.1216373,1.6850713,2.4360354,0.08300172,6.0256243,1.5301836,3.1572206,146.35101
2025-03-19 19:00:00,-0.86832243,1.8733616,2.420531,0.3811315,5.6982527,1.5705261,3.257854,155.1318
2025-03-19 20:00:00,-0.60529387,1.9685158,2.3825598,0.36617222,5.147765,1.4332256,3.3074698,162.908
2025-03-19 21:00:00,-0.39980832,1.9809978,2.3223786,0.33593208,4.3169074,1.3662014,3.2733278,168.58975
2025-03-19 22:00:00,-0.6125175,1.9944495,2.3396716,0.42002988,4.7049594,1.4585121,3.2644117,162.9277
2025-03-19 23:00:00,-0.3970242,2.0394711,2.31213,0.14933121,4.7481823,1.3582044,3.2599652,168.98401
2025-03-20 00:00:00,-0.24894714,2.0941868,2.3203971,0.069869,4.7855716,1.3170954,3.2881355,173.22076
2025-03-20 01:00:00,-0.12589037,2.0925305,2.3124416,0.028722676,4.722482,1.2429155,3.381509,176.55713
2025-03-20 02:00:00,-0.012434676,2.0899913,2.3241796,0.09030358,5.0006313,1.2849927,3.5506399,179.65912
2025-03-20 03:00:00,0.07765734,2.110043,2.3592167,0.11282462,5.2422857,1.2845414,3.840239,182.10776
2025-03-20 04:00:00,0.14976378,2.1492186,2.3950586,0.14655305,5.346847,1.3479446,3.8880858,183.9861
2025-03-20 05:00:00,0.2251224,2.189491,2.4368792,0.05806187,5.6159863,1.3504351,3.9675243,185.8705
2025-03-20 06:00:00,0.30761388,2.2701025,2.5293996,0.058936935,5.9866676,1.29222,4.1450977,187.71695
2025-03-20 07:00:00,0.4180673,2.41157,2.6912186,0.06757049,6.1897445,1.3014113,4.2631025,189.83499
2025-03-20 08:00:00,0.53329015,2.1707249,2.4387932,0.12313275,6.1859374,0.96834755,4.193706,193.8027
2025-03-20 09:00:00,0.69834775,2.0215862,2.338741,0.11159296,6.0504856,0.78807724,4.1762533,199.05725
2025-03-20 10:00:00,0.4333063,1.6058795,1.9861852,0.06282484,5.2881136,0.76329726,3.5487294,195.10023
2025-03-20 11:00:00,0.5636683,1.6278636,2.0866551,0.046794824,5.2876844,0.92620856,3.4754608,199.09906
2025-03-20 12:00:00,0.6359274,1.590167,2.1398876,0.054271813,5.409371,1.0369009,3.384285,201.79709
2025-03-20 13:00:00,0.7095415,1.5772796,2.2020247,0.108681194,5.407934,1.1418108,3.3020017,204.22067
2025-03-20 14:00:00,0.7622202,1.4570448,2.1695914,0.12012834,5.277318,1.110643,3.2303224,207.6153
2025-03-20 15:00:00,0.6164633,1.264213,2.0313714,0.12810694,5.2993903,1.1166519,3.0948734,205.99509
2025-03-20 16:00:00,0.30929938,0.93921846,1.7609638,0.058230326,5.9029756,0.9791461,2.6905887,198.22754
2025-03-20 17:00:00,0.01079415,1.0405669,2.180749,0.16115093,5.659959,1.2794036,2.9116507,180.59433
2025-03-20 18:00:00,-0.10045438,1.104462,2.3302722,0.26473072,5.7350507,1.2859085,3.1221452,174.80307
2025-03-20 19:00:00,-0.13209616,1.1036505,2.3224154,0.1055134,6.0026526,1.3126777,3.149398,173.17473
2025-03-20 20:00:00,-0.111854345,1.0359765,2.286622,0.17865801,6.4496965,1.3382726,3.1272335,173.83765
2025-03-20 21:00:00,-0.16449016,0.9435911,2.2384315,0.25131607,6.5255585,1.3686081,3.102805,170.11137
2025-03-20 22:00:00,-0.46868855,0.90448123,2.2216763,0.15007405,5.716367,1.4429201,2.9427347,152.6075
2025-03-20 23:00:00,-0.5540293,0.87904274,2.1755133,0.16087517,4.954673,1.3661554,2.8843858,147.77823
2025-03-21 00:00:00,-0.6590956,0.88284343,2.1255918,0.17598589,4.770063,1.3205943,2.8267136,143.25647
2025-03-21 01:00:00,-0.7969571,0.82299227,2.1024988,0.1605745,4.740955,1.3826777,2.787121,135.92076
2025-03-21 02:00:00,-0.9372402,0.7802664,2.0936356,0.23649913,5.7599387,1.3142985,2.8351228,129.7779
2025-03-21 03:00:00,-1.1133753,0.7620672,2.0869956,0.13176376,5.9821916,1.2608756,2.9290838,124.390305
2025-03-21 04:00:00,-1.3314576,0.77130294,2.1370728,0.056775175,5.977305,1.2715917,2.9941387,120.083374
2025-03-21 05:00:00,-1.5068797,0.74110824,2.1944904,0.100153804,5.889484,1.2931634,3.2175329,116.18872
2025-03-21 06:00:00,-1.7251884,0.7326561,2.2953238,0.14329205,6.1021934,1.1903588,3.612931,113.010056
2025-03-21 07:00:00,-2.0352354,0.76579326,2.529319,0.07922384,6.9680905,1.1812185,4.0359716,110.619705
2025-03-21 08:00:00,-2.1588113,0.6134186,2.476329,0.0772503,7.6578856,1.0353674,4.4453573,105.86232
2025-03-21 09:00:00,-2.376523,0.5890466,2.6277373,0.30567282,7.8573112,1.1392766,4.9306192,103.92084
2025-03-21 10:00:00,-2.6703544,0.41154975,2.8645897,0.19638555,7.9803314,1.3885853,5.141515,98.76138
2025-03-21 11:00:00,-3.1415615,0.46703565,3.3625655,0.6184419,8.436236,1.7536199,5.909845,98.45587
2025-03-21 12:00:00,-3.5994835,0.6272579,3.875181,0.54935324,8.801554,2.036928,6.5383687,99.8853
2025-03-21 13:00:00,-3.9557145,0.74498934,4.2646236,0.44776583,9.406283,2.289453,7.146014,100.665726
2025-03-21 14:00:00,-4.2172685,0.6933565,4.503162,0.3926613,9.795616,2.5510335,7.6846666,99.336426
2025-03-21 15:00:00,-4.285365,0.50587136,4.5119004,0.50764954,10.271532,2.6675687,8.038177,96.73241
2025-03-21 16:00:00,-4.2412887,0.23873612,4.4061337,0.32846436,10.960739,2.3118167,8.551375,93.22171
2025-03-21 17:00:00,-4.420974,0.23745067,4.5778913,0.84476846,11.636048,2.5344713,8.999562,93.0744
2025-03-21 18:00:00,-4.664199,0.364137,4.831537,0.68428874,12.334612,2.7463653,9.51018,94.46408
2025-03-21 19:00:00,-4.838,0.6067414,5.035936,0.74868196,12.790021,2.7596354,9.69916,97.148254
2025-03-21 20:00:00,-4.8431563,0.80637836,5.0733933,0.57534677,12.731378,2.6826947,9.764131,99.45296
2025-03-21 21:00:00,-4.798432,0.9350029,5.056079,0.22995205,12.769883,2.4925458,9.710611,101.02626
2025-03-21 22:00:00,-4.746423,0.83618534,5.008132,1.0829415,13.084575,2.4171524,9.798616,99.99138
2025-03-21 23:00:00,-4.723254,0.9112371,5.025017,0.14117703,13.180102,2.3372264,9.875786,100.91968
2025-03-22 00:00:00,-4.6640873,0.95876086,5.026678,0.3012752,13.428371,2.304338,9.775631,101.61606
2025-03-22 01:00:00,-4.5597105,0.956684,4.9750443,0.13934065,13.514623,2.225347,9.370344,101.84949
2025-03-22 02:00:00,-4.4529867,0.93114614,4.94082,0.38497913,13.536883,2.2239974,9.426075,101.810715
2025-03-22 03:00:00,-4.4061403,0.89048725,4.957748,0.3220739,13.6192,2.1723676,9.520434,101.425674
2025-03-22 04:00:00,-4.368276,0.8961994,4.9637485,0.43419206,13.742677,2.1082368,9.436743,101.59398
2025-03-22 05:00:00,-4.350855,0.9189313,4.9875,0.2459501,13.715232,2.0803204,9.461549,101.92601
2025-03-22 06:00:00,-4.4646316,0.9661077,5.080647,0.19748454,13.695902,1.9532441,9.491087,102.21007
2025-03-22 07:00:00,-4.5483627,1.0401471,5.1662674,0.06415536,13.850732,1.8894285,9.560353,102.881256
2025-03-22 08:00:00,-4.6869,1.033324,5.2636986,0.26416308,14.002777,1.5938289,10.06393,102.43315
2025-03-22 09:00:00,-4.890231,1.2057393,5.535069,0.10014356,13.990844,1.598146,10.28272,103.85065
2025-03-22 10:00:00,-4.548485,0.81399786,5.079524,0.09105711,13.497796,1.3450522,10.021592,100.14627
2025-03-22 11:00:00,-4.8007836,0.7178815,5.332746,0.13755813,13.84296,1.4912791,10.451283,98.50467
2025-03-22 12:00:00,-5.025015,0.6950968,5.5758743,0.28766066,14.184293,1.7194688,10.876978,97.87561
2025-03-22 13:00:00,-5.183792,0.62344897,5.736927,0.24648218,14.40517,2.0290265,10.976652,96.85797
2025-03-22 14:00:00,-5.27181,0.53267276,5.8008547,0.26104456,14.2557335,2.1322136,11.074265,95.7697
2025-03-22 15:00:00,-5.2594976,0.40125912,5.707402,0.06806261,14.605776,2.275837,11.202562,94.36279
2025-03-22 16:00:00,-5.102742,0.1850355,5.387467,0.11144739,14.785909,1.9801319,11.202494,92.07675
2025-03-22 17:00:00,-5.016306,0.16301624,5.223866,0.21865867,14.736997,1.8378481,11.045764,91.86131
2025-03-22 18:00:00,-5.0542088,0.26067826,5.251877,0.9179772,14.650033,2.055111,10.695251,92.9525
2025-03-22 19:00:00,-5.012386,0.51001966,5.241417,0.46687278,14.827731,2.1283503,10.498174,95.80997
2025-03-22 20:00:00,-4.81951,0.7143324,5.1000953,0.10122418,14.801731,2.1027555,10.174437,98.43083
2025-03-22 21:00:00,-4.5983324,0.8052521,4.9450912,0.42829397,14.331026,2.0411062,10.045206,99.93283
2025-03-22 22:00:00,-4.467239,0.8679624,4.886506,0.16808219,13.930127,2.1033092,10.25432,100.9953
2025-03-22 23:00:00,-4.2318664,0.9207252,4.714315,0.21256682,13.373688,2.0247073,9.934059,102.274536
2025-03-23 00:00:00,-3.9861734,0.91169655,4.499746,0.24779826,12.881125,1.8658036,9.52263,102.88281
2025-03-23 01:00:00,-3.8296013,0.87827814,4.3713884,0.2907496,12.281645,1.7896816,9.3086815,102.916824
2025-03-23 02:00:00,-3.6712139,0.817097,4.260063,0.28517717,11.821803,1.7864764,9.214668,102.54773
2025-03-23 03:00:00,-3.5790763,0.81602025,4.2330003,0.678252,12.018862,1.752623,9.158833,102.84375
2025-03-23 04:00:00,-3.461362,0.8431652,4.1641297,0.2774599,11.905542,1.7664055,9.075804,103.69026
2025-03-23 05:00:00,-3.34247,0.923777,4.116696,0.14093392,12.070854,1.7335672,8.973347,105.44951
2025-03-23 06:00:00,-3.245437,1.047868,4.1383195,0.48020124,12.029997,1.7077857,8.746162,107.893936
2025-03-23 07:00:00,-3.048214,1.1619823,4.118904,0.10963253,11.938247,1.7210938,8.570932,110.8669
2025-03-23 08:00:00,-2.8180554,1.3136473,4.1172404,0.09785528,11.810634,1.4152126,8.407116,114.99277
2025-03-23 09:00:00,-2.4115102,1.4648858,4.1626353,0.13740306,11.508736,1.3750881,8.084581,121.27684
2025-03-23 10:00:00,-2.0114694,1.0440224,3.4743207,0.07154565,10.852112,1.0776722,6.9574504,117.43089
2025-03-23 11:00:00,-1.7875898,0.8186518,3.5116408,0.060241982,11.014939,1.2287868,6.9484296,114.606094
2025-03-23 12:00:00,-1.5974979,0.6885339,3.4791603,0.08788999,11.276638,1.1530733,6.813364,113.31642
2025-03-23 13:00:00,-1.4585645,0.5092947,3.3932402,0.028613139,11.666784,1.1221467,6.7704735,109.247955
2025-03-23 14:00:00,-1.3929921,0.33254594,3.2667742,0.05130063,11.6367035,1.0578271,6.649104,103.4268
2025-03-23 15:00:00,-1.3552749,0.20604643,3.033604,0.025909783,11.526538,0.91913885,6.15336,98.64465
2025-03-23 16:00:00,-1.3125491,0.068344526,2.6784961,0.013910837,11.431408,0.73669136,5.683794,92.98071
2025-03-23 17:00:00,-1.3413156,-0.018669335,2.4580274,0.04190097,11.271614,0.796964,5.5344615,89.202576
2025-03-23 18:00:00,-1.2720972,0.038838156,2.5079048,0.012483778,10.919277,0.850799,5.3984246,91.74875
2025-03-23 19:00:00,-1.1800249,0.123702176,2.4025407,0.07292654,10.292136,0.82183415,5.2692857,95.98448
2025-03-23 20:00:00,-1.0020542,0.21764436,2.2482646,0.029278407,9.5630045,0.78547156,5.0168023,102.25421
2025-03-23 21:00:00,-0.7963265,0.21788725,2.1314986,0.075172745,8.834799,0.833269,4.5527635,105.30249
2025-03-23 22:00:00,-0.658312,0.0625965,2.0240395,0.096894585,8.487466,0.7686711,3.9776433,95.43173
2025-03-23 23:00:00,-0.4591939,-0.027501287,1.9623145,0.097289935,8.081502,0.8355651,3.4865637,86.57263
2025-03-24 00:00:00,-0.28575587,-0.0825983,1.9099185,0.07728811,7.573177,0.8230105,3.2516263,73.87793
2025-03-24 01:00:00,-0.20501998,-0.11368004,1.8482006,0.09290686,7.1595473,0.79597324,2.9606733,60.99237
2025-03-24 02:00:00,-0.09586767,-0.19510464,1.7949324,0.035107795,6.395007,0.79471624,2.6742153,26.167908
2025-03-24 03:00:00,-0.040124018,-0.30687776,1.7816304,0.15334271,6.1760693,0.8248448,2.7075038,7.449127
2025-03-24 04:00:00,0.038466994,-0.34721375,1.7273728,0.07624577,5.8276286,0.8885397,2.6532183,353.6781
2025-03-24 05:00:00,0.07121607,-0.3479144,1.6494216,0.056461506,5.4771037,0.8099708,2.5610144,348.4317
2025-03-24 06:00:00,0.041470915,-0.2910779,1.5184913,0.09480504,5.3558893,0.6445679,2.4984767,351.89142
2025-03-24 07:00:00,0.17261939,-0.3098359,1.5120236,0.06120445,5.194826,0.60773486,2.5037487,330.87643
2025-03-24 08:00:00,0.21686327,-0.4248109,1.3127841,0.029591518,5.036862,0.41541705,2.397014,332.95596
2025-03-24 09:00:00,0.32779056,-0.67703456,1.4049464,0.027131697,4.768879,0.507082,2.4462497,334.16577
2025-03-24 10:00:00,0.10694143,-0.8155464,1.4224178,0.0033780215,4.465725,0.57385385,2.4324698,352.5295
2025-03-24 11:00:00,0.3812994,-0.9040948,1.6555771,0.06884457,4.5120444,0.5505891,2.8467762,337.13257
2025-03-24 12:00:00,0.71189594,-1.0274172,1.8862652,0.07319442,4.6867065,0.6325348,3.3769727,325.28195
2025-03-24 13:00:00,0.93520623,-1.276895,2.1418195,0.16879319,4.607926,1.006042,3.4493926,323.7807
2025-03-24 14:00:00,1.0355068,-1.5532136,2.384109,0.16647764,5.1568155,1.3768791,3.587496,326.30914
2025-03-24 15:00:00,0.9141924,-1.7254288,2.4682276,0.064481646,5.2001886,1.417789,3.8662152,332.0838
2025-03-24 16:00:00,0.68464124,-1.5970793,2.2391458,0.16940504,4.884772,1.0801002,3.816767,336.796
2025-03-24 17:00:00,0.4290219,-1.4089941,2.06027,0.10107739,5.258615,1.1232052,3.3950522,343.06512
2025-03-24 18:00:00,0.3781701,-1.2434902,2.08434,0.10928498,5.502948,1.107665,3.1022694,343.08444
2025-03-24 19:00:00,0.3488225,-1.0388254,2.0782428,0.11789676,5.731848,1.0744267,3.1559503,341.4387
2025-03-24 20:00:00,0.44728667,-0.65809506,2.0209856,0.08232777,5.721727,0.884804,3.160252,325.79727
2025-03-24 21:00:00,0.6154521,-0.43504786,1.9944439,0.11331257,5.6847405,0.7825399,2.9399967,305.25555
2025-03-24 22:00:00,0.7439006,-0.30022573,2.0824327,0.028992603,6.3044257,0.91404104,3.1064858,291.97818
2025-03-24 23:00:00,0.9406557,-0.1767842,2.10636,0.118005075,6.568963,0.949175,3.2755318,280.64386
2025-03-25 00:00:00,1.223498,-0.09853796,2.1591487,0.07695501,7.164558,0.80212456,3.7527692,274.60455
2025-03-25 01:00:00,1.4384526,-0.13957544,2.2642214,0.016864855,7.2391453,0.91229194,4.1240797,275.54214
2025-03-25 02:00:00,1.6080735,-0.16140871,2.3472362,0.03853161,7.279759,0.98155016,4.4219723,275.7318
2025-03-25 03:00:00,1.7413949,-0.15183692,2.4046786,0.024145003,7.5463705,0.9354721,4.6680884,274.9832
2025-03-25 04:00:00,1.8082123,-0.0681804,2.4034169,0.057853565,8.648598,0.86342174,4.6719303,272.15936
2025-03-25 05:00:00,1.8950187,0.028143805,2.4492173,0.082568884,9.007918,0.82661307,4.8579946,269.14914
2025-03-25 06:00:00,2.0001168,0.1429699,2.538204,0.0755697,8.882285,0.7325409,5.1496396,265.9114
2025-03-25 07:00:00,2.0629907,0.1353504,2.5533712,0.017272329,8.544387,0.7297498,5.4345903,266.24628
2025-03-25 08:00:00,2.206852,0.12358835,2.6292987,0.055707183,8.271126,0.69864386,5.7102666,266.79468
2025-03-25 09:00:00,2.3411362,0.10997628,2.7687895,0.12812163,8.337362,0.87354964,5.911778,267.3105
2025-03-25 10:00:00,2.2090154,0.12643062,2.6415424,0.024099546,8.162614,0.8354001,5.999601,266.7243
2025-03-25 11:00:00,2.5253572,0.078538224,2.9544399,0.13568969,8.510761,1.1504132,6.5332265,268.2187
2025-03-25 12:00:00,2.7771816,-0.06709166,3.2286932,0.08149754,9.331633,1.3348202,6.7143707,271.38388
2025-03-25 13:00:00,2.9316456,-0.2519919,3.3928812,0.2947438,9.788145,1.3679214,6.656365,274.91284
2025-03-25 14:00:00,3.0126727,-0.4912868,3.4975367,0.01994333,9.225542,1.2310393,6.630768,279.2619
2025-03-25 15:00:00,2.939087,-0.7188341,3.507674,0.13267311,9.625079,1.240114,6.4669924,283.74344
2025-03-25 16:00:00,2.7886086,-0.82032984,3.3864224,0.17241539,9.688321,1.1449023,6.4499345,286.3924
2025-03-25 17:00:00,2.405579,-0.697777,2.9817653,0.008773432,9.403884,0.9679679,6.480871,286.17566
2025-03-25 18:00:00,2.378896,-0.6813804,2.972715,0.10677787,9.42691,1.2477524,6.6838036,285.98315
2025-03-25 19:00:00,2.3366418,-0.70485914,2.9833581,0.0647883,9.651687,1.1678296,6.7428184,286.7862
2025-03-25 20:00:00,2.3204567,-0.79365456,2.9895606,0.10999433,9.711506,1.150108,6.721965,288.882
2025-03-25 21:00:00,2.312507,-0.8412987,2.9804783,0.14027776,9.554489,1.1887231,6.7517924,289.99158
2025-03-25 22:00:00,2.3637502,-0.6352156,2.8633482,0.10301209,9.015152,1.2838057,6.1615524,285.04184
2025-03-25 23:00:00,2.3418143,-0.78869915,2.9136848,0.1531471,9.071966,1.2264985,6.2515054,288.613
2025-03-26 00:00:00,2.3861835,-0.91058475,3.0104618,0.22970067,9.518017,1.207397,6.5810213,290.8872
2025-03-26 01:00:00,2.3375669,-1.0556508,3.0310714,0.2477098,9.655609,1.1744778,6.7822056,294.30405
2025-03-26 02:00:00,2.2974648,-1.1767253,3.0297709,0.11246328,9.485821,1.1865523,6.7681994,297.12082
2025-03-26 03:00:00,2.257158,-1.3245565,3.0431132,0.111082494,9.248349,1.1601937,6.809175,300.40546
2025-03-26 04:00:00,2.1728232,-1.455142,3.0336845,0.075021766,9.313019,1.1023757,6.805533,303.81027
2025-03-26 05:00:00,2.1294725,-1.5794628,3.0647268,0.108059965,9.174013,1.0697135,6.844443,306.5649
2025-03-26 06:00:00,2.072511,-1.7208565,3.0904655,0.04243475,8.412444,1.0084252,6.7258906,309.70367
2025-03-26 07:00:00,2.0522585,-2.0514138,3.269993,0.10597565,8.212183,0.97455955,6.5083966,314.9882
2025-03-26 08:00:00,1.9549363,-2.473469,3.5008857,0.22859138,8.057549,1.1362615,6.6110415,321.6785
2025-03-26 09:00:00,1.9018823,-2.644772,3.617907,0.22874862,7.775749,1.4631244,6.305442,324.2797
2025-03-26 10:00:00,1.8748441,-2.6280963,3.539024,0.3933133,7.8978696,1.4866046,5.777774,324.49652
2025-03-26 11:00:00,1.9501834,-2.7059565,3.6334772,0.5165261,7.9985104,1.8337952,5.5626297,324.2197
2025-03-26 12:00:00,1.9541457,-2.7459936,3.6846201,0.6223314,8.170326,2.0415115,5.4178615,324.563
2025-03-26 13:00:00,1.8634231,-2.8210082,3.7145028,0.6566208,7.8303924,2.1036456,5.4736466,326.55316
2025-03-26 14:00:00,1.7528645,-2.8407462,3.682273,0.86741483,7.4686155,2.1493037,5.3454633,328.3236
2025-03-26 15:00:00,1.5894428,-2.8537133,3.6497197,1.269242,7.70982,2.3297539,5.0580096,330.88336
2025-03-26 16:00:00,1.4117844,-2.6755404,3.4445813,1.0280246,7.767546,2.180871,4.6423607,332.18103
2025-03-26 17:00:00,1.2396512,-2.320741,3.078002,0.70035774,7.704117,1.8987105,4.3828297,331.89056
2025-03-26 18:00:00,1.1707615,-2.044926,2.8334093,0.56590927,7.6274853,1.7503554,4.2392526,330.20798
2025-03-26 19:00:00,1.0972595,-1.930841,2.7720253,0.520338,7.5010276,1.6675355,4.261186,330.39127
2025-03-26 20:00:00,0.9881761,-1.8141587,2.7145464,0.704651,7.3202662,1.6506109,4.0871215,331.4228
2025-03-26 21:00:00,0.9031776,-1.6773978,2.6432555,0.73816603,7.1347213,1.5609889,3.920304,331.7002
2025-03-26 22:00:00,0.7948394,-1.1562595,2.282777,0.21493846,8.44775,1.1592681,3.7379303,325.49448
2025-03-26 23:00:00,0.888238,-1.0731984,2.3647497,0.289695,8.706009,1.2093835,3.8776171,320.38696
2025-03-27 00:00:00,0.9051687,-1.0085833,2.4403675,0.44479322,9.077757,1.2208095,3.8705468,318.0931
2025-03-27 01:00:00,0.91286117,-0.945656,2.526229,0.307892,9.29208,1.1834221,3.8960755,316.01093
2025-03-27 02:00:00,0.93121505,-0.8437195,2.591987,0.25100413,9.46623,1.2197044,4.1952085,312.1779
2025-03-27 03:00:00,0.95058835,-0.7559196,2.6634197,0.0779594,9.659517,1.2605089,4.3906817,308.49216
2025-03-27 04:00:00,0.9482583,-0.65922874,2.7099607,0.4305253,9.9927635,1.2743367,4.674467,304.807
2025-03-27 05:00:00,0.9632729,-0.55345565,2.7406008,0.37531754,10.138465,1.2407548,4.956201,299.87985
2025-03-27 06:00:00,0.9517352,-0.51024276,2.810857,0.19472268,9.887482,1.1598048,5.165563,298.19656
2025-03-27 07:00:00,0.7580175,-0.5096485,2.904894,0.06347727,9.363361,1.2575214,5.3630366,303.91467
2025-03-27 08:00:00,0.45958567,-0.39870226,3.041474,0.18049358,8.933957,1.2214761,5.498379,310.94247
2025-03-27 09:00:00,0.26650795,-0.18528542,3.0792403,0.0694013,8.622176,1.0881621,5.8166385,304.80835
2025-03-27 10:00:00,0.31035966,0.0740274,2.8792293,0.040887475,8.733125,0.90527135,5.7943144,256.5844
2025-03-27 11:00:00,0.3529057,0.049758498,2.956716,0.03626313,8.752736,0.86160487,6.014103,261.9744
2025-03-27 12:00:00,0.36733845,0.03315281,3.021191,0.08201638,9.173266,0.8971242,6.1558537,264.84296
2025-03-27 13:00:00,0.34052667,-0.02301479,3.0354986,0.024519678,9.09337,0.8127893,6.1281414,273.86652
2025-03-27 14:00:00,0.3306728,-0.07034178,2.996244,0.080650166,9.048651,0.8177717,6.0044823,282.00912
2025-03-27 15:00:00,0.22117078,-0.032723915,2.9279685,0.05154502,8.94008,0.89937097,5.5792713,278.4163
2025-03-27 16:00:00,0.13821122,0.08865109,2.7828662,0.06445233,8.696652,0.90405107,5.147528,237.32318
2025-03-27 17:00:00,0.1194792,0.30571643,2.3862984,0.124478176,8.304561,0.9594549,4.981634,201.3464
2025-03-27 18:00:00,0.02459758,0.49833348,2.4914145,0.11751918,8.456208,1.1772137,4.88692,182.8258
2025-03-27 19:00:00,-0.05574819,0.7032434,2.5713599,0.081372604,8.573289,1.3025057,5.06818,175.46747
2025-03-27 20:00:00,-0.1164427,0.9040519,2.6041315,0.3103773,8.579012,1.3648534,5.094181,172.66068
2025-03-27 21:00:00,-0.09791978,1.0712247,2.5992055,0.37243685,8.852851,1.3398042,5.221573,174.77716
2025-03-27 22:00:00,-0.09982217,1.1800054,2.5273175,0.096854776,8.9091835,1.2948295,5.093945,175.1646
2025-03-27 23:00:00,-0.06836845,1.2893388,2.5521357,0.14541954,9.255122,1.2775159,5.273269,176.96469
2025-03-28 00:00:00,-0.11275998,1.3966494,2.5717778,0.14019452,9.476235,1.2141426,5.3766403,175.38419
2025-03-28 01:00:00,-0.092101224,1.5086071,2.631895,0.044874396,9.967649,1.140604,5.676359,176.50641
2025-03-28 02:00:00,-0.10307353,1.5690225,2.6679914,0.11302267,10.296041,1.0637814,5.8924637,176.24149
2025-03-28 03:00:00,-0.08658868,1.6523664,2.7047062,0.03528495,10.4185915,1.1035185,5.9736915,177.00027
2025-03-28 04:00:00,-0.10212625,1.6977316,2.7265267,0.10722575,10.509151,1.1566844,5.99885,176.55756
2025-03-28 05:00:00,-0.107444145,1.7535999,2.72363,0.17870134,10.534305,1.1130522,5.889351,176.49384
2025-03-28 06:00:00,-0.15015721,1.8734626,2.8076718,0.13659684,10.406721,0.95766276,6.017184,175.41757
2025-03-28 07:00:00,-0.07996513,1.8562651,2.6824746,0.074567735,10.006619,0.7485169,6.184262,177.53333
2025-03-28 08:00:00,-0.08727367,1.7827544,2.649928,0.010960017,9.614757,0.721387,6.1921177,177.19736
2025-03-28 09:00:00,-0.126337,1.8270953,2.843889,0.07341148,9.308413,0.94048464,6.196711,176.0445
2025-03-28 10:00:00,-0.15009989,1.5147911,2.5458682,0.07769471,9.106845,0.73494893,5.810566,174.34106
2025-03-28 11:00:00,-0.022651466,1.3859075,2.61421,0.09696541,9.174139,0.7403653,5.8314657,179.06363
2025-03-28 12:00:00,-0.009114034,1.2161837,2.6056817,0.055263713,9.029709,0.77425367,5.591778,179.57065
2025-03-28 13:00:00,0.013908592,1.0363461,2.5301824,0.008928269,8.74149,0.73753095,5.2320175,180.76892
2025-03-28 14:00:00,0.021955336,0.85527533,2.4918745,0.08437807,8.459808,0.73892707,4.8271456,181.47049
2025-03-28 15:00:00,0.025405059,0.7193686,2.5024452,0.03336723,7.968954,0.7752124,4.642916,182.02261
2025-03-28 16:00:00,0.11109718,0.460622,2.3629825,0.061326947,7.486163,0.6882466,4.607172,193.56015
2025-03-28 17:00:00,0.1506657,0.34378135,2.2968132,0.06225512,6.867393,0.8959065,4.5328927,203.66592
2025-03-28 18:00:00,0.19643052,0.271312,2.4830344,0.18145402,6.8730783,1.1703879,4.5004754,215.90463
2025-03-28 19:00:00,0.320183,0.16631751,2.5377178,0.12667938,6.7115464,1.0395083,4.43976,242.5506
2025-03-28 20:00:00,0.4853532,0.07835347,2.5236886,0.20014617,6.389803,0.9451807,4.5032687,260.82953
2025-03-28 21:00:00,0.6794442,-0.06990381,2.494187,0.07685371,6.1574855,0.90980333,4.4115195,275.87415
2025-03-28 22:00:00,0.65530354,-0.14879134,2.359965,0.11712651,6.3734283,1.0584548,4.014555,282.7925
2025-03-28 23:00:00,0.9299576,-0.3420435,2.4062488,0.08543023,6.4073296,1.1175237,4.0160875,290.1938
2025-03-29 00:00:00,1.0680076,-0.6193633,2.461014,0.10028177,6.5002065,1.1584743,3.954978,300.11047
2025-03-29 01:00:00,1.1782829,-0.8509798,2.5244272,0.3717124,6.517965,1.2664019,4.204359,305.8376
2025-03-29 02:00:00,1.2572005,-1.1211325,2.601628,0.13620538,6.6103554,1.2530148,4.4416165,311.7256
2025-03-29 03:00:00,1.3499826,-1.3274157,2.6778455,0.19134009,6.652165,1.2754561,4.5606117,314.5171
2025-03-29 04:00:00,1.4192773,-1.6113347,2.7942154,0.16114372,6.731103,1.2654351,4.715157,318.62613
2025-03-29 05:00:00,1.4368583,-1.8713498,2.8934684,0.16430481,6.720842,1.344298,5.0135155,322.48224
2025-03-29 06:00:00,1.5330555,-2.1703706,3.1185138,0.01945014,6.5287046,1.4434514,5.13881,324.76428
2025-03-29 07:00:00,1.628637,-2.4852035,3.3557036,0.15953161,6.4544516,1.5700854,5.2264,326.76184
2025-03-29 08:00:00,1.6045755,-2.9602757,3.742687,0.18610501,6.891481,1.705378,5.5623794,331.5407
2025-03-29 09:00:00,1.6488317,-3.2565303,4.031301,0.096678056,6.9713073,2.0696797,5.736289,333.14618
2025-03-29 10:00:00,1.637101,-3.2685614,4.011094,1.4120967,6.3057,2.3579443,5.492049,333.39542
2025-03-29 11:00:00,1.8125895,-3.4362888,4.253539,1.1709993,6.60652,2.7464561,5.482008,332.18903
2025-03-29 12:00:00,1.9681962,-3.4879522,4.3889704,1.5822425,6.945244,3.089647,5.454644,330.56464
2025-03-29 13:00:00,2.1280954,-3.543549,4.5320406,1.6602328,7.6647797,3.3692462,5.617851,329.01288
2025-03-29 14:00:00,2.2364836,-3.586274,4.648509,1.4158626,7.987608,3.4455347,5.761255,328.05136
2025-03-29 15:00:00,2.3045485,-3.4744675,4.5968533,1.359959,8.340034,3.2449481,5.5872507,326.44443
2025-03-29 16:00:00,2.2284129,-3.153579,4.3219633,1.1291885,9.007031,2.9690669,5.341367,324.75385
2025-03-29 17:00:00,2.0659497,-2.592446,3.8503685,0.8391509,9.060856,2.532212,5.362667,321.44824
2025-03-29 18:00:00,1.8662381,-2.1207783,3.4524055,0.9589377,8.352692,2.025638,5.249053,318.65292
2025-03-29 19:00:00,1.8730477,-1.7154583,3.3028226,0.9057931,8.7863455,1.9153116,5.1645603,312.48547
2025-03-29 20:00:00,1.8929303,-1.2921242,3.2018435,1.0061569,10.081576,1.8043003,5.066397,304.31766
2025-03-29 21:00:00,1.9304026,-0.7869737,3.1735787,0.87270814,11.459767,1.7747043,5.099371,292.1794
2025-03-29 22:00:00,2.0031874,0.031280518,3.0372708,0.9098819,12.986402,1.6397368,4.934102,269.10538
2025-03-29 23:00:00,2.1526732,0.52715284,3.213342,0.40914556,14.349767,1.6565025,5.471033,256.24002
2025-03-30 00:00:00,2.3820496,0.9913487,3.4356987,0.2107264,14.181459,1.6533858,6.179118,247.40416
2025-03-30 01:00:00,2.6258392,1.3539705,3.7049763,0.13610737,14.7542925,1.5886548,6.958571,242.72285
2025-03-30 02:00:00,2.859003,1.6062766,3.9602356,0.37363267,14.820427,1.6541224,7.314822,240.67137
2025-03-30 03:00:00,3.0989342,1.822763,4.2194624,0.2720606,14.545944,1.6636186,7.990051,239.53638
2025-03-30 04:00:00,3.276205,1.9643018,4.375489,0.23072116,13.875928,1.6096126,8.393029,239.05452
2025-03-30 05:00:00,3.4440885,2.1436932,4.534564,0.33081385,12.86055,1.5825838,8.573338,238.10075
2025-03-30 06:00:00,3.7624042,2.319076,4.879227,0.3053959,13.659212,1.9791147,8.715835,238.35109
2025-03-30 07:00:00,4.0413604,2.3153129,5.1275663,0.22408552,13.873033,2.1043446,9.236492,240.19142
2025-03-30 08:00:00,4.596897,2.163493,5.531459,0.26589972,14.092595,2.6845336,9.28484,244.79636
2025-03-30 09:00:00,5.425665,1.8594595,6.17623,0.80901545,13.946495,3.6175926,9.938483,251.08261
2025-03-30 10:00:00,5.35475,1.2774014,6.0475693,0.45480368,13.848056,3.698246,9.233143,256.58258
2025-03-30 11:00:00,5.855333,0.9281513,6.467643,1.7278636,13.491358,4.346534,9.309578,260.99277
2025-03-30 12:00:00,6.0885386,0.49115443,6.644233,1.4174967,12.989594,4.6959743,8.940383,265.388
2025-03-30 13:00:00,6.287922,-0.06847196,6.816338,1.7309989,13.229338,4.997925,8.881407,270.6239
2025-03-30 14:00:00,6.2831354,-0.62699604,6.8377643,1.5549356,12.97564,4.952962,9.371781,275.6987
2025-03-30 15:00:00,6.0562363,-1.1442653,6.6332016,1.9093494,13.262105,4.5495563,9.209268,280.69934
2025-03-30 16:00:00,5.7802787,-1.5374863,6.3577194,1.5037174,13.140606,4.198105,8.414829,284.8951
2025-03-30 17:00:00,5.4609227,-1.8969265,6.055029,1.1717669,13.266771,3.8004482,8.028494,289.15536
2025-03-30 18:00:00,5.0725756,-2.1419823,5.7370634,1.1250981,13.120372,3.565638,7.5910954,292.89273
2025-03-30 19:00:00,4.8149953,-2.3595936,5.5856223,1.0987895,12.7557745,3.488354,7.279487,296.1072
2025-03-30 20:00:00,4.5253677,-2.5931454,5.443478,1.2003866,12.316618,3.4148333,7.177521,299.81375
2025-03-30 21:00:00,4.1964617,-2.752048,5.253814,1.2473459,11.764317,3.197608,7.016709,303.25693
2025-03-30 22:00:00,3.643701,-2.6877086,4.730019,1.2436216,11.2442875,3.1058292,6.6083646,306.41364
2025-03-30 23:00:00,3.4864135,-2.648402,4.588876,1.0823174,10.890755,2.8645015,6.471762,307.2216
2025-03-31 00:00:00,3.3393679,-2.7588286,4.552033,1.0181172,11.024412,2.7791426,6.4101357,309.56192
2025-03-31 01:00:00,3.2289038,-2.9305944,4.587836,1.0689992,10.711578,2.7207754,6.6483736,312.2273
2025-03-31 02:00:00,3.0340548,-3.1328397,4.5703325,1.0711528,10.665023,2.7086873,6.7002606,315.91772
2025-03-31 03:00:00,2.840942,-3.2435021,4.502809,1.1466161,10.52969,2.6062434,6.6285515,318.7853
2025-03-31 04:00:00,2.6111197,-3.3057182,4.410675,1.3235778,10.58404,2.4908502,6.9299216,321.6955
2025-03-31 05:00:00,2.421296,-3.2912467,4.321155,1.0773544,10.479507,2.4439342,7.045157,323.65894
2025-03-31 06:00:00,2.2725084,-3.3847175,4.3322725,0.90708464,9.983547,2.3809457,6.9170227,326.12247
2025-03-31 07:00:00,2.1299756,-3.8770928,4.652686,0.9013594,9.265602,2.7420483,6.5933247,331.21674
2025-03-31 08:00:00,1.6299137,-4.4083743,4.9257226,1.3798567,8.459861,3.3631496,6.2272205,339.70908
2025-03-31 09:00:00,1.3609326,-4.215083,4.63716,1.4150488,7.9994893,3.3302832,5.9742804,342.10617
2025-03-31 10:00:00,1.4063503,-3.8260245,4.258676,1.6545613,8.085063,2.5724866,5.750383,339.81784
2025-03-31 11:00:00,1.5072722,-4.0264883,4.4429398,1.7562962,7.7457805,2.8357375,5.8030925,339.47714
2025-03-31 12:00:00,1.5639162,-4.131716,4.560614,1.8488156,7.5670652,3.2014687,5.810698,339.26758
2025-03-31 13:00:00,1.4143784,-4.2174616,4.5893626,1.6704289,7.271658,3.3367677,5.7637024,341.46048
2025-03-31 14:00:00,1.2854342,-4.334008,4.650529,1.616305,7.154401,3.3987832,5.7231026,343.48004
2025-03-31 15:00:00,0.98047537,-4.300127,4.5641627,1.8331261,7.04308,3.3458116,5.622206,347.15552
2025-03-31 16:00:00,0.76323146,-4.065289,4.324693,1.4050075,7.2610455,3.109571,5.4678946,349.36685
2025-03-31 17:00:00,0.51395315,-3.4882762,3.7299018,1.1774619,7.091213,2.519752,4.980856,351.6185
2025-03-31 18:00:00,0.34072465,-3.029497,3.2554827,0.9285937,6.9639816,2.031694,4.762448,353.58295
2025-03-31 19:00:00,0.1681865,-2.8260322,3.041496,0.97259253,6.865283,1.8748084,4.6964006,356.59415
2025-03-31 20:00:00,0.00930085,-2.652074,2.862367,0.9048022,6.592359,1.7833601,4.492695,359.79907
2025-03-31 21:00:00,-0.06974132,-2.5268748,2.7307289,0.89403224,6.5262475,1.7635653,4.347262,1.5809326
2025-03-31 22:00:00,-0.4425552,-2.45931,2.7154868,0.7242606,6.192001,1.6588669,4.2602606,10.201233
2025-03-31 23:00:00,-0.4175848,-2.3651993,2.6458068,1.1675535,5.950567,1.6974727,4.1130104,10.012604
2025-04-01 00:00:00,-0.46126866,-2.2760224,2.5625448,0.92349535,5.666223,1.7026128,4.0896363,11.4566345
2025-04-01 01:00:00,-0.5608533,-2.2224035,2.5262992,0.7674955,5.4185166,1.6747799,4.0596466,14.163635
2025-04-01 02:00:00,-0.69854325,-2.24191,2.5984025,0.81748396,5.476174,1.6833768,4.221964,17.306183
2025-04-01 03:00:00,-0.8589886,-2.2385323,2.6439903,0.636557,5.8195853,1.6887915,4.224074,20.993225
2025-04-01 04:00:00,-1.0282288,-2.2540514,2.712557,0.29156795,6.034285,1.7336339,4.279453,24.520996
2025-04-01 05:00:00,-1.2296122,-2.284707,2.8148024,0.354541,6.112288,1.8222051,4.293195,28.288818
2025-04-01 06:00:00,-1.5959547,-2.4713337,3.1617713,0.30618492,6.0116024,2.1706164,4.4554324,32.85382
2025-04-01 07:00:00,-2.1434546,-2.530492,3.4968753,0.20882797,6.5153136,2.066867,5.133825,40.266296
2025-04-01 08:00:00,-2.8085198,-2.5066462,3.9401312,0.76130253,7.0490937,2.193696,5.6710334,48.25061
2025-04-01 09:00:00,-3.3913207,-2.430394,4.359651,1.2353867,7.711231,2.351091,6.4406805,54.37268
2025-04-01 10:00:00,-3.345306,-2.1018558,4.1618958,1.2928281,7.077033,2.3187335,5.9482574,57.858826
2025-04-01 11:00:00,-3.694107,-2.189352,4.522576,1.3368723,7.8128524,2.7317882,6.3893323,59.346436
2025-04-01 12:00:00,-3.8868697,-2.2731025,4.7736998,1.0721465,8.508796,3.0579362,6.6341367,59.680237
2025-04-01 13:00:00,-4.0758915,-2.2123137,4.9401116,0.64496994,9.002171,3.1150923,6.695931,61.50775
2025-04-01 14:00:00,-4.1180534,-2.2921793,5.0317283,0.69036204,9.210343,3.125334,7.222983,60.898926
2025-04-01 15:00:00,-4.120801,-2.3082721,5.0615587,0.6151667,9.166181,3.2066665,7.4923286,60.744568
2025-04-01 16:00:00,-3.7298634,-2.300731,4.7107124,0.35691768,9.132856,2.5890646,7.0505476,58.33203
2025-04-01 17:00:00,-3.2293882,-2.2681117,4.220375,0.17904574,8.271279,2.0919223,6.606307,54.918274
2025-04-01 18:00:00,-3.1129076,-2.2681563,4.0763016,0.2586365,8.164617,2.1327894,6.5051236,53.921814
2025-04-01 19:00:00,-3.2507877,-2.195704,4.1196923,0.19138522,8.29285,2.2584496,6.5056505,55.96344
2025-04-01 20:00:00,-3.4373467,-2.0365098,4.166246,0.22386952,8.35394,2.4086792,6.411331,59.354736
2025-04-01 21:00:00,-3.5375266,-1.8683316,4.144553,0.47376275,8.519686,2.5239215,6.3755574,62.159363
2025-04-01 22:00:00,-3.5319061,-1.738452,4.0871677,0.7269075,8.602527,2.3015223,6.136331,63.79297
2025-04-01 23:00:00,-3.5483167,-1.6147724,4.047806,0.479094,7.954827,2.3402295,6.037179,65.53058
2025-04-02 00:00:00,-3.4654474,-1.5231897,3.953394,0.57772624,7.6842065,2.313582,5.8270073,66.272766
2025-04-02 01:00:00,-3.4136662,-1.433402,3.8795586,0.6158309,7.45016,2.2545438,5.774377,67.22241
2025-04-02 02:00:00,-3.3514194,-1.415296,3.826572,0.5372756,7.117167,2.2202244,5.7888346,67.105774
2025-04-02 03:00:00,-3.3267105,-1.393796,3.796611,0.3457587,7.097863,2.2209651,5.816395,67.2677
2025-04-02 04:00:00,-3.2913451,-1.4213748,3.783331,0.2046257,7.155786,2.2101212,5.824571,66.64279
2025-04-02 05:00:00,-3.2918618,-1.4204237,3.787756,0.15744583,7.251736,2.1875222,5.9050193,66.66
2025-04-02 06:00:00,-3.4286437,-1.4790386,3.9410226,0.229356,7.4889,2.3686676,6.016539,66.66571
2025-04-02 07:00:00,-3.5967386,-1.4280243,4.036936,0.6130418,8.354354,2.6177936,5.8800397,68.345276
2025-04-02 08:00:00,-4.0662184,-1.3150127,4.4324727,0.7994237,9.246723,2.9619474,6.647061,72.0788
2025-04-02 09:00:00,-4.332865,-1.2477124,4.6642504,0.5202843,8.477168,3.1766796,6.8184094,73.935455
2025-04-02 10:00:00,-4.1601143,-1.3972597,4.5562825,0.46968067,7.631041,2.9513872,6.411274,71.434326
2025-04-02 11:00:00,-4.6508393,-1.3901285,5.0519958,0.74019665,8.816242,3.284373,7.0649548,73.35864
2025-04-02 12:00:00,-4.986253,-1.318747,5.3785105,0.73874724,8.704326,3.5668855,7.481402,75.18579
2025-04-02 13:00:00,-5.161689,-1.2965034,5.561385,0.94780725,8.695799,3.7707355,7.5641026,75.90024
2025-04-02 14:00:00,-5.109044,-1.4137738,5.552223,1.1268208,8.839926,3.9716716,7.4362555,74.532166
2025-04-02 15:00:00,-5.0172987,-1.5031478,5.487396,1.2524638,9.280772,4.026811,7.339555,73.32214
2025-04-02 16:00:00,-4.525351,-1.5677779,5.01492,1.190193,9.713657,3.4288082,6.778102,70.89166
2025-04-02 17:00:00,-4.1067295,-1.5534078,4.578761,0.89082426,10.043471,2.7655182,6.2579503,69.280396
2025-04-02 18:00:00,-4.0120306,-1.464935,4.4331985,0.8675346,10.363288,2.4851894,6.0994883,69.94104
2025-04-02 19:00:00,-4.066875,-1.2372936,4.394748,0.78960955,10.399334,2.4619431,5.9798317,73.07831
2025-04-02 20:00:00,-4.046748,-0.97842616,4.298912,0.8947462,10.228158,2.3770077,5.831998,76.40784
2025-04-02 21:00:00,-3.941174,-0.7292654,4.1390495,0.13760173,9.786273,2.3146467,5.682039,79.51669
2025-04-02 22:00:00,-3.8544946,-0.5990052,4.0572658,0.14917153,9.918095,2.2341177,5.8530426,81.166626
2025-04-02 23:00:00,-3.6127992,-0.43136555,3.8056753,0.047449235,8.960719,2.0981853,5.639385,83.19116
2025-04-03 00:00:00,-3.3853648,-0.3962918,3.5932064,0.08765497,8.286087,2.0071223,5.3518753,83.3233
2025-04-03 01:00:00,-3.19353,-0.37082815,3.4150586,0.16484822,7.902952,1.9265015,4.985307,83.376526
2025-04-03 02:00:00,-3.0501928,-0.35430413,3.2882097,0.17175819,7.7329483,1.9108828,4.850862,83.37433
2025-04-03 03:00:00,-2.9092305,-0.33962682,3.162884,0.10971087,7.6356306,1.7479964,4.751951,83.34137
2025-04-03 04:00:00,-2.7829945,-0.34537774,3.0504706,0.06928853,7.5637493,1.6627834,4.6732283,82.9256
2025-04-03 05:00:00,-2.7060738,-0.30114746,2.97661,0.10555079,7.583533,1.6595088,4.5373955,83.6499
2025-04-03 06:00:00,-2.7569263,-0.2399197,3.027286,0.054499906,7.4337993,1.5400951,4.514088,85.02637
2025-04-03 07:00:00,-2.650386,-0.12178287,2.8438227,0.10376304,7.2920403,1.3099309,4.320001,87.36914
2025-04-03 08:00:00,-2.7913551,0.0059880437,2.942014,0.10440772,7.072182,1.3615279,4.6593933,90.122925
2025-04-03 09:00:00,-2.8186426,0.008471515,2.9952264,0.0073296367,6.7152395,1.5780596,4.6974926,90.17221
2025-04-03 10:00:00,-2.7359104,-0.22071756,2.9623728,0.45598605,6.803066,1.5713646,4.580426,85.387695
2025-04-03 11:00:00,-2.9112718,-0.32579824,3.1801429,0.5260985,6.82506,1.9375808,4.721632,83.614624
2025-04-03 12:00:00,-3.0476248,-0.40520868,3.3478813,0.23367424,7.1066027,2.2040675,4.7138247,82.42645
2025-04-03 13:00:00,-3.0884094,-0.46523264,3.420319,0.6546185,7.475925,2.2784245,4.671301,81.43347
2025-04-03 14:00:00,-3.070016,-0.5791758,3.4336748,0.50695544,7.9087577,2.375844,4.4931545,79.31641
2025-04-03 15:00:00,-3.029532,-0.64630294,3.394259,0.47737944,8.286017,2.4271116,4.275119,77.95737
2025-04-03 16:00:00,-2.6755042,-0.73419935,3.033806,0.35913056,8.3179245,2.1060557,3.8553443,74.65488
2025-04-03 17:00:00,-2.0777836,-0.836825,2.4554718,0.3207814,7.8867993,1.6625906,3.2297914,68.06293
2025-04-03 18:00:00,-2.202635,-0.8523151,2.5881364,0.93663466,7.2020454,1.9203069,3.1869628,68.84592
2025-04-03 19:00:00,-2.309571,-0.5964764,2.6281068,0.19541937,6.8444805,1.9190377,3.4508562,75.51904
2025-04-03 20:00:00,-2.2860034,-0.29105604,2.5789862,0.28368062,6.384555,1.8960104,3.3366568,82.74408
2025-04-03 21:00:00,-2.2059298,-0.0047661033,2.5301309,0.28181466,5.9408026,1.8540627,3.3063598,89.87619
2025-04-03 22:00:00,-2.2030923,0.023899388,2.562634,0.16899443,5.955588,1.8097289,3.2682836,90.62154
2025-04-03 23:00:00,-2.0055006,0.21365398,2.4277508,0.04260161,5.5119214,1.6428255,3.1613789,96.081024
2025-04-04 00:00:00,-1.7376037,0.25606352,2.2729456,0.07109813,5.3883185,1.3140787,2.993713,98.38312
2025-04-04 01:00:00,-1.4808313,0.19462214,2.1381717,0.053878844,5.467687,1.1366513,2.8846283,97.487335
2025-04-04 02:00:00,-1.2723293,0.054562956,2.0463047,0.019441212,6.0163627,1.0507871,2.81907,92.4556
2025-04-04 03:00:00,-1.1142199,-0.11162753,1.9777067,0.03900267,6.364457,0.92313546,2.810634,84.27893
2025-04-04 04:00:00,-1.0150613,-0.27949235,1.931644,0.07436805,6.5313377,0.83008885,2.7580268,74.60535
2025-04-04 05:00:00,-0.9496427,-0.27815536,1.8971504,0.07178973,6.352708,0.83836,2.7853472,73.67441
2025-04-04 06:00:00,-0.9197367,-0.24448209,1.8811371,0.04670578,5.846828,0.73446244,2.990294,75.11401
2025-04-04 07:00:00,-0.8868305,-0.2859023,1.730545,0.08250679,5.81385,0.5464559,3.2728055,72.13135
2025-04-04 08:00:00,-0.8495075,-0.40064383,1.6600857,0.05743238,5.8329225,0.4106966,3.2953482,64.75055
2025-04-04 09:00:00,-0.94438297,-0.551931,1.9109675,0.008751311,5.745304,0.5691755,3.6392112,59.696472
2025-04-04 10:00:00,-1.1029556,-0.83034575,2.0701764,0.081140324,6.5024247,0.75189054,3.6885293,53.026184
2025-04-04 11:00:00,-1.2874739,-0.97413635,2.345415,0.06443596,6.931986,0.90385115,3.9616528,52.88788
2025-04-04 12:00:00,-1.3288174,-1.0232445,2.4692037,0.034420233,7.0009947,0.9662009,4.168217,52.40222
2025-04-04 13:00:00,-1.2194536,-1.2275729,2.5192673,0.09608884,6.8519673,1.0926635,4.18084,44.809875
2025-04-04 14:00:00,-1.2113594,-1.5090761,2.6716032,0.23741569,7.6514454,1.2479904,4.355419,38.754578
2025-04-04 15:00:00,-1.2481533,-1.8292875,2.8647172,0.08306911,8.035264,1.4184339,4.9481516,34.306366
2025-04-04 16:00:00,-1.2028306,-1.9086002,2.7594182,0.3416065,8.172501,1.208151,5.68568,32.219788
2025-04-04 17:00:00,-1.0356697,-1.98989,2.6772285,0.11036604,8.181143,1.3350263,5.8300605,27.495422
2025-04-04 18:00:00,-1.2738285,-2.126478,2.9351196,0.17868716,8.574145,1.683314,5.6177015,30.922974
2025-04-04 19:00:00,-1.4518247,-2.0499566,2.977284,0.14366013,8.809406,1.6542815,5.273487,35.306976
2025-04-04 20:00:00,-1.5319346,-1.9199635,2.931705,0.20417373,8.820922,1.4728266,4.9967074,38.586304
2025-04-04 21:00:00,-1.4824833,-1.7561971,2.7927308,0.16950722,8.146435,1.2770818,4.632727,40.16919
2025-04-04 22:00:00,-1.4401084,-1.7519993,2.8010907,0.15268584,7.989764,1.3082926,4.5199127,39.419495
2025-04-04 23:00:00,-1.2192795,-1.7369459,2.7023492,0.06600994,7.783862,1.1915349,4.286876,35.067596
2025-04-05 00:00:00,-1.0792063,-1.8602588,2.755095,0.09933376,7.9568243,1.132211,4.7476797,30.119629
2025-04-05 01:00:00,-1.0160964,-1.9527988,2.8302581,0.081056386,8.107926,1.0998468,4.8331466,27.489227
2025-04-05 02:00:00,-1.001156,-2.0346215,2.8972547,0.073912084,8.60645,1.0864592,4.9519258,26.199951
2025-04-05 03:00:00,-0.98105603,-2.130275,2.9545834,0.15945049,8.527143,1.0928074,5.603665,24.727478
2025-04-05 04:00:00,-1.0282276,-2.2245047,3.0393753,0.1655781,9.048459,1.1206318,6.3937783,24.807678
2025-04-05 05:00:00,-1.0852921,-2.244856,3.0692446,0.08457016,8.898745,1.1158,7.0609417,25.801788
2025-04-05 06:00:00,-1.1576823,-2.3880236,3.2367792,0.061822463,10.219391,1.0691656,7.567551,25.863495
2025-04-05 07:00:00,-1.4241242,-2.566209,3.4227164,0.090810634,10.854673,1.0475163,7.71686,29.028198
2025-04-05 08:00:00,-1.5986484,-2.7119367,3.5815532,0.06731196,10.476318,1.0664248,7.724685,30.518738
2025-04-05 09:00:00,-1.6914788,-2.9148085,3.840873,0.065326646,9.828104,1.535355,7.28116,30.126831
2025-04-05 10:00:00,-1.8369536,-2.816288,3.880445,0.25075173,9.798959,1.7657456,6.8809805,33.114807
2025-04-05 11:00:00,-1.6765611,-3.1627977,4.1221695,0.44152224,10.273897,2.0066266,6.2887006,27.92752
2025-04-05 12:00:00,-1.5585678,-3.5405984,4.3865266,0.5850912,10.407558,2.1781447,6.2174044,23.759033
2025-04-05 13:00:00,-1.5378224,-3.8659272,4.6585803,0.7533131,10.885,2.4346862,6.5496335,21.692108
2025-04-05 14:00:00,-1.61969,-4.1567817,4.9340386,0.69582564,10.757548,2.7951822,6.8084373,21.28836
2025-04-05 15:00:00,-1.8927265,-4.2743363,5.117244,0.62859297,10.536271,3.07183,7.00623,23.884338
2025-04-05 16:00:00,-2.1957664,-4.18877,5.1253514,0.49667305,10.10528,2.8424637,7.049368,27.663666
2025-04-05 17:00:00,-2.3226652,-3.8512855,4.841075,0.15228818,9.8671055,2.3856206,6.6980667,31.093689
2025-04-05 18:00:00,-2.5684154,-3.6389222,4.764679,0.5071286,10.075956,2.446104,6.572121,35.215088
2025-04-05 19:00:00,-2.9123907,-3.4113374,4.7891607,0.5095037,10.583566,2.5439913,6.599369,40.488647
2025-04-05 20:00:00,-3.197607,-3.1200817,4.8003097,0.8448343,10.69449,2.5997806,6.6070056,45.703033
2025-04-05 21:00:00,-3.3550687,-2.8093255,4.746875,1.2371517,11.039957,2.662609,6.420794,50.059296
2025-04-05 22:00:00,-3.1646333,-2.3646784,4.415639,1.3190286,9.852005,2.601128,5.970973,53.232178
2025-04-05 23:00:00,-3.0562081,-2.154642,4.270598,1.4897282,10.364825,2.266796,5.7215633,54.81598
2025-04-06 00:00:00,-2.9314353,-2.0612662,4.175751,1.3733357,10.542064,2.0945106,5.6341853,54.886658
2025-04-06 01:00:00,-2.7699485,-1.9252195,4.0459247,0.67095804,10.44571,1.959852,5.5547214,55.19922
2025-04-06 02:00:00,-2.5609972,-1.8458141,3.8562753,0.2488199,10.438872,1.7606392,5.4654803,54.2182
2025-04-06 03:00:00,-2.3482542,-1.8931308,3.7291622,0.17866734,10.224202,1.6370666,5.367323,51.124695
2025-04-06 04:00:00,-2.209954,-1.976148,3.673549,0.131078,10.150333,1.5718428,5.358473,48.196808
2025-04-06 05:00:00,-2.1483483,-2.0851982,3.7076309,0.17534523,10.199057,1.531413,5.4858923,45.854584
2025-04-06 06:00:00,-2.2823098,-2.2370048,3.917684,0.21451513,10.393078,1.7087334,5.83742,45.57434
2025-04-06 07:00:00,-2.645721,-2.3556135,4.274226,0.15629703,10.10113,1.7526896,6.1443715,48.319763
2025-04-06 08:00:00,-2.908719,-2.3450754,4.5095496,0.24566582,9.665823,2.1477888,6.1431494,51.123444
2025-04-06 09:00:00,-2.9525592,-2.3159552,4.5106883,0.14573789,8.849154,2.4939997,5.9740624,51.88974
2025-04-06 10:00:00,-2.2121775,-2.156319,3.7710345,0.33030224,7.3256607,2.4102316,5.153383,45.732574
2025-04-06 11:00:00,-2.1574855,-2.3672996,3.898414,0.9526481,7.0176477,2.6834848,5.2645183,42.345093
2025-04-06 12:00:00,-1.9313519,-2.495614,3.9169369,0.41019875,6.94113,2.634936,5.3477764,37.736206
2025-04-06 13:00:00,-1.7127409,-2.6348786,3.9293427,0.49856776,6.9081883,2.4881434,5.48717,33.024933
2025-04-06 14:00:00,-1.5214097,-2.7666106,3.9629312,0.33552334,7.1507535,2.4877107,5.5650206,28.80719
2025-04-06 15:00:00,-1.4020299,-2.897904,4.058772,0.47771508,7.987684,2.6271935,5.5706654,25.818085
2025-04-06 16:00:00,-1.3479289,-2.9103568,4.0761795,0.53350747,8.349952,2.5789254,5.4964724,24.851166
2025-04-06 17:00:00,-1.232796,-2.6857338,3.7843347,0.47662684,8.911885,2.4430206,5.1604013,24.655884
2025-04-06 18:00:00,-0.98774016,-2.2657099,3.2617123,0.15244237,8.988333,1.8071231,5.1287894,23.55487
2025-04-06 19:00:00,-1.0144295,-2.1281347,3.2231245,0.52884394,9.696893,1.8504132,5.2678514,25.485962
2025-04-06 20:00:00,-1.0221913,-1.9126332,3.1309278,0.389386,9.588535,1.809493,5.0849442,28.121918
2025-04-06 21:00:00,-0.9732629,-1.6759276,2.9950404,0.3103306,9.274212,1.7320037,5.008041,30.14505
2025-04-06 22:00:00,-0.91006184,-1.5716236,2.8450816,0.25182644,8.020196,1.5625392,4.9156365,30.073334
2025-04-06 23:00:00,-0.74970263,-1.3794601,2.697936,0.3431787,7.65631,1.4135886,4.64982,28.52298
2025-04-07 00:00:00,-0.54881036,-1.2931081,2.581605,0.14543349,7.387352,1.2951639,4.268221,22.996948
2025-04-07 01:00:00,-0.37111354,-1.2298084,2.5184045,0.051554896,6.912965,1.2097081,4.1053863,16.791992
2025-04-07 02:00:00,-0.19562799,-1.164446,2.4341526,0.16910346,6.6422744,1.0658491,3.9007998,9.536682
2025-04-07 03:00:00,-0.03252885,-1.1847439,2.411127,0.113510355,6.8057137,1.0791236,3.865236,1.5727539
2025-04-07 04:00:00,0.122873254,-1.2470864,2.455676,0.058401417,7.309456,1.1002157,3.8223486,354.3729
2025-04-07 05:00:00,0.19408438,-1.3073239,2.525451,0.124925815,7.685544,1.0671945,3.8399858,351.55557
2025-04-07 06:00:00,0.24045873,-1.3616217,2.7385998,0.1976912,8.104291,1.0817071,4.2331033,349.985
2025-04-07 07:00:00,0.2009199,-1.4657749,2.8068779,0.18920077,8.173363,1.0124681,4.573684,352.1949
2025-04-07 08:00:00,0.14512263,-1.5841972,3.0833545,0.23909725,8.273935,1.197907,4.92159,354.76593
2025-04-07 09:00:00,0.053879607,-1.7498454,3.283242,0.2781119,8.233726,1.4752935,5.133276,358.23636
2025-04-07 10:00:00,0.11743535,-1.6049166,3.076954,0.1434752,7.914367,1.3209976,4.888648,355.815
2025-04-07 11:00:00,0.23218268,-1.7776811,3.1928678,0.0663491,7.6653385,1.3929217,5.1139135,352.55872
2025-04-07 12:00:00,0.29442576,-1.9689571,3.2838886,0.047475282,7.2062197,1.5039737,5.256748,351.49536
2025-04-07 13:00:00,0.24198213,-2.1803,3.356776,0.24237858,6.828225,1.6754123,5.37264,353.6669
2025-04-07 14:00:00,0.18272689,-2.327605,3.3648984,0.23888367,6.9762826,1.7925314,5.2530193,355.51123
2025-04-07 15:00:00,0.029518334,-2.4219723,3.354091,0.7829799,6.6703887,1.962489,5.006974,359.30173
2025-04-07 16:00:00,-0.18379046,-2.3375967,3.1949513,0.49919158,6.407698,2.0094125,4.4896855,4.4955444
2025-04-07 17:00:00,-0.17397287,-1.8973826,2.6053896,0.40530902,6.2176027,1.43306,3.869398,5.238861
2025-04-07 18:00:00,-0.23239136,-1.728523,2.451007,0.5834379,6.2140803,1.6341712,3.6610367,7.6572266
2025-04-07 19:00:00,-0.37556332,-1.6246507,2.486808,0.29517922,6.078613,1.6168141,3.7180622,13.016174
2025-04-07 20:00:00,-0.44318163,-1.3990338,2.386565,0.1262069,5.4953876,1.4997499,3.6199899,17.576996
2025-04-07 21:00:00,-0.4393521,-1.1958821,2.2331986,0.060832277,4.6999526,1.3530014,3.4211645,20.172699
2025-04-07 22:00:00,-0.4938969,-0.99489,2.1491942,0.017292686,4.7651553,1.2839304,3.343711,26.401337
2025-04-07 23:00:00,-0.47395945,-0.84528124,1.9999534,0.09293923,4.733986,1.1986662,3.0367286,29.279877
2025-04-08 00:00:00,-0.43220767,-0.8342739,1.9328526,0.18499717,4.3694406,1.1610607,2.782144,27.387085
2025-04-08 01:00:00,-0.4043084,-0.80738956,1.9025853,0.04448161,4.9562,1.1139972,2.6496823,26.599884
2025-04-08 02:00:00,-0.41030473,-0.82052326,1.8862164,0.068850055,4.9189854,1.0893449,2.659786,26.567444
2025-04-08 03:00:00,-0.3726522,-0.821461,1.8431925,0.04945547,4.6371446,1.0471257,2.6154604,24.401215
2025-04-08 04:00:00,-0.3954414,-0.7964032,1.8080589,0.13981172,4.496772,1.0444332,2.5336366,26.405975
2025-04-08 05:00:00,-0.4216886,-0.7127694,1.7620536,0.10511957,4.147239,0.99220085,2.5566504,30.609406
2025-04-08 06:00:00,-0.5361506,-0.76395273,1.8441614,0.104823075,4.0269113,0.9049311,2.748713,35.061615
2025-04-08 07:00:00,-0.6033037,-0.66415733,1.5954509,0.13445364,4.126738,0.7062308,2.6236892,42.25122
2025-04-08 08:00:00,-0.7907158,-0.7339663,1.7614441,0.054943256,4.5183525,0.76437044,2.9456918,47.13159
2025-04-08 09:00:00,-1.0145619,-0.7809085,1.9995759,0.08391116,5.220031,0.70607233,3.5469048,52.41449
2025-04-08 10:00:00,-0.93490887,-0.6147296,1.7943538,0.048023812,5.0883393,0.53093576,3.341782,56.67392
2025-04-08 11:00:00,-0.8440337,-0.6973642,1.8644677,0.045114014,4.9861016,0.57433414,3.3747158,50.435547
2025-04-08 12:00:00,-0.6494207,-0.8593185,1.9039688,0.07633314,5.120333,0.6099839,3.3445404,37.079773
2025-04-08 13:00:00,-0.55010533,-1.0518353,1.9682657,0.05613925,5.125848,0.6284749,3.3600485,27.609375
2025-04-08 14:00:00,-0.47598925,-1.2259624,2.0353432,0.020510929,4.9184837,0.7011636,3.395843,21.219086
2025-04-08 15:00:00,-0.49983752,-1.3425251,2.1149554,0.12459137,4.984615,0.8485086,3.3463562,20.420868
2025-04-08 16:00:00,-0.55087775,-1.3505558,2.1297958,0.025711512,5.03458,0.9839374,3.2733362,22.190033
2025-04-08 17:00:00,-0.4675565,-1.1670812,1.867109,0.015810816,5.344991,0.9143316,3.1314867,21.832031
2025-04-08 18:00:00,-0.6388735,-1.2321703,2.1244652,0.14165583,5.8410954,1.2100695,3.3068101,27.406494
2025-04-08 19:00:00,-0.7961137,-1.1020145,2.231382,0.061077286,5.810166,1.256355,3.4843516,35.84497
2025-04-08 20:00:00,-0.8164677,-0.8559067,2.2291548,0.09577568,5.911788,1.2061495,3.4627268,43.649048
2025-04-08 21:00:00,-0.75964934,-0.65493155,2.1844459,0.097924255,6.414107,1.104323,3.3676941,49.233704
2025-04-08 22:00:00,-0.5608916,-0.75489724,2.083708,0.10496625,6.2470675,1.0604478,3.5139198,36.612488
2025-04-08 23:00:00,-0.41311273,-0.5361307,1.9887489,0.10803469,5.897663,1.0546019,3.432475,37.615845
2025-04-09 00:00:00,-0.19026679,-0.48196122,1.9207411,0.021536255,5.6166005,0.9830153,3.4764543,21.542908
2025-04-09 01:00:00,0.04240665,-0.49573043,1.8836478,0.054816235,5.998572,0.8843868,3.373247,355.1106
2025-04-09 02:00:00,0.19379488,-0.5779452,1.8998935,0.07452588,6.86772,0.8160726,3.4306812,341.46283
2025-04-09 03:00:00,0.31996486,-0.6787798,1.9615691,0.14879732,7.5588126,0.8447524,3.6601417,334.76163
2025-04-09 04:00:00,0.37028462,-0.8321748,2.003976,0.1122261,8.035724,0.8487826,3.8134625,336.01285
2025-04-09 05:00:00,0.43351704,-0.97256017,1.9947072,0.04487835,8.141317,0.750095,3.854833,335.97516
2025-04-09 06:00:00,0.5457446,-1.0994143,2.14199,0.0282695,7.8196173,0.6939429,4.019111,333.6004
2025-04-09 07:00:00,0.55296284,-1.2989337,2.0158262,0.16844997,8.1649475,0.52596784,4.3478184,336.9403
2025-04-09 08:00:00,0.6167223,-1.5293554,2.1937144,0.063580684,8.493124,0.7190011,4.374792,338.03793
2025-04-09 09:00:00,0.6836193,-1.8330903,2.5071816,0.08219084,8.181145,1.0395347,4.298117,339.54785
2025-04-09 10:00:00,0.6927041,-1.8494217,2.6942315,0.13822028,8.272606,1.174905,4.55245,339.46646
2025-04-09 11:00:00,1.0770086,-2.1796808,3.1071446,0.2589976,8.8461,1.5529139,4.904542,333.7054
2025-04-09 12:00:00,1.4291964,-2.419436,3.4174767,0.18548404,8.765255,1.6702049,5.666652,329.42902
2025-04-09 13:00:00,1.6307905,-2.6347985,3.6956217,0.123051286,8.827583,1.8803902,6.069175,328.24484
2025-04-09 14:00:00,1.8257067,-2.7398682,3.9293678,0.69160867,9.340284,2.1328437,6.0218015,326.32257
2025-04-09 15:00:00,1.9343917,-2.922352,4.133022,0.40655285,9.627824,2.3228896,6.443231,326.49823
2025-04-09 16:00:00,1.8604988,-2.8945832,4.073503,0.1879201,9.961688,2.1854773,6.5215344,327.26904
2025-04-09 17:00:00,1.8146074,-2.452483,3.6603765,0.39045078,10.497744,1.4960479,6.253498,323.502
2025-04-09 18:00:00,1.8558065,-2.2327316,3.5353522,0.10863012,10.556631,1.5879848,6.293611,320.26724
2025-04-09 19:00:00,1.8714356,-2.1446693,3.5632956,0.28067994,10.364953,1.6292524,6.433118,318.8921
2025-04-09 20:00:00,1.8630998,-2.1182275,3.5531242,0.16227956,10.672038,1.6427808,6.503689,318.66656
2025-04-09 21:00:00,1.7964283,-2.128097,3.5275834,0.08717622,10.998933,1.7132821,6.335372,319.8307
2025-04-09 22:00:00,1.4886961,-1.9040279,3.300278,0.1324055,10.416557,1.7900215,5.514638,321.97934
2025-04-09 23:00:00,1.5273516,-1.7657553,3.277108,0.17422342,9.36568,1.809509,4.9916925,319.1407
2025-04-10 00:00:00,1.5371127,-1.6739559,3.1976368,0.225031,9.387423,1.8502152,4.682229,317.44025
2025-04-10 01:00:00,1.506676,-1.6259044,3.0881293,0.39835957,9.16251,1.7660775,4.3262625,317.17966
2025-04-10 02:00:00,1.4635521,-1.5751804,2.904945,0.12610948,8.775734,1.6568264,3.976172,317.10382
2025-04-10 03:00:00,1.3940294,-1.472069,2.7154732,0.11491925,8.5929785,1.4825739,3.7075994,316.5597
2025-04-10 04:00:00,1.3308889,-1.4731742,2.6088355,0.16223277,8.408611,1.4262253,3.6028445,317.90485
2025-04-10 05:00:00,1.2578467,-1.4114705,2.4821236,0.09815402,8.197463,1.2933894,3.5258472,318.29382
2025-04-10 06:00:00,1.2599529,-1.5233225,2.5765166,0.084346265,7.729853,1.2527472,3.658619,320.40555
2025-04-10 07:00:00,1.187886,-1.838522,2.6923985,0.19403222,7.4816284,1.162826,3.978551,327.13312
2025-04-10 08:00:00,1.2877321,-1.8754581,2.7528212,0.066273026,7.454528,1.6169869,4.164611,325.52563
2025-04-10 09:00:00,1.5174602,-1.7661846,2.8709013,0.5761378,7.6594377,1.7161762,4.1451616,319.33167
2025-04-10 10:00:00,1.6655039,-1.602589,2.8675485,0.44269526,8.274418,1.5361371,4.1252713,313.89713
2025-04-10 11:00:00,2.0469785,-1.7067908,3.191691,0.42459664,8.066928,1.7046007,4.827076,309.8217
2025-04-10 12:00:00,2.3137505,-1.8094486,3.4773724,0.27173793,7.7448134,1.976352,5.372863,308.0269
2025-04-10 13:00:00,2.548958,-1.9387673,3.7528043,0.41641536,7.882603,2.1218712,6.007989,307.25705
2025-04-10 14:00:00,2.7345192,-2.0076728,3.9799232,0.54143316,8.573038,2.2530613,6.2922134,306.28595
2025-04-10 15:00:00,2.9085648,-1.9397159,4.1247425,0.89448845,10.337684,2.3116221,6.6822896,303.69925
2025-04-10 16:00:00,3.0368314,-1.7602898,4.1397505,0.9170319,11.323589,2.227116,7.1486297,300.0986
2025-04-10 17:00:00,3.0037785,-1.4192905,3.9025428,0.5224209,12.021579,1.7391528,7.6406446,295.2908
2025-04-10 18:00:00,3.0546796,-1.1099173,3.756907,0.46944577,12.584502,1.6234152,8.114824,289.9686
2025-04-10 19:00:00,3.2579656,-1.0187279,3.9174645,0.106173664,12.717889,1.7460779,8.434059,287.36386
2025-04-10 20:00:00,3.4176652,-1.0124025,4.0741396,0.33850506,13.480553,1.737969,8.541275,286.50067
2025-04-10 21:00:00,3.5691795,-1.0327985,4.2087884,0.07800257,14.152112,1.748819,8.785475,286.13864
2025-04-10 22:00:00,3.5727425,-0.8802412,4.14836,0.29455474,11.591249,1.7655885,9.323969,283.8407
2025-04-10 23:00:00,3.752798,-0.95327306,4.2995844,0.122945115,11.886628,1.6963443,9.248981,284.25262
2025-04-11 00:00:00,3.8405638,-0.96216273,4.35171,0.11836533,13.1949,1.6244943,8.834644,284.06464
2025-04-11 01:00:00,3.8768406,-0.9507541,4.347443,0.10500811,12.765108,1.5754411,8.578939,283.77924
2025-04-11 02:00:00,3.8787162,-0.947165,4.3430867,0.20327367,12.374073,1.5025343,8.400652,283.7228
2025-04-11 03:00:00,3.877961,-0.9450007,4.3459415,0.14943722,12.50171,1.4939921,8.0098,283.6952
2025-04-11 04:00:00,3.8669395,-0.85172826,4.309701,0.10292744,12.3854885,1.428969,7.7957897,282.42157
2025-04-11 05:00:00,3.894634,-0.7423261,4.29243,0.10336122,11.810809,1.2612307,7.710803,280.79126
2025-04-11 06:00:00,4.072883,-0.7286583,4.4412756,0.15929404,12.343971,1.2452044,7.978377,280.1432
2025-04-11 07:00:00,4.2547216,-1.0048754,4.5866747,0.06612721,11.816496,0.9025616,8.223996,283.28854
2025-04-11 08:00:00,4.407412,-1.3489767,4.78762,0.055859484,11.277686,1.1083205,8.32499,287.0178
2025-04-11 09:00:00,4.405099,-1.6548338,4.8943496,0.21084812,10.632999,1.4562336,7.9702854,290.58936
2025-04-11 10:00:00,3.8704388,-1.4837635,4.396131,0.068914466,9.809192,1.3280687,7.0727906,290.97473
2025-04-11 11:00:00,4.021347,-1.6747473,4.570424,0.09149696,8.7140875,1.3761077,7.0324087,292.61
2025-04-11 12:00:00,4.0697713,-1.9628032,4.715289,0.11825977,8.526868,1.4730432,7.078551,295.74747
2025-04-11 13:00:00,3.9880912,-2.2210562,4.7388988,0.06643557,8.443589,1.6656176,6.8126,299.1144
2025-04-11 14:00:00,3.7808251,-2.392252,4.636432,0.3629937,8.185426,1.7769816,6.5399413,302.32288
2025-04-11 15:00:00,3.479386,-2.4771633,4.4601855,0.39409322,8.331592,1.8986046,6.4500456,305.44913
2025-04-11 16:00:00,3.0003822,-2.4221463,4.0997224,0.41306055,7.9787016,2.1195302,6.016448,308.9132
2025-04-11 17:00:00,2.448142,-2.0350626,3.4623792,0.37944442,7.9043293,1.5800822,5.6964755,309.73566
2025-04-11 18:00:00,2.072659,-1.7895879,3.1771445,0.88163215,7.673374,1.9393151,5.455121,310.80817
2025-04-11 19:00:00,1.8069495,-1.6136763,3.014947,0.73852384,7.892746,1.8780049,5.2768397,311.76608
2025-04-11 20:00:00,1.634441,-1.4164441,2.863332,0.30962968,7.939342,1.7272632,5.08445,310.91296
2025-04-11 21:00:00,1.412683,-1.1849238,2.6823545,0.026434397,7.6004424,1.5194151,4.939707,309.9891
2025-04-11 22:00:00,1.1191158,-0.7939989,2.477323,0.18485326,7.314102,1.306118,4.589114,305.35522
2025-04-11 23:00:00,0.96925354,-0.53963035,2.4310641,0.068990804,7.154437,1.2508199,4.549552,299.1068
2025-04-12 00:00:00,0.8651247,-0.28428733,2.3610325,0.10159446,7.020675,1.1516234,4.488592,288.19095
2025-04-12 01:00:00,0.7798404,-0.114727534,2.277204,0.08683986,7.29533,1.0389591,4.2627554,278.36914
2025-04-12 02:00:00,0.6602981,0.06286167,2.191994,0.12603994,7.525361,0.8911213,3.7600617,264.5617
2025-04-12 03:00:00,0.56292355,0.18506809,2.129354,0.06846203,7.394366,0.90006936,3.5810494,251.80109
2025-04-12 04:00:00,0.44298863,0.3250819,2.1133065,0.087124825,7.11051,1.0482225,3.4239593,233.72736
2025-04-12 05:00:00,0.362854,0.41279808,2.1286428,0.040072557,7.065397,1.0681891,3.4050844,221.31583
2025-04-12 06:00:00,0.2039564,0.53379613,2.298484,0.0772703,7.1669393,1.0918615,3.6343334,200.9112
2025-04-12 07:00:00,0.12997147,0.43382427,2.0966454,0.037002943,7.1528587,0.82860416,3.6608067,196.67795
2025-04-12 08:00:00,-0.07209737,0.58983177,2.226874,0.07675569,7.1191044,0.8741774,3.7719882,173.0311
2025-04-12 09:00:00,-0.2554317,0.7721343,2.4270287,0.1475002,7.15693,0.9682269,3.982803,161.69514
2025-04-12 10:00:00,-0.5281714,0.7158945,2.3504775,0.07180021,7.525539,0.8739228,3.733444,143.5809
2025-04-12 11:00:00,-0.7180143,0.89932954,2.4286993,0.057621762,6.887152,0.9767727,3.8894765,141.39655
2025-04-12 12:00:00,-0.87179893,1.0876378,2.4827194,0.13492051,6.267881,0.9082567,4.060219,141.286
2025-04-12 13:00:00,-0.998284,1.1818893,2.5119576,0.056724656,6.5314198,0.7617129,4.2886257,139.81387
2025-04-12 14:00:00,-1.2067987,1.1421826,2.5486877,0.024453098,6.842465,0.7425394,4.625878,133.42432
2025-04-12 15:00:00,-1.4809335,1.1745015,2.681216,0.032418583,7.455127,0.8947301,4.871416,128.4173
2025-04-12 16:00:00,-1.7291664,1.1188812,2.7257333,0.08736336,8.08226,0.96654546,4.790947,122.90546
2025-04-12 17:00:00,-1.737181,0.7498668,2.4301674,0.07105651,8.474363,1.0042791,4.4331875,113.34781
2025-04-12 18:00:00,-2.075437,0.80285317,2.7364728,0.13992454,8.887141,1.53622,4.3244066,111.14827
2025-04-12 19:00:00,-2.2260008,1.1202335,2.9943173,0.15676743,9.503863,1.847169,4.553885,116.713806
2025-04-12 20:00:00,-2.152117,1.5273516,3.171015,0.3718745,10.039805,1.984547,4.7357497,125.36322
2025-04-12 21:00:00,-2.0279427,1.859479,3.2767928,0.60184187,10.416527,2.0574899,4.8611736,132.51862
2025-04-12 22:00:00,-1.9977474,2.0953872,3.446204,0.25354537,10.333086,2.052239,5.016647,136.36652
2025-04-12 23:00:00,-1.7780275,2.3436823,3.4176488,0.9188602,10.221769,1.9275671,5.009314,142.81435
2025-04-13 00:00:00,-1.6119603,2.5396407,3.4546127,0.36212054,10.361275,1.842855,5.1637273,147.5959
2025-04-13 01:00:00,-1.4009956,2.6843987,3.5216658,0.2060472,10.459727,1.7669879,5.384405,152.43982
2025-04-13 02:00:00,-1.2064263,2.8138072,3.6032467,0.4,10.438063,1.6928995,5.889522,156.79266
2025-04-13 03:00:00,-0.980472,2.9462824,3.6862612,0.38248146,10.390796,1.7288182,6.2655997,161.59344
2025-04-13 04:00:00,-0.6950201,3.0815656,3.7648954,0.44197202,10.179863,1.7610387,6.58032,167.2901
2025-04-13 05:00:00,-0.385623,3.2278285,3.840449,0.13158621,9.867824,1.6845049,6.5751348,173.18727
2025-04-13 06:00:00,8.000554e-05,3.4377434,4.015497,0.035621542,9.167465,1.7606014,6.6872377,180.00134
2025-04-13 07:00:00,0.39525172,3.4594886,3.9994478,0.11600789,8.742806,1.4616858,6.6352177,186.51787
2025-04-13 08:00:00,1.0690893,3.5746658,4.2903795,0.405329,8.370817,1.3723519,7.027152,196.65056
2025-04-13 09:00:00,1.8207225,3.6485279,4.6787286,0.17691211,8.821383,1.5564877,7.4047723,206.52054
2025-04-13 10:00:00,1.9546913,3.181969,4.287778,0.0043516182,10.234738,1.2427896,6.7683253,211.56252
2025-04-13 11:00:00,2.5750766,3.2973876,4.695082,0.11952406,10.649729,1.5475928,6.954195,217.98785
2025-04-13 12:00:00,3.0432208,3.2042289,4.883113,0.053663846,10.642217,1.6831402,6.996912,223.52371
2025-04-13 13:00:00,3.4874363,2.9137168,4.944178,0.033538822,10.291602,1.8061674,6.9345365,230.1216
2025-04-13 14:00:00,3.7009163,2.5136085,4.8035445,0.09967006,10.191984,1.7603146,6.858501,235.81622
2025-04-13 15:00:00,3.662665,2.1150918,4.495616,0.059378505,10.026148,1.625854,6.595877,239.9947
2025-04-13 16:00:00,3.306032,1.6299385,3.9045434,0.037099842,9.768232,1.2444379,6.658347,243.7558
2025-04-13 17:00:00,2.6638772,1.2617307,3.1700017,0.0732943,9.000918,0.90464586,6.1217856,244.65569
2025-04-13 18:00:00,2.1551824,1.1067694,2.7234674,0.3087947,9.560271,1.2205067,5.83446,242.81775
2025-04-13 19:00:00,1.8875238,1.1312268,2.5332863,0.2551241,9.43866,1.2453624,5.1652374,239.06499
2025-04-13 20:00:00,1.8039579,1.1298605,2.4280658,0.13845329,9.01879,1.2121011,4.701583,237.94014
2025-04-13 21:00:00,1.6931816,1.0895394,2.3010652,0.24099757,9.094288,1.1127238,4.318866,237.23927
2025-04-13 22:00:00,1.5125122,1.0009989,2.2562134,0.14433321,8.444655,1.1191733,3.977605,236.50293
2025-04-13 23:00:00,1.3568751,0.9887493,2.16916,0.054706085,8.171633,1.0130944,3.6585307,233.91933
2025-04-14 00:00:00,1.240264,1.0077436,2.1479068,0.035177875,8.064835,1.0555708,3.623216,230.90533
2025-04-14 01:00:00,1.1059096,1.0961415,2.1296442,0.03811894,8.15894,1.1034615,3.596065,225.25415
2025-04-14 02:00:00,0.99699116,1.1502446,2.09179,0.023393271,8.27952,1.052817,3.484004,220.91759
2025-04-14 03:00:00,0.9307152,1.1786631,2.0531898,0.09495102,7.729872,0.95405513,3.304718,218.2959
2025-04-14 04:00:00,0.83696765,1.1962833,2.0023017,0.05059231,7.358283,0.8679288,3.223908,214.97818
2025-04-14 05:00:00,0.8043316,1.274593,1.998855,0.044465497,7.618962,0.83221203,3.3325322,212.25397
2025-04-14 06:00:00,0.8425623,1.4289497,2.1208508,0.062183056,8.273416,0.80294174,3.4968054,210.52519
2025-04-14 07:00:00,0.9292211,1.2160257,1.9635563,0.067924485,7.9596763,0.6687424,3.6681883,217.3851
2025-04-14 08:00:00,1.1174053,1.1819767,2.1638687,0.09196292,7.576193,0.7725849,4.0759406,223.39145
2025-04-14 09:00:00,1.1414502,1.1499625,2.315372,0.0333169,6.55734,0.8736483,4.1073866,224.78716
2025-04-14 10:00:00,0.6373493,0.94112295,2.0140016,0.09653103,6.6721363,0.7705696,3.3784854,214.10674
2025-04-14 11:00:00,0.6177896,1.0218036,2.2101667,0.13538371,6.148654,0.98947924,3.4889302,211.15746
2025-04-14 12:00:00,0.52974105,0.95668566,2.2897315,0.1555466,5.9718957,1.1557503,3.528696,208.97441
2025-04-14 13:00:00,0.2321996,0.8286545,2.3410997,0.14673501,5.4534235,1.2711486,3.6438422,195.65355
2025-04-14 14:00:00,-0.20133106,0.5971849,2.3214467,0.11259672,5.3441644,1.1532203,3.5319533,161.36932
2025-04-14 15:00:00,-0.7180761,0.4099253,2.291763,0.08121418,5.736199,1.0872861,3.5047297,119.72058
2025-04-14 16:00:00,-1.2650282,0.1169347,2.2252564,0.029407492,6.0611672,0.7948242,3.6372073,95.28122
2025-04-14 17:00:00,-1.6450756,-0.2887858,2.207934,0.13563898,6.7084975,1.0115573,3.6227357,80.043396
2025-04-14 18:00:00,-2.1319053,-0.51241404,2.578135,0.035549417,7.4926186,1.6270629,3.7661724,76.48505
2025-04-14 19:00:00,-2.6400683,-0.44824094,2.9877481,0.26135242,8.16448,1.8898494,4.1370564,80.36398
2025-04-14 20:00:00,-3.0236878,-0.22779599,3.295127,1.1293386,8.567008,2.0500991,4.456908,85.69165
2025-04-14 21:00:00,-3.2263348,-0.011169021,3.458461,1.0868385,8.774579,2.067484,4.709413,89.801636
2025-04-14 22:00:00,-3.3462796,0.20071411,3.5724707,1.0239002,8.642714,2.1268046,4.8483334,93.43257
2025-04-14 23:00:00,-3.3324642,0.3071722,3.5810282,0.98476934,8.327336,1.9832352,4.982361,95.2664
2025-04-15 00:00:00,-3.3562799,0.38794687,3.620614,0.4450455,8.661616,1.9348819,5.3257947,96.593475
2025-04-15 01:00:00,-3.3591197,0.46092555,3.680511,0.1390995,8.980424,1.8266692,5.7851467,97.813126
2025-04-15 02:00:00,-3.4053414,0.49981153,3.758056,0.13283214,9.409002,1.7425785,6.4140167,98.34985
2025-04-15 03:00:00,-3.4224024,0.62081784,3.8096359,0.120773725,9.463132,1.6992799,6.904909,100.28157
2025-04-15 04:00:00,-3.4343097,0.71195614,3.8457575,0.186263,9.7577505,1.6377387,7.3262157,101.711914
2025-04-15 05:00:00,-3.4578094,0.8474558,3.944244,0.10321938,9.940435,1.5910335,7.7878733,103.770874
2025-04-15 06:00:00,-3.5372248,0.9664059,4.124101,0.1366725,10.051769,1.7846911,7.982391,105.28088
2025-04-15 07:00:00,-3.5567954,1.2654634,4.2456956,0.1294094,11.330024,1.5882865,8.293095,109.58493
2025-04-15 08:00:00,-3.537281,1.6566509,4.523345,0.44910574,12.0947895,1.8455235,8.460454,115.0956
2025-04-15 09:00:00,-3.3047538,1.8549813,4.6755176,0.8571121,12.352198,2.0726538,8.345943,119.3058
2025-04-15 10:00:00,-2.8323925,1.6092257,4.202163,0.29753995,12.102346,1.53356,8.006373,119.6031
2025-04-15 11:00:00,-2.8031352,1.8128617,4.509883,0.1646819,11.810643,1.790426,8.064779,122.89183
2025-04-15 12:00:00,-2.7191398,1.9235226,4.6109514,0.05871232,11.687762,1.9820454,7.882656,125.275635
2025-04-15 13:00:00,-2.548902,2.1530592,4.7439785,0.16086835,11.252825,2.1367972,7.7995024,130.1878
2025-04-15 14:00:00,-2.2816463,2.1540215,4.6595564,0.14753787,11.186759,2.1111295,7.6665115,133.35193
2025-04-15 15:00:00,-2.0045686,2.1615295,4.4824343,0.027008487,11.446687,1.8881232,7.5540733,137.15765
2025-04-15 16:00:00,-1.7325468,1.9945077,4.085707,0.15948796,11.483143,1.629449,7.0151606,139.02051
2025-04-15 17:00:00,-1.5719031,1.879816,3.6520612,0.09550748,11.238457,1.2789711,6.9520516,140.09763
2025-04-15 18:00:00,-1.3757452,1.8928099,3.4380953,0.11622381,11.116211,1.4550419,6.4817576,143.98935
2025-04-15 19:00:00,-1.0944428,2.0126793,3.2829673,0.1360784,10.59839,1.4659352,5.9633403,151.4638
2025-04-15 20:00:00,-0.82095957,2.0694382,3.1437478,0.030306218,9.980046,1.3762846,5.5208516,158.36145
2025-04-15 21:00:00,-0.5808592,2.081698,3.0389526,0.04910282,8.958183,1.427778,4.9838696,164.40923
2025-04-15 22:00:00,-0.5427263,2.003215,2.9075553,0.082068846,8.46692,1.4077661,4.879902,164.84091
2025-04-15 23:00:00,-0.3002402,2.0097587,2.8205328,0.3149605,8.302225,1.3388596,4.494463,171.50336
2025-04-16 00:00:00,-0.12519011,1.8875057,2.7250772,0.20206302,8.034845,1.415011,4.2391663,176.20538
2025-04-16 01:00:00,-0.04916093,1.8137372,2.6296768,0.13696675,7.715994,1.3617822,4.445533,178.44739
2025-04-16 02:00:00,-0.052361153,1.7421739,2.542193,0.23364629,7.121697,1.4100405,4.4633822,178.2785
2025-04-16 03:00:00,-0.08258387,1.6570364,2.4653327,0.12329777,6.854857,1.4080675,4.2613106,177.14685
2025-04-16 04:00:00,-0.13939357,1.5890751,2.431366,0.06845961,6.662763,1.3940896,4.2292905,174.98685
2025-04-16 05:00:00,-0.12627597,1.4970328,2.3776617,0.048588146,6.692568,1.3006561,3.9271512,175.17847
2025-04-16 06:00:00,-0.103567176,1.4740976,2.4848354,0.05565709,6.9568744,1.4943805,3.4933934,175.98111
2025-04-16 07:00:00,0.07566957,1.3132061,2.3831997,0.10514333,7.1397314,1.3917866,3.4640133,183.29785
2025-04-16 08:00:00,0.18627682,1.2391713,2.5353885,0.1280945,6.7212358,1.4970425,3.7011435,188.5489
2025-04-16 09:00:00,0.112379335,1.1631738,2.6649325,0.2632812,6.7966337,1.4250921,4.021775,185.51846
2025-04-16 10:00:00,0.019262778,1.0798962,2.7210274,0.19279759,6.557152,1.5190737,4.0057387,181.02191
2025-04-16 11:00:00,0.037382383,1.1120032,2.9535623,0.07999823,6.575155,1.5691667,4.3219953,181.9254
2025-04-16 12:00:00,-0.04700697,0.9505203,3.0909774,0.12526776,6.3631015,1.4564391,4.603859,177.16881
2025-04-16 13:00:00,-0.08721759,0.7779203,3.2797766,0.015838858,6.777042,1.5342554,4.8664804,173.60292
2025-04-16 14:00:00,-0.15531674,0.5550595,3.4282827,0.14794247,7.9968266,1.5175762,5.1775064,164.36732
2025-04-16 15:00:00,-0.15772805,0.34876147,3.5215065,0.11520391,7.498874,1.831841,5.33296,155.66505
2025-04-16 16:00:00,-0.07570586,-0.123765685,3.3709364,0.10093504,7.2126565,1.7251263,5.3543825,31.453583
2025-04-16 17:00:00,0.023496473,-0.5149895,3.264233,0.2880511,6.8734217,1.6275867,5.31132,357.38766
2025-04-16 18:00:00,-0.021205181,-0.7125578,3.3619742,0.34574613,6.968778,1.6255071,5.2761617,1.7045898
2025-04-16 19:00:00,-0.11760938,-0.70880497,3.440812,0.31795228,7.316561,1.642033,5.262263,9.421051
2025-04-16 20:00:00,-0.16514835,-0.7174955,3.463324,0.1632774,7.988196,1.5960165,5.2628818,12.962189
2025-04-16 21:00:00,-0.2301112,-0.73978937,3.4888074,0.21294081,7.96352,1.5803031,5.3105197,17.27826
2025-04-16 22:00:00,-0.19592698,-0.8029839,3.2012553,0.19450729,8.515652,1.3872845,5.25256,13.712158
2025-04-16 23:00:00,-0.24569744,-0.91292304,3.2981775,0.07179429,8.365673,1.4385848,5.2592263,15.063232
2025-04-17 00:00:00,-0.26250395,-0.99506193,3.3200352,0.20082243,8.352689,1.4938728,5.1543503,14.77832
2025-04-17 01:00:00,-0.27041295,-1.041433,3.3358238,0.12959538,8.717778,1.4924482,5.0870366,14.555664
2025-04-17 02:00:00,-0.30324617,-1.1271911,3.333456,0.049897,9.100069,1.3243382,5.223904,15.057678
2025-04-17 03:00:00,-0.2629081,-1.1998621,3.369588,0.16045405,9.5489,1.4548867,5.235663,12.35907
2025-04-17 04:00:00,-0.19367032,-1.2456034,3.3953254,0.16129254,9.862515,1.5623258,5.048839,8.837769
2025-04-17 05:00:00,-0.15738328,-1.2298489,3.450166,0.05144422,9.8230915,1.5946437,5.3741565,7.2924805
2025-04-17 06:00:00,-0.1673716,-1.2366893,3.5603201,0.15314615,9.679819,1.5240941,5.689252,7.707489
2025-04-17 07:00:00,-0.17078544,-1.1872699,3.6320682,0.15407111,9.31252,1.334553,5.653062,8.185669
2025-04-17 08:00:00,-0.17739539,-1.0463765,3.8239586,0.10811063,9.381882,1.4544059,5.954012,9.62204
2025-04-17 09:00:00,-0.18949313,-1.0064462,4.0182924,0.14314404,9.469746,1.4832287,6.388786,10.662781
2025-04-17 10:00:00,-0.071973644,-1.0761405,3.709706,0.2195213,9.310542,1.3535725,6.0881724,3.826294
2025-04-17 11:00:00,-0.06488697,-1.0845902,3.8586092,0.085019484,9.805932,1.7420309,6.209715,3.423706
2025-04-17 12:00:00,-0.028446918,-0.95500594,3.981186,0.12143978,9.832211,1.7583814,6.560775,1.7061768
2025-04-17 13:00:00,0.102531224,-1.0061188,4.125548,0.17187066,9.953679,1.787536,6.8367553,354.1812
2025-04-17 14:00:00,0.32902732,-1.059817,4.2038264,0.08450022,10.114622,2.0510697,7.1347675,342.7527
2025-04-17 15:00:00,0.6331816,-1.2102698,4.1595874,0.43241808,9.762406,2.2989936,6.668062,332.3826
2025-04-17 16:00:00,0.9813826,-1.3956859,4.14075,0.22112544,9.416855,2.2576334,6.5536823,324.88687
2025-04-17 17:00:00,1.2418967,-1.5443618,4.1631436,0.39343676,8.926411,2.2985322,6.2187066,321.19553
2025-04-17 18:00:00,1.3322432,-1.6423283,4.09659,0.32175562,8.639215,2.2238336,5.7213564,320.95132
2025-04-17 19:00:00,1.4110599,-1.7142094,4.073413,0.14107761,8.770448,2.2313523,5.6130157,320.5403
2025-04-17 20:00:00,1.4662105,-1.748538,3.9865026,0.19294389,9.6711855,2.1533597,5.5281405,320.01898
2025-04-17 21:00:00,1.4978213,-1.7076445,3.847585,0.07481191,9.616308,2.0951211,5.460858,318.74512
2025-04-17 22:00:00,1.5539737,-1.5308838,3.3664985,0.32593617,9.403524,1.7489079,5.508178,314.57117
2025-04-17 23:00:00,1.7638233,-1.5229244,3.4098632,0.07581051,8.821496,1.7339934,5.418717,310.80804
2025-04-18 00:00:00,1.8797475,-1.5018348,3.4094162,0.13760471,9.556489,1.7881911,5.6037865,308.6233
2025-04-18 01:00:00,2.0263457,-1.4944099,3.4225667,0.18146595,10.069955,1.8234197,5.76248,306.40842
2025-04-18 02:00:00,2.09733,-1.5114857,3.4687004,0.45693174,10.125283,1.9128178,6.0644817,305.7792
2025-04-18 03:00:00,2.1753287,-1.5022182,3.4894392,0.6341531,10.053032,1.7733957,5.593188,304.6278
2025-04-18 04:00:00,2.2960165,-1.5217483,3.5343091,0.7194347,9.790855,1.9565434,5.5840282,303.53552
2025-04-18 05:00:00,2.3252885,-1.5486821,3.5494041,0.36570415,9.732004,1.8665937,5.7611775,303.6643
2025-04-18 06:00:00,2.4726133,-1.5285152,3.6300569,0.4236035,9.423953,1.8511349,5.211937,301.72345
2025-04-18 07:00:00,2.612394,-1.5816501,3.7414834,0.21190035,9.5462,1.9347136,5.17905,301.1924
2025-04-18 08:00:00,2.6920404,-1.7743106,3.9165199,0.7690093,9.5976515,2.1739128,5.450557,303.38867
2025-04-18 09:00:00,2.7386084,-1.811771,3.9390836,0.51685977,9.752976,2.1117425,5.4963737,303.48727
2025-04-18 10:00:00,2.4403725,-1.8491459,3.5418205,0.18966441,9.956631,2.1967502,4.817645,307.15234
2025-04-18 11:00:00,2.5362418,-1.7614307,3.5506783,0.31828317,9.634201,2.0048225,4.9544897,304.78015
2025-04-18 12:00:00,2.462034,-1.6509905,3.4493861,0.45347416,8.364236,1.7836776,4.9313,303.845
2025-04-18 13:00:00,2.4709258,-1.6065146,3.4353144,0.19090779,8.530496,1.6371814,5.039942,303.03058
2025-04-18 14:00:00,2.4607944,-1.5663229,3.3877816,0.03954413,8.496394,1.520934,4.8722,302.4772
2025-04-18 15:00:00,2.3274813,-1.4693401,3.2334578,0.18065105,8.268726,1.4729216,4.6119704,302.26422
2025-04-18 16:00:00,2.184814,-1.3832104,3.0887725,0.13247073,8.09763,1.3517843,4.5125103,302.33798
2025-04-18 17:00:00,1.9990684,-1.2646278,2.8852577,0.10324301,8.020665,1.1414024,4.4418597,302.3178
2025-04-18 18:00:00,1.844529,-1.1516051,2.692211,0.01252755,7.6231594,0.8168183,4.5773115,301.978
2025-04-18 19:00:00,1.6322615,-1.0988964,2.633245,0.08972573,7.7541046,0.87536806,4.6498656,303.94983
2025-04-18 20:00:00,1.5264146,-0.96355873,2.5986264,0.10226069,8.083554,0.90236384,4.5523562,302.26242
2025-04-18 21:00:00,1.3924519,-0.8918952,2.5812538,0.13368934,8.065037,0.91756135,4.867644,302.64044
2025-04-18 22:00:00,1.0956631,-0.75836635,2.4329834,0.14863853,8.167393,0.90493584,4.892637,304.68915
2025-04-18 23:00:00,1.0707892,-0.6769805,2.4535778,0.05988467,7.908213,0.78733724,4.8563414,302.30212
2025-04-19 00:00:00,0.9861314,-0.6114762,2.4375138,0.062369034,8.479347,0.8220453,4.8197827,301.80203
2025-04-19 01:00:00,0.9833617,-0.5091903,2.390356,0.063225515,8.704136,0.78452003,4.5311713,297.37537
2025-04-19 02:00:00,0.86916125,-0.40642405,2.331681,0.06498059,8.84537,0.826896,4.1740174,295.06104
2025-04-19 03:00:00,0.8596645,-0.21064016,2.321873,0.24228232,8.818897,0.9470569,4.1127687,283.7677
2025-04-19 04:00:00,0.8900666,-0.07023167,2.3526697,0.23328209,8.85513,1.0479194,4.064875,274.51163
2025-04-19 05:00:00,0.9108186,0.045054257,2.4166617,0.2158898,8.780743,1.0070792,4.179472,267.16812
2025-04-19 06:00:00,1.0638218,0.11215045,2.5881925,0.15381147,8.68711,1.0662858,4.438695,263.982
2025-04-19 07:00:00,1.2108448,0.2011228,2.7247455,0.26931477,8.798647,1.0638778,4.762058,260.5692
2025-04-19 08:00:00,1.2946765,0.35211924,2.8405168,0.14606768,8.8718815,1.2037569,4.984397,254.78502
2025-04-19 09:00:00,1.3772942,0.42332911,2.8392785,0.05462782,9.142328,1.0764371,5.0466337,252.91452
2025-04-19 10:00:00,1.110954,0.4160222,2.6431723,0.120598674,9.121326,0.91776514,4.7809253,249.47043
2025-04-19 11:00:00,1.1323717,0.4025186,2.591351,0.10419168,8.513297,0.9732223,4.698747,250.43147
2025-04-19 12:00:00,1.1132541,0.41329503,2.5471923,0.021667272,7.6720905,0.95450234,4.694798,249.63258
2025-04-19 13:00:00,1.0721419,0.38953337,2.510758,0.03307606,7.1456504,0.9242104,4.759219,250.03278
2025-04-19 14:00:00,0.9279315,0.3140403,2.4759824,0.07954296,6.988116,0.85936713,4.6947737,251.30261
2025-04-19 15:00:00,0.7122242,0.23634009,2.4064126,0.076351434,6.992872,0.82996726,4.583327,251.64241
2025-04-19 16:00:00,0.3427458,0.09611594,2.2627604,0.029843984,6.914154,0.6846971,4.4216084,254.33495
2025-04-19 17:00:00,0.08507063,-0.03121577,2.1571198,0.06492371,6.7358103,0.67768544,4.3373585,290.1501
2025-04-19 18:00:00,-0.15554933,-0.10299765,2.2425086,0.09347102,7.3111563,1.0124236,4.312736,56.48929
2025-04-19 19:00:00,-0.41824836,0.01101932,2.4138565,0.26548165,7.649223,1.3433719,4.2032166,91.509186
2025-04-19 20:00:00,-0.5019869,0.20718673,2.4969153,0.4811534,7.7656226,1.4658903,4.27563,112.42758
2025-04-19 21:00:00,-0.5173814,0.3753328,2.5177162,0.10110203,7.587993,1.5038509,4.376779,125.95889
2025-04-19 22:00:00,-0.36529005,0.5834759,2.5001984,0.07275892,7.822451,1.4067273,4.4927726,147.95102
2025-04-19 23:00:00,-0.23056772,0.5981474,2.4530582,0.18001501,8.126507,1.374459,4.591322,158.91986
2025-04-20 00:00:00,-0.13464355,0.6200434,2.410397,0.11624664,8.348144,1.3731718,4.624438,167.74834
2025-04-20 01:00:00,-0.079885535,0.63943523,2.3697336,0.24016161,8.094795,1.306412,4.6374555,172.87886
2025-04-20 02:00:00,-0.04959684,0.6550289,2.3384657,0.20054941,8.508678,1.2412874,4.394601,175.67001
2025-04-20 03:00:00,0.008312741,0.6884085,2.3333626,0.17295715,8.722144,1.209355,4.363953,180.69183
2025-04-20 04:00:00,0.028937262,0.7514521,2.3309197,0.18409792,8.816803,1.145843,4.522711,182.20529
2025-04-20 05:00:00,0.08476093,0.83054495,2.3433566,0.05730102,9.094177,0.9656438,4.778104,185.82713
2025-04-20 06:00:00,0.20683825,0.8519217,2.3277671,0.046167076,9.10865,0.87228787,4.963564,193.6468
2025-04-20 07:00:00,0.3781029,0.8196176,2.144198,0.06339248,9.158308,0.6818205,4.9292536,204.76465
2025-04-20 08:00:00,0.55234426,0.8968291,2.2590544,0.0777861,8.49329,0.791638,4.805207,211.62833
2025-04-20 09:00:00,0.7992055,0.9611338,2.416723,0.058822695,7.4728866,0.8719277,4.797098,219.74432
2025-04-20 10:00:00,1.1984084,0.7953326,2.4667494,0.02787029,7.3286285,0.733344,5.0703683,236.42947
2025-04-20 11:00:00,1.2983452,0.82719874,2.6117365,0.10837901,7.1377606,0.8557331,5.281467,237.49808
2025-04-20 12:00:00,1.3120863,0.91664904,2.6153584,0.10159101,7.2025404,0.89915246,5.3072543,235.0611
2025-04-20 13:00:00,1.4185622,0.9187964,2.687083,0.04112262,6.780885,0.9814981,5.298167,237.06905
2025-04-20 14:00:00,1.5487139,0.8317335,2.7610726,0.0953236,6.9164066,1.0935255,5.129673,241.76207
2025-04-20 15:00:00,1.5120285,0.5998049,2.721967,0.03023353,7.3290186,1.0752027,4.8341274,248.36232
2025-04-20 16:00:00,1.2513411,0.32005683,2.5570529,0.15968199,6.995081,0.9527038,4.53331,255.65298
2025-04-20 17:00:00,0.8671438,0.064238675,2.3248942,0.04207046,6.451032,0.9831719,4.184686,265.7632
2025-04-20 18:00:00,0.5405706,-0.07606754,2.2535312,0.10052268,6.7207375,1.1322488,3.7167196,278.00992
2025-04-20 19:00:00,0.32262194,-0.01974116,2.2310035,0.09169083,6.0305347,1.1551175,3.5424657,273.50156
2025-04-20 20:00:00,0.2281688,0.1190899,2.1311707,0.04373477,5.6607084,1.1466304,3.4241462,242.43825
2025-04-20 21:00:00,0.19826281,0.264128,2.0262887,0.14361836,4.841956,1.0822746,3.2231073,216.89305
2025-04-20 22:00:00,0.24747075,0.49292323,1.8915668,0.08158652,4.413925,1.0196236,2.8649573,206.65881
2025-04-20 23:00:00,0.29003412,0.56864184,1.7475266,0.05107125,4.048906,0.9566908,2.585308,207.02373
2025-04-21 00:00:00,0.3067293,0.6366066,1.6809819,0.08280747,4.282273,0.89470726,2.483627,205.72566
2025-04-21 01:00:00,0.31282455,0.6638514,1.6760945,0.02773192,4.29588,0.8580754,2.552637,205.23108
2025-04-21 02:00:00,0.27475017,0.7082087,1.7184827,0.11684946,4.2709675,0.8533567,2.5804372,201.20381
2025-04-21 03:00:00,0.24558732,0.7886167,1.7437817,0.044413585,4.2636976,0.90168065,2.591568,197.2974
2025-04-21 04:00:00,0.26284626,0.8626684,1.731841,0.080643415,5.2290416,0.9166376,2.524782,196.94545
2025-04-21 05:00:00,0.26758555,0.94863725,1.7407501,0.10727062,5.617925,0.8259574,2.6066525,195.75237
2025-04-21 06:00:00,0.34043512,1.0553634,1.7938478,0.12624596,5.6054916,0.83088285,2.705752,197.87848
2025-04-21 07:00:00,0.5219149,1.0022665,1.8062824,0.071288966,5.696033,0.7538449,2.9518762,207.50755
2025-04-21 08:00:00,0.7587594,1.0268114,1.9750838,0.05971854,5.9277973,0.79696834,3.259381,216.46245
2025-04-21 09:00:00,1.0139437,1.0556195,2.2138214,0.06808183,7.070201,0.9248972,3.510438,223.84637
2025-04-21 10:00:00,0.80387014,0.7341989,2.2129607,0.096990906,5.8302712,1.0633036,3.9804401,227.5936
2025-04-21 11:00:00,0.93423253,0.9362661,2.4264297,0.07119433,6.5022364,1.1247612,4.346956,224.93771
2025-04-21 12:00:00,1.0275681,1.0358115,2.504789,0.04244403,6.374042,1.0973034,4.3284626,224.7711
2025-04-21 13:00:00,1.1133007,0.99477285,2.504621,0.046979018,6.157779,0.97860825,4.207211,228.21811
2025-04-21 14:00:00,1.2025418,0.8813852,2.4913855,0.08580625,6.1444607,0.9042609,4.1621323,233.761
2025-04-21 15:00:00,1.2019241,0.65481526,2.4058096,0.11148974,6.0002446,0.8513737,4.0898447,241.4182
2025-04-21 16:00:00,1.1020867,0.5117777,2.2874186,0.02855833,5.55867,0.8766679,3.8339233,245.09119
2025-04-21 17:00:00,0.855444,0.3501991,2.0083282,0.0690383,4.7246737,0.81880486,3.4307258,247.73694
2025-04-21 18:00:00,0.64417,0.31289798,1.905253,0.06750606,4.5847588,0.95833194,3.0273137,244.09238
2025-04-21 19:00:00,0.51985043,0.46944532,1.8956841,0.044944603,4.688081,1.0443653,2.964502,227.91673
2025-04-21 20:00:00,0.59185296,0.7065636,1.9598335,0.1154891,4.8188024,1.0799819,3.0379064,219.95123
2025-04-21 21:00:00,0.7047074,0.88903725,2.0259697,0.25886127,5.258198,1.1932877,3.034939,218.40259
2025-04-21 22:00:00,0.72533107,1.081644,2.1020093,0.123183824,6.1519046,1.2289462,2.914352,213.8451
2025-04-21 23:00:00,0.9151529,1.2040216,2.1537778,0.12839177,5.598288,1.3292812,3.0367682,217.23775
2025-04-22 00:00:00,1.1111727,1.244073,2.141089,0.16198377,5.474163,1.3998029,2.9684033,221.77039
2025-04-22 01:00:00,1.2971996,1.2109087,2.1385934,0.132243,5.813088,1.3021384,2.9028,226.97047
2025-04-22 02:00:00,1.4344738,1.1156101,2.0985177,0.22026865,5.773468,1.2740356,2.8679001,232.1273
2025-04-22 03:00:00,1.4932796,1.0251535,2.082421,0.14298213,5.610804,1.2572334,2.9159706,235.52995
2025-04-22 04:00:00,1.4414145,0.9463365,2.0211437,0.13518377,5.160407,1.2523851,2.8718402,236.71378
2025-04-22 05:00:00,1.454121,0.94572407,2.058667,0.15592887,4.730989,1.1174232,2.9686093,236.96103
2025-04-22 06:00:00,1.5672579,0.8938021,2.1216874,0.14310487,5.0203943,0.9954284,3.2392187,240.30403
2025-04-22 07:00:00,1.8259145,0.6709607,2.234488,0.031301446,4.8891506,0.95426923,3.5244658,249.82336
2025-04-22 08:00:00,1.9995307,0.5978361,2.3239844,0.08378752,4.536678,0.8978015,3.5248642,253.35396
2025-04-22 09:00:00,1.9568906,0.58952045,2.283064,0.041015185,4.4411864,0.91934615,3.5183804,253.23488
2025-04-22 10:00:00,1.6458023,0.577593,2.1544216,0.11723824,5.2891955,0.9474148,3.3312619,250.66151
2025-04-22 11:00:00,1.804339,0.64011735,2.29406,0.008070875,5.2907166,0.92977214,3.5244386,250.46707
2025-04-22 12:00:00,1.8906931,0.5295711,2.3721805,0.12452187,5.278694,0.93716,3.6418483,254.35278
2025-04-22 13:00:00,1.8733165,0.3171828,2.3860035,0.17182794,5.4489098,0.97179365,3.7113614,260.39005
2025-04-22 14:00:00,1.8111016,0.040405687,2.3688195,0.033259097,5.638257,0.9602213,3.6780121,268.72195
2025-04-22 15:00:00,1.6984925,-0.19524941,2.2737265,0.27542788,5.7047553,1.000268,3.3813653,276.55762
2025-04-22 16:00:00,1.5527736,-0.43643394,2.1627827,0.09080734,5.5316124,1.1083794,3.0949821,285.69894
2025-04-22 17:00:00,1.1452678,-0.5413641,1.7450991,0.06321642,4.911109,0.8866597,2.6559675,295.29993
2025-04-22 18:00:00,0.8758904,-0.5036852,1.4960039,0.06735819,4.2531962,0.8350394,2.1700122,299.90128
2025-04-22 19:00:00,0.7007261,-0.5896136,1.5808117,0.02858442,4.264374,0.81438875,2.198054,310.07834
2025-04-22 20:00:00,0.47846118,-0.41970372,1.516519,0.067859806,4.375792,0.75579435,2.111892,311.25708
2025-04-22 21:00:00,0.27831578,-0.24223904,1.4745885,0.020084983,4.2118964,0.67081046,2.1098099,311.0355
2025-04-22 22:00:00,0.28332892,0.102386884,1.581552,0.04429265,4.794879,0.78217065,2.2899392,250.1316
2025-04-22 23:00:00,0.2842832,0.21230832,1.5735794,0.085898,4.451245,0.7129968,2.2480054,233.2469
2025-04-23 00:00:00,0.28234452,0.18758495,1.5931215,0.12913519,4.356353,0.8102521,2.2872248,236.4006
2025-04-23 01:00:00,0.22501394,0.19551994,1.5702811,0.044842593,4.253668,0.7559415,2.2929032,229.01186
2025-04-23 02:00:00,0.08390437,0.22582059,1.5209379,0.032740843,4.277158,0.6677164,2.2866998,200.38272
2025-04-23 03:00:00,-0.11400336,0.19847767,1.4917426,0.07382205,4.157273,0.6760243,2.2069907,150.12743
2025-04-23 04:00:00,-0.28267154,0.26883554,1.4584719,0.07889211,4.263166,0.650164,2.1817765,133.5629
2025-04-23 05:00:00,-0.49762952,0.2853942,1.4369944,0.035764575,4.443721,0.5538048,2.2406583,119.834595
2025-04-23 06:00:00,-0.69830734,0.40208146,1.510682,0.04557557,4.421138,0.57198966,2.4319685,119.933105
2025-04-23 07:00:00,-0.7806413,0.37501442,1.4607016,0.041118644,4.73027,0.5244545,2.4471698,115.6593
2025-04-23 08:00:00,-0.94325584,0.51639456,1.6804454,0.108738616,5.064356,0.6981894,2.70213,118.698944
2025-04-23 09:00:00,-1.04563,0.6091354,1.8395414,0.14059477,5.5443754,0.86810684,2.8685262,120.2231
2025-04-23 10:00:00,-1.268584,0.518014,1.9906933,0.06810532,6.8395996,0.92638654,2.9708958,112.21219
2025-04-23 11:00:00,-1.2631288,0.47844428,2.0281172,0.2025695,7.1468987,0.95217645,3.104354,110.74556
2025-04-23 12:00:00,-1.3103939,0.32656735,2.0694506,0.031761374,6.833601,0.9481588,3.2400782,103.993805
2025-04-23 13:00:00,-1.3296958,0.055136602,2.1910882,0.21582338,7.212769,1.0517284,3.42561,92.37445
2025-04-23 14:00:00,-1.3531284,-0.26212084,2.388576,0.16548912,7.5308886,1.0791805,3.6016228,79.03674
2025-04-23 15:00:00,-1.353335,-0.57208955,2.6069038,0.15532787,7.749064,1.1400561,3.8425186,67.08496
2025-04-23 16:00:00,-1.2814851,-0.8987827,2.7566621,0.05984875,7.9260216,1.1424836,4.0904145,54.95569
2025-04-23 17:00:00,-1.0040622,-1.1345631,2.6553748,0.10807395,8.466497,0.8860777,4.2889085,41.508087
2025-04-23 18:00:00,-0.98660487,-1.2918602,2.7361228,0.116798244,8.446186,1.1827712,4.270952,37.369263
2025-04-23 19:00:00,-1.0943385,-1.3218503,2.8428292,0.019506307,8.254011,1.409065,4.1808767,39.62079
2025-04-23 20:00:00,-1.1565696,-1.2492111,2.862403,0.10397402,8.297509,1.3161256,4.219131,42.79474
2025-04-23 21:00:00,-1.1220299,-1.1838696,2.8521175,0.19621858,8.31791,1.339372,4.3196907,43.463806
2025-04-23 22:00:00,-0.7901727,-1.0763558,2.6764596,0.12679113,8.28381,1.0272475,4.4383655,36.28308
2025-04-23 23:00:00,-0.67573756,-1.087894,2.7207541,0.13900217,8.612916,1.1627454,4.4055905,31.846191
2025-04-24 00:00:00,-0.55636513,-1.0713662,2.742579,0.21681175,8.461909,1.1746204,4.36398,27.443054
2025-04-24 01:00:00,-0.38116124,-1.0487515,2.7489028,0.5016315,7.9051194,1.2912798,4.0896015,19.973297
2025-04-24 02:00:00,-0.33237314,-1.0512935,2.7848763,0.20353433,7.727653,1.4091898,4.0751767,17.544678
2025-04-24 03:00:00,-0.20815958,-1.0754902,2.8321443,0.26345342,7.612952,1.3608513,4.0762777,10.954071
2025-04-24 04:00:00,-0.13043131,-1.1120577,2.8960032,0.15041474,7.5543594,1.2114464,4.370746,6.6895447
2025-04-24 05:00:00,-0.102485865,-1.1420255,2.9986503,0.059560347,7.2874117,1.165762,4.674608,5.1279907
2025-04-24 06:00:00,-0.07759672,-1.2068663,3.203298,0.19864975,7.256572,1.3711433,4.938627,3.678833
2025-04-24 07:00:00,-0.05408952,-1.3062233,3.3761635,0.07460404,7.188707,1.6145546,4.91203,2.3712158
2025-04-24 08:00:00,0.013153901,-1.4014022,3.4635913,0.10668475,7.116368,1.7862246,4.8293653,359.46222
2025-04-24 09:00:00,-0.008038083,-1.5717415,3.5905998,0.24756792,7.0056343,1.8581232,4.9169636,0.2930298
2025-04-24 10:00:00,-0.047362044,-1.4938931,3.311995,0.13581513,7.8588696,1.7559742,4.8718247,1.8158875
2025-04-24 11:00:00,-0.0056725577,-1.5836351,3.4951737,0.1494295,8.058607,1.9709394,5.2013607,0.20523071
2025-04-24 12:00:00,0.08229148,-1.6804273,3.5327845,0.054023616,7.977006,2.0059474,5.2163086,357.19644
2025-04-24 13:00:00,0.2326425,-1.8142296,3.5701537,0.31798333,7.8866863,1.9934933,5.252817,352.69272
2025-04-24 14:00:00,0.329262,-1.9432167,3.5916302,0.37226307,8.073388,1.8920951,5.3488717,350.38306
2025-04-24 15:00:00,0.35933417,-2.0852988,3.5908875,0.26630938,8.604024,1.9435792,5.37454,350.22293
2025-04-24 16:00:00,0.36956993,-2.1300206,3.5002148,0.10959334,9.070326,1.7166073,5.4052944,350.15686
2025-04-24 17:00:00,0.27427137,-2.1076355,3.2905586,0.16830876,9.068214,1.5972153,5.46312,352.58563
2025-04-24 18:00:00,0.07415277,-1.9576874,3.0644112,0.26278317,8.864131,1.1760359,5.325448,357.8308
2025-04-24 19:00:00,-0.012587676,-1.8868227,3.068822,0.5762515,8.681879,1.255304,5.196033,0.38223267
2025-04-24 20:00:00,-0.06971947,-1.832282,3.086885,0.5288511,8.609809,1.3344035,4.9465537,2.1790771
2025-04-24 21:00:00,-0.12897223,-1.775801,3.0941734,0.4636084,8.568,1.3889337,4.6864514,4.153961
2025-04-24 22:00:00,-0.22891277,-1.7142668,3.011218,0.24183217,8.271739,1.3511984,4.944323,7.6059265
2025-04-24 23:00:00,-0.24601375,-1.715172,2.9677489,0.17404635,7.6750402,1.3681635,4.8011537,8.162476
2025-04-25 00:00:00,-0.2468637,-1.7008845,2.9020073,0.2885925,7.2535677,1.3598472,4.526695,8.258148
2025-04-25 01:00:00,-0.19726273,-1.7053722,2.8920174,0.31408978,6.983517,1.3443557,4.406452,6.5981445
2025-04-25 02:00:00,-0.22933424,-1.764796,2.8745964,0.22038078,6.9574757,1.3255783,4.483761,7.4040527
2025-04-25 03:00:00,-0.213821,-1.8091984,2.826961,0.23801975,6.928447,1.2375832,4.300861,6.740265
2025-04-25 04:00:00,-0.23790143,-1.8641629,2.8164833,0.116342664,6.847844,1.2262675,4.2936645,7.2726746
2025-04-25 05:00:00,-0.29718676,-2.0113513,2.921855,0.14152382,6.779479,1.3533194,4.3516564,8.404907
2025-04-25 06:00:00,-0.34469646,-2.2008247,3.0598083,0.1331811,6.835668,1.4049423,4.2914934,8.901428
2025-04-25 07:00:00,-0.47524035,-2.3627694,3.1635425,0.13334545,6.8297415,1.647753,4.3165646,11.372559
2025-04-25 08:00:00,-0.56359535,-2.5124693,3.2256005,0.07256362,6.672383,1.9223615,4.373018,12.6432495
2025-04-25 09:00:00,-0.6810072,-2.6500013,3.3016899,0.3951983,6.908323,2.037579,4.466734,14.412231
2025-04-25 10:00:00,-0.61022204,-2.4405077,3.0994246,0.26622412,7.4302487,1.6846787,4.2831426,14.03833
2025-04-25 11:00:00,-0.6157474,-2.6246119,3.2258096,0.07531452,7.522755,1.7925009,4.364308,13.2030945
2025-04-25 12:00:00,-0.7233713,-2.837487,3.3959248,0.13715138,7.92525,2.043584,4.5622573,14.301971
2025-04-25 13:00:00,-0.88630635,-2.8847814,3.458658,0.09935168,8.253833,2.2973235,4.5189533,17.078796
2025-04-25 14:00:00,-1.0468272,-2.8887658,3.49159,0.20424633,8.570523,2.360438,4.444031,19.919434
2025-04-25 15:00:00,-1.164192,-2.8187351,3.4506352,0.4509995,8.59109,2.3080242,4.452572,22.441559
2025-04-25 16:00:00,-1.2458278,-2.6732924,3.3495357,0.28566542,8.525403,2.2678778,4.4104676,24.986816
2025-04-25 17:00:00,-1.170856,-2.3994095,3.0880256,0.4532197,8.450822,2.0394583,4.229998,26.011292
2025-04-25 18:00:00,-1.0584044,-2.1446273,2.8444114,0.08383721,8.491816,1.5610791,4.1767344,26.266998
2025-04-25 19:00:00,-1.1764654,-2.0125625,2.8097916,0.46578762,8.392177,1.6117791,4.1274824,30.308899
2025-04-25 20:00:00,-1.3724481,-1.8534749,2.8030806,0.20874149,7.852109,1.7148082,4.1548977,36.51895
2025-04-25 21:00:00,-1.4763703,-1.6832485,2.7233667,0.13301453,6.975638,1.6884995,3.9150293,41.253845
2025-04-25 22:00:00,-1.4969115,-1.359123,2.526402,0.26479167,6.2505684,1.4624697,3.7594378,47.762085
2025-04-25 23:00:00,-1.5416647,-1.2361277,2.4834526,0.44033828,5.8580956,1.4369715,3.5573962,51.276886
2025-04-26 00:00:00,-1.6848384,-1.1358379,2.5088687,0.505782,5.806319,1.5221317,3.5022562,56.014008
2025-04-26 01:00:00,-1.7411112,-1.0281372,2.473224,0.21955611,5.882445,1.587983,3.4154415,59.437866
2025-04-26 02:00:00,-1.8705927,-0.9680464,2.51042,0.10994338,6.0727105,1.6537359,3.426794,62.63806
2025-04-26 03:00:00,-1.9738535,-0.88299394,2.5296412,0.08306261,6.0238476,1.6608524,3.4763055,65.898865
2025-04-26 04:00:00,-2.07599,-0.8055201,2.5845714,0.45564935,5.8512263,1.6517224,3.6695766,68.79288
2025-04-26 05:00:00,-2.3524652,-0.69912803,2.8222463,0.55579394,5.736839,1.8121428,3.9069133,73.44861
2025-04-26 06:00:00,-2.5941625,-0.52765304,3.0187495,0.7064681,5.3825107,1.9620143,4.203208,78.50287
2025-04-26 07:00:00,-2.9479728,-0.3144053,3.3230667,0.83490616,5.886719,2.2514477,4.5441723,83.91232
2025-04-26 08:00:00,-3.1237776,-0.24232154,3.466768,0.8980944,6.098097,2.47405,4.5676293,85.56427
2025-04-26 09:00:00,-3.2869315,-0.2998183,3.6035943,1.0703963,6.258668,2.601586,4.61703,84.78815
2025-04-26 10:00:00,-3.0775168,-0.60556155,3.4074416,0.82667214,6.363816,2.4725654,4.37533,78.86813
2025-04-26 11:00:00,-3.4240594,-0.64905566,3.7275476,0.44953728,6.477774,2.7782404,4.703686,79.26651
2025-04-26 12:00:00,-3.685855,-0.64050704,3.9696345,0.088988476,6.854444,2.9850361,5.0026107,80.14191
2025-04-26 13:00:00,-3.7151506,-0.7246721,4.009254,0.22156183,6.9702535,3.0473983,5.107319,78.962524
2025-04-26 14:00:00,-3.7134135,-0.8357771,4.030618,0.9686281,6.560938,2.9921787,5.139918,77.315796
2025-04-26 15:00:00,-3.6512592,-0.92859507,3.9996264,1.1408056,6.4994516,3.000334,5.052711,75.73093
2025-04-26 16:00:00,-3.577812,-1.02049,3.9469109,1.0639962,6.6243405,2.918671,5.0142035,74.08038
2025-04-26 17:00:00,-3.151543,-1.0805144,3.5493367,1.0443687,6.4396896,2.3220403,4.738164,71.07556
2025-04-26 18:00:00,-2.9399939,-1.0750295,3.3431726,0.6944714,6.9104095,2.024801,4.6389365,69.91467
2025-04-26 19:00:00,-3.055112,-0.9843956,3.4240913,0.4435744,7.466689,2.1746252,4.7831635,72.14038
2025-04-26 20:00:00,-3.1917222,-0.7402187,3.5118742,0.26233724,7.7608204,2.2334607,4.9880643,76.94287
2025-04-26 21:00:00,-3.2405357,-0.4450498,3.551491,0.382492,8.668153,2.2631156,4.972065,82.17999
2025-04-26 22:00:00,-3.1215634,-0.16158192,3.475304,0.55536294,8.580981,2.1736107,5.005652,87.036804
2025-04-26 23:00:00,-3.1292238,0.14528264,3.4844463,0.031421695,8.457323,2.124374,4.8250866,92.6582
2025-04-27 00:00:00,-2.99056,0.29684654,3.4074478,0.21145047,8.337761,2.0000656,4.926124,95.668686
2025-04-27 01:00:00,-2.8514078,0.41570756,3.3328795,0.3926122,8.31261,1.9313449,5.0065765,98.29474
2025-04-27 02:00:00,-2.7324517,0.46769178,3.2594008,0.49089974,8.5247135,1.8513033,5.0709763,99.71275
2025-04-27 03:00:00,-2.5952523,0.4714104,3.1500175,0.39437988,8.497189,1.787258,4.914613,100.295166
2025-04-27 04:00:00,-2.4938383,0.4648718,3.055509,0.40687847,8.269595,1.7243588,4.788623,100.55922
2025-04-27 05:00:00,-2.5699553,0.513624,3.1500576,0.35490263,7.7110972,1.7245228,4.74166,101.30206
2025-04-27 06:00:00,-2.5910707,0.5728867,3.175304,0.08043653,7.2211432,1.7210653,4.7989874,102.467545
2025-04-27 07:00:00,-2.7133245,0.7604494,3.2842536,0.07404882,6.758733,1.7613034,4.8076005,105.65633
2025-04-27 08:00:00,-2.6649718,0.775318,3.2288616,0.121669844,6.364728,1.7039046,4.5874815,106.22127
2025-04-27 09:00:00,-2.6573098,0.73743665,3.2325459,0.47629365,6.5538926,1.5620512,4.4393573,105.51001
2025-04-27 10:00:00,-2.45292,0.29451236,2.991234,0.19133456,6.1502047,1.5529468,3.976964,96.84651
2025-04-27 11:00:00,-2.497218,0.12191112,2.9906058,0.07161188,5.9113426,1.6724799,3.985593,92.79491
2025-04-27 12:00:00,-2.5396583,-0.026589058,3.024157,0.1797097,5.53906,1.7836374,4.0598216,89.40015
2025-04-27 13:00:00,-2.5052207,-0.119192176,2.9920268,0.5053596,5.573458,1.730021,3.9923055,87.27606
2025-04-27 14:00:00,-2.4634342,-0.18682943,2.9679542,0.5561449,5.9469366,1.6935447,3.9491076,85.6629
2025-04-27 15:00:00,-2.388126,-0.2256078,2.919355,0.3519171,6.290326,1.6854454,3.919821,84.60324
2025-04-27 16:00:00,-2.280388,-0.25840634,2.8246913,0.3132729,6.44091,1.6820264,3.7606006,83.53497
2025-04-27 17:00:00,-1.8019966,-0.4099612,2.322276,0.18352668,6.2265263,1.4263611,3.2946682,77.183136
2025-04-27 18:00:00,-1.6098613,-0.55586904,2.1671214,0.1627242,5.896534,1.4644575,3.2020402,70.950714
2025-04-27 19:00:00,-1.7617855,-0.5534049,2.3596854,0.40988514,5.6057177,1.6778843,3.2273643,72.561646
2025-04-27 20:00:00,-1.8113688,-0.34283984,2.3710146,0.32185364,5.755994,1.6897177,3.2343473,79.28235
2025-04-27 21:00:00,-1.7533643,-0.10163426,2.3009048,0.07983996,5.3143625,1.6565455,3.1280234,86.682526
2025-04-27 22:00:00,-1.637035,-0.021144558,2.1867325,0.22430906,4.3654943,1.4734938,3.021609,89.25995
2025-04-27 23:00:00,-1.4430904,0.19724995,2.0784845,0.1253609,4.4220085,1.3319756,2.7965128,97.783295
2025-04-28 00:00:00,-1.2089015,0.32165033,1.9710013,0.115246445,4.9768596,1.1913184,2.656847,104.8994
2025-04-28 01:00:00,-1.0193131,0.381798,1.887293,0.085547596,5.5796404,1.0803107,2.5818818,110.53415
2025-04-28 02:00:00,-0.8552584,0.36356416,1.7916782,0.09428239,5.5870295,0.9622252,2.4711256,113.030014
2025-04-28 03:00:00,-0.72860885,0.34883407,1.714897,0.0741324,5.215746,0.8159572,2.5008585,115.58359
2025-04-28 04:00:00,-0.6336546,0.39761436,1.6961992,0.10317917,5.5429144,0.7331078,2.490029,122.10803
2025-04-28 05:00:00,-0.46983916,0.4234982,1.6122168,0.04566612,5.6152267,0.7113608,2.481494,132.03052
2025-04-28 06:00:00,-0.30328575,0.3327653,1.4367359,0.01692904,5.702082,0.57197416,2.4293456,137.65364
2025-04-28 07:00:00,-0.20393413,0.23162389,1.1786262,0.012430295,5.813519,0.3205466,2.1596801,138.63757
2025-04-28 08:00:00,-0.26028937,0.06779686,1.3430758,0.102875546,6.1752443,0.5417578,2.3152533,104.599304
2025-04-28 09:00:00,-0.342632,-0.09401228,1.590617,0.06483639,6.3313317,0.72955924,2.640378,74.65662
2025-04-28 10:00:00,-0.3622226,-0.024463963,1.800887,0.09074066,6.722521,0.8145368,2.891252,86.13617
2025-04-28 11:00:00,-0.15219034,-0.19016905,1.8307755,0.031268977,6.913029,0.6494234,3.0804348,38.66992
2025-04-28 12:00:00,0.055585295,-0.42777932,1.9049284,0.042505417,6.894999,0.6600069,3.2326367,352.5965
2025-04-28 13:00:00,0.15606607,-0.73359185,2.0488677,0.10672946,6.8593245,0.7333495,3.4061432,347.9898
2025-04-28 14:00:00,0.22220549,-0.99805963,2.225368,0.00052193087,6.855649,0.8714048,3.6228275,347.44852
2025-04-28 15:00:00,0.23145397,-1.2187335,2.4309835,0.0065139304,6.620503,1.1119955,3.7216976,349.24683
2025-04-28 16:00:00,0.1899612,-1.362221,2.5295022,0.05525815,6.4272337,1.2740662,3.8236892,352.0613
2025-04-28 17:00:00,0.2928842,-1.1759421,2.2205033,0.10163834,7.032532,0.99128765,3.767075,346.01428
2025-04-28 18:00:00,0.33909234,-1.2785413,2.3418941,0.08021926,7.081838,1.5317863,3.6096945,345.1461
2025-04-28 19:00:00,0.2964255,-1.3727186,2.5242012,0.16064033,7.4165277,1.5629882,3.979122,347.81464
2025-04-28 20:00:00,0.21040303,-1.3430815,2.608538,0.07415789,8.077808,1.5310582,4.0552626,351.0966
2025-04-28 21:00:00,0.25246945,-1.1546932,2.5484276,0.07538223,8.687008,1.3756535,4.089671,347.66656
2025-04-28 22:00:00,0.59817255,-0.9543337,2.418418,0.1085671,8.995483,1.0381911,4.2617793,327.9207
2025-04-28 23:00:00,0.6285314,-0.8522574,2.358282,0.07134946,8.836021,0.99690247,4.322908,323.59158
2025-04-29 00:00:00,0.6601893,-0.7939907,2.3199897,0.07682099,8.727777,1.0083612,4.221445,320.25708
2025-04-29 01:00:00,0.7176856,-0.7950514,2.3090348,0.051977772,8.637077,1.089695,4.1763787,317.92773
2025-04-29 02:00:00,0.77267456,-0.7894848,2.3253765,0.086323746,8.556335,1.093623,4.249573,315.61652
2025-04-29 03:00:00,0.83930516,-0.8025451,2.364601,0.1671399,8.47476,1.0394734,4.571801,313.7174
2025-04-29 04:00:00,0.8587939,-0.8666654,2.4107778,0.06462054,8.610492,1.0046113,4.598813,315.26138
2025-04-29 05:00:00,0.90996075,-0.8995192,2.383538,0.09591597,8.754691,0.84463495,4.5079885,314.66937
2025-04-29 06:00:00,0.82621974,-1.0108985,2.3624325,0.06000109,8.612529,0.7276989,4.5004234,320.74045
2025-04-29 07:00:00,0.75816756,-1.1059443,2.1375415,0.04580987,8.220745,0.52331895,4.4739184,325.56784
2025-04-29 08:00:00,0.5678484,-1.2357677,2.2956796,0.14505614,7.7829633,0.85867804,4.319067,335.3207
2025-04-29 09:00:00,0.42860454,-1.3902221,2.499774,0.16296469,7.796988,1.1488209,4.5574684,342.8655
2025-04-29 10:00:00,0.1826737,-1.248625,2.3902361,0.34140226,7.85136,1.1270251,4.0162916,351.67667
2025-04-29 11:00:00,0.268259,-1.2642121,2.445085,0.19429153,7.9229107,1.0884585,4.081349,348.01984
2025-04-29 12:00:00,0.42814225,-1.3517687,2.5449908,0.19532713,8.238319,1.1646653,4.262521,342.42557
2025-04-29 13:00:00,0.47712377,-1.569241,2.7060692,0.37236395,8.689788,1.406021,4.369824,343.08823
2025-04-29 14:00:00,0.48399848,-1.8268198,2.884439,0.6253604,8.822314,1.6823304,4.4931035,345.16095
2025-04-29 15:00:00,0.37056217,-2.0680995,3.0361989,0.99240595,8.800457,1.9515253,4.4920983,349.84152
2025-04-29 16:00:00,0.19449471,-2.1691318,3.0699897,0.19873028,8.571436,2.1756325,4.3325305,354.87628
2025-04-29 17:00:00,0.20124364,-1.9198815,2.6542573,0.13347568,8.308931,1.6089342,3.89469,354.01605
2025-04-29 18:00:00,0.10917828,-1.8206593,2.511683,0.27068177,7.842849,1.6786923,3.5788639,356.5683
2025-04-29 19:00:00,-0.10903353,-1.9111398,2.6254075,0.08835878,7.303499,1.8875213,3.4307523,3.2652588
2025-04-29 20:00:00,-0.30464914,-1.8216491,2.6054986,0.035424907,6.8153687,1.856969,3.412197,9.494171
2025-04-29 21:00:00,-0.41536856,-1.6777104,2.5363152,0.028214788,6.801479,1.7104902,3.3037105,13.905701
2025-04-29 22:00:00,-0.31895447,-1.2879894,2.28818,0.07018826,6.5056987,1.2703543,3.148822,13.908752
2025-04-29 23:00:00,-0.25673243,-1.1033845,2.1814034,0.18343751,6.395933,1.219322,2.959218,13.098358
2025-04-30 00:00:00,-0.23809238,-0.947784,2.085767,0.17327823,6.543282,1.1327311,2.8231096,14.10144
2025-04-30 01:00:00,-0.16351978,-0.81214577,2.0035336,0.16273145,6.76791,1.0544325,2.7686005,11.383911
2025-04-30 02:00:00,-0.14144321,-0.67049843,1.9448587,0.14121577,6.9400196,0.9895381,2.7134988,11.912018
2025-04-30 03:00:00,-0.073195584,-0.5176363,1.9070548,0.1737561,7.336137,0.90127575,2.6541502,8.048462
2025-04-30 04:00:00,-0.016923647,-0.3848015,1.8998396,0.066106275,7.5494547,0.86086947,2.6905694,2.5182495
2025-04-30 05:00:00,0.12892851,-0.27536878,1.8708135,0.07090971,7.7878304,0.758945,2.9169812,334.91086
2025-04-30 06:00:00,0.07047828,-0.23810062,1.8041122,0.08880616,7.8978605,0.6307451,2.9213269,343.51114
2025-04-30 07:00:00,0.15761545,-0.25927818,1.5965141,0.028631315,7.7339387,0.4504417,2.9085598,328.70453
2025-04-30 08:00:00,0.11348456,-0.28666028,1.6999673,0.0024361555,7.537915,0.5655425,3.142812,338.4021
2025-04-30 09:00:00,0.17491479,-0.37810743,1.8000909,0.06607434,7.8950124,0.66089135,3.403548,335.17444
2025-04-30 10:00:00,-0.035201613,-0.50358665,1.8974729,0.17181866,8.113115,0.8326141,3.1684368,3.9985657
2025-04-30 11:00:00,0.06802327,-0.68184763,1.9814688,0.06315735,8.559435,0.70296836,3.414707,354.30286
2025-04-30 12:00:00,0.095866844,-0.7849299,2.073775,0.063083045,8.857083,0.73056626,3.5471475,353.0367
2025-04-30 13:00:00,0.1586943,-0.8847017,2.1217048,0.07952355,9.166646,0.8292533,3.5939372,349.83066
2025-04-30 14:00:00,0.17426692,-1.0537975,2.201068,0.12656055,9.201241,0.99699795,3.5943837,350.60995
2025-04-30 15:00:00,0.120455354,-1.2202618,2.310751,0.44008464,9.050026,1.1941115,3.57713,354.36243
2025-04-30 16:00:00,-0.020435642,-1.3176987,2.3697,0.2641086,8.696786,1.3877873,3.4210162,0.88848877
2025-04-30 17:00:00,-0.024375709,-1.1941969,2.1089938,0.317245,8.3993,1.232871,3.1951776,1.169342
2025-04-30 18:00:00,-0.24100804,-1.2528468,2.1800508,0.5646527,7.9702854,1.4707032,2.862412,10.888855
2025-04-30 19:00:00,-0.59194165,-1.262471,2.3684614,0.18768333,7.61632,1.6428373,2.930544,25.120728
2025-04-30 20:00:00,-0.7823276,-1.0597848,2.3348207,0.12383867,7.261994,1.5032135,2.9867392,36.43454
2025-04-30 21:00:00,-0.86823255,-0.88055253,2.2812707,0.14856716,6.9388638,1.3428679,2.9428875,44.596375
2025-04-30 22:00:00,-0.90838295,-0.7742784,2.1504278,0.06296846,6.321493,1.1420395,2.89128,49.5567
2025-04-30 23:00:00,-0.9726117,-0.5549349,2.0419044,0.13213874,5.667375,1.1206976,2.7959182,60.292572
2025-05-01 00:00:00,-0.9740444,-0.375379,1.9112927,0.18124059,5.2592087,0.97620994,2.6576457,68.924225
2025-05-01 01:00:00,-0.9781696,-0.17481211,1.8237667,0.080637865,4.5127144,0.9219717,2.4360971,79.86743
2025-05-01 02:00:00,-1.0029771,0.04887761,1.7530274,0.073584504,3.5501885,0.9091887,2.3867335,92.78998
2025-05-01 03:00:00,-0.96955913,0.30945608,1.701746,0.0833771,3.6419098,0.8605485,2.3112092,107.70163
2025-05-01 04:00:00,-0.8998591,0.5279005,1.655014,0.07189713,3.8746414,0.7829428,2.2914808,120.397934
2025-05-01 05:00:00,-0.8766125,0.7324747,1.6091787,0.04776932,4.05263,0.70643514,2.397278,129.88126
2025-05-01 06:00:00,-0.87081087,0.89880246,1.6254439,0.08661645,4.1965513,0.7520358,2.5446393,135.90623
2025-05-01 07:00:00,-0.74108225,0.9616728,1.5130236,0.07695215,4.343958,0.61581975,2.4210694,142.38152
2025-05-01 08:00:00,-0.69062436,1.1529949,1.7114265,0.06484306,4.579063,0.6814494,2.7326546,149.07912
2025-05-01 09:00:00,-0.5617185,1.1801164,1.8127939,0.080808885,4.5947247,0.8033938,2.9318657,154.54623
2025-05-01 10:00:00,-0.75107473,0.84286624,1.7972418,0.1621332,4.375918,0.8158795,2.939632,138.2959
2025-05-01 11:00:00,-0.6081287,0.8893181,1.8194153,0.04814406,4.3070307,0.81412995,2.805332,145.63512
2025-05-01 12:00:00,-0.43394843,0.92945,1.8119594,0.07470928,4.260646,0.80467427,2.7410026,154.97273
2025-05-01 13:00:00,-0.25733906,0.9277785,1.7890806,0.13404945,4.3362417,0.75421447,2.705465,164.49753
2025-05-01 14:00:00,-0.1741036,0.8838827,1.7636597,0.056208815,4.488703,0.6945782,2.729651,168.85678
2025-05-01 15:00:00,-0.14790055,0.8712336,1.7559518,0.1463642,4.641487,0.70345795,2.7319787,170.36533
2025-05-01 16:00:00,-0.23951763,0.83498526,1.7356404,0.1554941,5.0621023,0.69343793,2.7742321,163.99434
2025-05-01 17:00:00,-0.45760655,0.64062625,1.5249279,0.03519359,5.405158,0.6418149,2.5884929,144.46136
2025-05-01 18:00:00,-0.7715194,0.8076502,1.8642502,0.12195702,6.132098,0.8958667,2.9006748,136.31068
2025-05-01 19:00:00,-0.945795,1.1484445,2.172242,0.095530696,6.8274274,0.9772124,3.475486,140.52704
2025-05-01 20:00:00,-0.8731623,1.5475456,2.3416743,0.096200556,7.484025,1.036239,3.85602,150.56728
2025-05-01 21:00:00,-0.6847749,1.842559,2.4596696,0.08787388,8.1186285,1.1581752,4.1561055,159.61276
2025-05-01 22:00:00,-0.35731548,2.0798836,2.5702472,0.11265998,8.357582,1.2778772,4.115502,170.25198
2025-05-01 23:00:00,-0.0117142135,2.243446,2.638625,0.13563015,8.662115,1.2547228,4.323913,179.70084
2025-05-02 00:00:00,0.35724288,2.326777,2.7586946,0.13926274,9.299749,1.398461,4.5403123,188.72878
2025-05-02 01:00:00,0.72803396,2.2973905,2.8338764,0.120741956,9.487949,1.4406874,4.8221693,197.58322
2025-05-02 02:00:00,0.9706701,2.2425768,2.8601146,0.046215434,9.244109,1.4648473,5.0049767,203.40475
2025-05-02 03:00:00,1.1577227,2.2022347,2.8673332,0.34708098,9.6742525,1.5330982,4.9647236,207.73106
2025-05-02 04:00:00,1.2902205,2.112607,2.8612044,0.4365748,9.7108555,1.5302142,4.8914165,211.41344
2025-05-02 05:00:00,1.3921682,2.012037,2.9182754,0.07917071,9.479201,1.502785,4.890528,214.68013
2025-05-02 06:00:00,1.6073736,1.9071639,3.0681114,0.07720487,9.282138,1.475192,5.0412707,220.12448
2025-05-02 07:00:00,1.6817116,1.5164787,2.8850417,0.080896445,8.3555565,1.0744331,4.9228044,227.95753
2025-05-02 08:00:00,1.9605259,1.2681336,3.019813,0.26629055,8.062787,1.1695445,5.0110655,237.10387
2025-05-02 09:00:00,2.263598,1.0085375,3.2162452,0.17273949,7.4626207,1.5365734,5.1415687,245.98482
2025-05-02 10:00:00,2.0864415,0.616385,3.0459816,0.03845118,7.944018,1.3792632,5.1367993,253.5416
2025-05-02 11:00:00,2.5364132,0.3370687,3.365665,0.230926,8.551174,1.4703481,4.903508,262.4302
2025-05-02 12:00:00,2.9867396,0.05567932,3.7302275,0.2658943,8.674442,1.6431233,5.214311,268.932
2025-05-02 13:00:00,3.1499991,-0.2903529,3.8766038,0.13083842,8.026628,1.757677,5.4832973,275.2664
2025-05-02 14:00:00,3.055782,-0.6915221,3.815315,0.06729566,7.777167,1.7536002,5.491869,282.75122
2025-05-02 15:00:00,2.7724395,-0.997406,3.6099956,0.16283044,8.334705,1.7445649,5.6413317,289.78656
2025-05-02 16:00:00,2.330403,-1.2052777,3.2750783,0.17876373,8.44707,1.5057223,5.675721,297.34787
2025-05-02 17:00:00,1.7752162,-1.2445819,2.7305603,0.12245416,7.7979,0.99912816,5.3265905,305.0338
2025-05-02 18:00:00,1.577068,-1.073488,2.5346365,0.053237896,7.523793,0.8700549,4.78896,304.24255
2025-05-02 19:00:00,1.6375402,-0.91024864,2.6029577,0.04680522,8.098112,0.8857009,4.859243,299.06808
2025-05-02 20:00:00,1.6447808,-0.8666712,2.6994267,0.12811302,8.815492,1.2658619,5.2669487,297.78574
2025-05-02 21:00:00,1.616602,-0.867324,2.7668846,0.279403,9.151281,1.2674742,5.5694385,298.21402
2025-05-02 22:00:00,1.5239125,-0.78684133,2.7583306,0.121464476,8.459493,1.2939172,5.3826194,297.30865
2025-05-02 23:00:00,1.4569191,-0.75997144,2.7616403,0.11044953,8.513938,1.2753326,5.373948,297.54785
2025-05-03 00:00:00,1.5099446,-0.6522365,2.74159,0.13961166,8.482375,1.3006554,5.2679033,293.36243
2025-05-03 01:00:00,1.5561606,-0.4893671,2.692307,0.13022493,9.091005,1.186484,5.3410997,287.45685
2025-05-03 02:00:00,1.6398827,-0.342879,2.693817,0.08786105,9.240871,1.2004958,5.325075,281.8097
2025-05-03 03:00:00,1.7477182,-0.2036368,2.750795,0.11048563,8.436833,1.1927841,5.4854183,276.6459
2025-05-03 04:00:00,1.7679822,-0.13701196,2.780295,0.072161056,8.809353,1.1603012,5.324638,274.43134
2025-05-03 05:00:00,1.7943994,-0.040292688,2.8017108,0.08062095,8.919229,1.0893275,5.135877,271.28635
2025-05-03 06:00:00,1.8191924,0.09901923,2.9360018,0.05210738,9.056272,1.1329609,5.33483,266.88446
2025-05-03 07:00:00,1.9468825,0.17429702,3.0113382,0.09969426,9.420367,0.9767087,5.5785346,264.88416
2025-05-03 08:00:00,2.2689633,0.3204028,3.2084758,0.031136941,9.394196,0.8140293,6.026538,261.96234
2025-05-03 09:00:00,2.5350547,0.47959527,3.3740184,0.04271785,8.902358,0.82300013,6.0112786,259.28708
2025-05-03 10:00:00,2.366415,0.3981158,3.1263833,0.010851788,8.286288,0.85961455,5.564289,260.45023
2025-05-03 11:00:00,2.537839,0.6158567,3.2377098,0.092936784,8.7619295,0.8311892,5.7496834,256.3597
2025-05-03 12:00:00,2.7538,0.7620462,3.4345937,0.23051235,8.817056,1.2054023,5.734883,254.53189
2025-05-03 13:00:00,3.0276055,0.76151997,3.6452332,0.24997069,9.052651,1.6984884,5.777135,255.88153
2025-05-03 14:00:00,3.2173638,0.6325799,3.809937,0.1324997,9.225787,1.7240634,6.102684,258.8767
2025-05-03 15:00:00,3.3045535,0.33328784,3.9253044,0.10982826,9.442174,1.6807235,6.333609,264.24078
2025-05-03 16:00:00,3.1457849,0.062857136,3.813533,0.14954035,10.60219,1.3171802,6.2628207,268.85532
2025-05-03 17:00:00,2.9473674,-0.22217126,3.7338645,0.12708163,11.646348,1.2569538,6.3278127,274.3108
2025-05-03 18:00:00,2.854069,-0.41680577,3.7391613,0.17315073,12.79537,1.2666122,5.976897,278.3087
2025-05-03 19:00:00,2.9049797,-0.58160114,3.8611553,0.055603005,12.940353,1.5420913,5.836779,281.3214
2025-05-03 20:00:00,3.0581748,-0.74271494,3.988694,0.24305558,12.55603,1.7527933,5.994761,283.6507
2025-05-03 21:00:00,3.2451732,-0.974218,4.1356745,0.3367223,12.201151,1.8540801,6.201347,286.71002
2025-05-03 22:00:00,3.1518724,-1.4617603,4.0673966,0.15754837,11.798582,1.9072914,6.2111692,294.8807
2025-05-03 23:00:00,3.3662596,-1.5099417,4.1432405,0.6914272,12.562552,1.7142904,6.2966437,294.1587
2025-05-04 00:00:00,3.575875,-1.5375502,4.2932158,0.7617784,12.639235,1.9341328,6.844364,293.26666
2025-05-04 01:00:00,3.715163,-1.5778619,4.4563212,0.6734953,13.155534,2.1847494,7.5277143,293.01135
2025-05-04 02:00:00,3.7524147,-1.5988827,4.534601,0.71001273,12.73522,2.3617883,8.347397,293.07858
2025-05-04 03:00:00,3.7845623,-1.653743,4.607497,0.549305,12.786979,2.1833549,8.874506,293.6039
2025-05-04 04:00:00,3.7261205,-1.7487335,4.6229324,0.65721256,12.900201,2.1342175,9.165449,295.14148
2025-05-04 05:00:00,3.5912635,-1.8850213,4.6043334,0.18942912,12.713301,2.1951215,9.288146,297.69458
2025-05-04 06:00:00,3.7868001,-2.4746544,5.0677166,0.634818,12.570542,2.1408355,9.315392,303.1644
2025-05-04 07:00:00,3.5493064,-2.7831788,5.013338,0.25521135,12.583139,2.0737767,8.952732,308.10168
2025-05-04 08:00:00,3.3498592,-2.857153,4.905902,0.10585373,12.461553,2.064238,8.599699,310.46143
2025-05-04 09:00:00,3.1509874,-2.871323,4.79805,0.11819977,11.917371,2.1603582,8.230369,312.34122
2025-05-04 10:00:00,2.7195323,-2.734462,4.5809884,0.14782262,11.551043,2.1907125,8.059029,315.15683
2025-05-04 11:00:00,2.557354,-2.8156517,4.5246434,0.16306551,11.591981,2.1691816,7.737271,317.75226
2025-05-04 12:00:00,2.3297956,-2.9135866,4.4518456,0.21535167,11.306049,2.2931876,7.1332417,321.35306
2025-05-04 13:00:00,1.995398,-3.0567396,4.3938203,0.3062244,11.550948,2.3493092,6.7166376,326.86404
2025-05-04 14:00:00,1.6777134,-3.1234243,4.292684,0.61468476,11.401587,2.3951674,6.340722,331.75803
2025-05-04 15:00:00,1.3108368,-3.181305,4.181984,0.7409114,10.768056,2.3807936,6.220293,337.6062
2025-05-04 16:00:00,0.8898386,-3.2157857,4.039027,0.79797083,9.898934,2.2706711,5.817734,344.5327
2025-05-04 17:00:00,0.3869534,-3.1285615,3.8246279,0.5654608,8.953875,2.119172,5.49511,352.94922
2025-05-04 18:00:00,-0.07837368,-2.8219419,3.415529,0.44232416,8.919008,1.8092929,5.0707674,1.5908508
2025-05-04 19:00:00,-0.44019544,-2.5577986,3.1106777,0.64274997,9.177969,1.6462042,4.7157273,9.764893
2025-05-04 20:00:00,-0.76796126,-2.4358623,3.0346444,0.85501117,9.234983,1.6419675,4.582388,17.498657
2025-05-04 21:00:00,-1.0487233,-2.4065156,3.06885,0.77010536,9.550831,1.6552539,4.734917,23.546844
2025-05-04 22:00:00,-1.2896127,-2.3135195,3.0498235,0.37008232,10.489425,1.5954448,4.952999,29.136353
2025-05-04 23:00:00,-1.5733618,-2.350933,3.2072353,0.53126705,10.851717,1.6094232,5.2720084,33.79242
2025-05-05 00:00:00,-1.8106735,-2.3874767,3.3409271,0.7696158,10.528511,1.641196,5.17414,37.17685
2025-05-05 01:00:00,-1.9945645,-2.4246228,3.4375045,0.84673226,9.949494,1.6622728,5.7483354,39.44171
2025-05-05 02:00:00,-2.12778,-2.4410322,3.497606,0.8682076,9.3925495,1.6357566,5.7433796,41.07776
2025-05-05 03:00:00,-2.1956565,-2.5085173,3.573535,0.5015942,9.086498,1.6504917,5.63154,41.195007
2025-05-05 04:00:00,-2.3584306,-2.5637364,3.697508,0.5875456,9.47704,1.7920231,5.8375387,42.61154
2025-05-05 05:00:00,-2.6087456,-2.681474,3.9497128,0.9125361,9.555543,2.2702641,6.01188,44.21234
2025-05-05 06:00:00,-2.970579,-2.7035012,4.219078,0.8678848,9.719277,2.5572546,5.8463774,47.694885
2025-05-05 07:00:00,-3.4491808,-2.711571,4.5709195,0.90707546,9.615527,3.1666143,6.0517774,51.82733
2025-05-05 08:00:00,-3.6970248,-2.6436305,4.7145567,0.84127903,9.617269,3.3628144,6.111093,54.432587
2025-05-05 09:00:00,-3.8290987,-2.6135695,4.788787,0.6352797,9.516263,3.3332105,6.242028,55.684326
2025-05-05 10:00:00,-3.4929662,-2.3645725,4.387493,0.9492968,8.898867,2.934622,5.6644216,55.90387
2025-05-05 11:00:00,-3.3402112,-2.5367346,4.361997,0.18324415,8.868005,2.8717237,5.6448336,52.785034
2025-05-05 12:00:00,-3.1473897,-2.6214333,4.30608,0.06292318,8.7714815,2.7300763,5.646489,50.20938
2025-05-05 13:00:00,-2.9693196,-2.706679,4.3102274,0.33083075,8.759252,2.6817613,5.728155,47.649292
2025-05-05 14:00:00,-2.7673464,-2.775489,4.307375,0.31051746,8.937276,2.6957335,5.870208,44.915833
2025-05-05 15:00:00,-2.5561624,-2.7574937,4.2538805,0.24494042,8.933471,2.641343,5.770852,42.83014
2025-05-05 16:00:00,-2.3125067,-2.651893,4.120062,0.25801352,8.633195,2.4995482,5.603166,41.08911
2025-05-05 17:00:00,-1.9476467,-2.5033455,3.8825204,0.2526066,8.658878,2.4239447,5.352678,37.883545
2025-05-05 18:00:00,-1.4928585,-2.293071,3.529117,0.11440045,8.816538,2.0156884,5.177499,33.06534
2025-05-05 19:00:00,-1.2149794,-2.1665435,3.3596878,0.38127467,8.604286,1.8576895,5.1843224,29.283325
2025-05-05 20:00:00,-1.1049788,-2.1028035,3.3395388,0.337598,8.323202,1.7751352,5.2371154,27.720978
2025-05-05 21:00:00,-0.9833073,-2.0222275,3.3087437,0.18933748,8.231717,1.7960069,5.176537,25.931305
2025-05-05 22:00:00,-0.82590544,-1.7814636,3.1111596,0.1467724,8.552363,1.4669966,5.185722,24.872925
2025-05-05 23:00:00,-0.5275524,-1.7857084,3.1013112,0.30267498,8.942216,1.4797783,5.78367,16.45874
2025-05-06 00:00:00,-0.2935457,-1.7805448,3.1179676,0.4012244,9.859524,1.3761604,6.20573,9.361725
2025-05-06 01:00:00,-0.09794864,-1.8243334,3.1738396,0.19097464,10.541493,1.3257431,6.5769854,3.0732727
2025-05-06 02:00:00,0.06747272,-1.8500354,3.206158,0.155162,10.426059,1.2752435,6.6241064,357.9113
2025-05-06 03:00:00,0.2768402,-1.8348979,3.195118,0.21044925,11.275826,1.253972,6.8434267,351.42023
2025-05-06 04:00:00,0.4140955,-1.8797644,3.2459068,0.06286655,11.049685,1.2366034,6.9389434,347.57666
2025-05-06 05:00:00,0.49595478,-2.0078225,3.4229188,0.0663823,10.893831,1.4088413,6.910922,346.12503
2025-05-06 06:00:00,0.38955772,-2.1550987,3.5744534,0.35040414,10.9125395,1.4594436,7.15903,349.75378
2025-05-06 07:00:00,0.17340706,-2.439725,3.94853,0.79237074,11.096143,1.872333,7.0007787,355.93445
2025-05-06 08:00:00,0.055066083,-2.8129544,4.297665,1.0596677,10.592689,2.5559025,6.684896,358.87854
2025-05-06 09:00:00,-0.041538548,-2.998633,4.44487,1.0536187,10.04356,2.531259,6.6964464,0.79364014
2025-05-06 10:00:00,-0.011133143,-2.8848655,4.0546207,0.60330635,9.717061,2.1464286,6.151557,0.22109985
2025-05-06 11:00:00,0.03434547,-3.0967476,4.0962358,1.1582434,9.702353,2.3933206,5.8797565,359.36456
2025-05-06 12:00:00,-0.013943646,-3.258142,4.1430035,1.0361042,9.725777,2.5124567,5.7667704,0.24520874
2025-05-06 13:00:00,-0.06415249,-3.350274,4.1161757,1.0969142,9.74776,2.5639791,5.659294,1.0969849
2025-05-06 14:00:00,-0.2003413,-3.4781704,4.1331716,1.0631423,9.709461,2.6134276,5.6747246,3.2965698
2025-05-06 15:00:00,-0.33508426,-3.4975333,4.103646,0.7114298,9.803602,2.539513,5.680421,5.4725647
2025-05-06 16:00:00,-0.44217166,-3.4128442,3.9762657,0.10013989,9.81368,2.3332944,5.5650897,7.3821716
2025-05-06 17:00:00,-0.42394894,-3.16349,3.7017431,0.18970625,9.738704,1.865263,5.4581504,7.632904
2025-05-06 18:00:00,-0.41195762,-2.7603447,3.2754965,0.04141938,9.705433,1.3432086,5.3028326,8.488251
2025-05-06 19:00:00,-0.44948557,-2.5317626,3.0629556,0.043564763,9.251388,1.298855,5.1987715,10.067322
2025-05-06 20:00:00,-0.58926225,-2.4069602,2.970414,0.086856715,8.703615,1.2766951,5.2119303,13.756348
2025-05-06 21:00:00,-0.70111126,-2.231092,2.8218799,0.04974083,8.0742,1.2670145,4.9161963,17.445099
2025-05-06 22:00:00,-1.0355237,-2.0812922,2.7793527,0.07400119,7.8186803,1.1818178,4.545589,26.452118
2025-05-06 23:00:00,-1.0108049,-1.8947201,2.6165311,0.09820453,7.6485977,1.0424845,4.347642,28.079254
2025-05-07 00:00:00,-0.9871546,-1.7762485,2.5415528,0.1344546,7.4005585,1.1155174,4.3703737,29.063232
2025-05-07 01:00:00,-0.978575,-1.6647421,2.5046706,0.30089343,7.338152,1.1857854,4.1756043,30.447998
2025-05-07 02:00:00,-0.99756354,-1.6540453,2.5192428,0.049145337,7.6198106,1.2537452,4.0988646,31.09439
2025-05-07 03:00:00,-0.9953127,-1.6273581,2.4887362,0.13847643,7.9991307,1.3214753,4.054941,31.45047
2025-05-07 04:00:00,-1.053748,-1.616413,2.4694886,0.029622652,8.059678,1.3526026,3.850169,33.100525
2025-05-07 05:00:00,-1.2506928,-1.7318333,2.6383243,0.15130801,7.7499585,1.4828894,3.8863578,35.836
2025-05-07 06:00:00,-1.5233158,-1.718691,2.7060537,0.19204532,7.4014535,1.3553234,4.0141134,41.5513
2025-05-07 07:00:00,-1.9887142,-1.8052425,3.0155857,0.31706682,6.907594,1.5447437,4.4875183,47.768616
2025-05-07 08:00:00,-2.3965797,-1.8095839,3.291572,0.05076533,6.250037,1.6807156,4.6992373,52.94464
2025-05-07 09:00:00,-2.7363105,-1.818142,3.5343232,0.061681412,6.5332108,1.9382812,4.7889156,56.39795
2025-05-07 10:00:00,-2.962583,-1.7591747,3.650511,0.12729281,6.243578,2.0193825,5.039316,59.29825
2025-05-07 11:00:00,-3.0899906,-1.8213501,3.8093517,0.787826,6.9440784,2.1734002,5.1398396,59.4834
2025-05-07 12:00:00,-3.0361137,-1.9374485,3.857986,0.46734062,6.33941,2.1800203,5.066463,57.456665
2025-05-07 13:00:00,-2.9275084,-2.0546682,3.8799508,0.47209218,6.7221375,2.2809732,4.980014,54.93695
2025-05-07 14:00:00,-2.8593185,-2.2079806,3.9469538,0.6195939,6.8601313,2.4673038,5.028548,52.324463
2025-05-07 15:00:00,-2.8333316,-2.2734733,4.0044646,0.5980749,6.738232,2.5693138,5.063179,51.256348
2025-05-07 16:00:00,-2.75966,-2.2485232,3.958214,0.3756292,6.736366,2.5391905,4.947017,50.827454
2025-05-07 17:00:00,-2.4077907,-2.0481522,3.5775468,0.20228729,6.9638596,2.2110853,4.582077,49.61432
2025-05-07 18:00:00,-2.1111364,-1.8565323,3.2054267,0.15377544,7.1251345,1.6858064,4.2321053,48.67163
2025-05-07 19:00:00,-2.0109806,-1.7689856,3.0232077,0.11912292,7.6452494,1.5848433,4.0898633,48.663086
2025-05-07 20:00:00,-2.118992,-1.5884792,2.976704,0.20252512,7.6494293,1.5769874,4.0817084,53.14334
2025-05-07 21:00:00,-2.1527715,-1.4580697,2.922088,0.18361506,7.204452,1.55984,4.021261,55.89026
2025-05-07 22:00:00,-2.0682645,-1.1606804,2.798746,0.44446817,7.0573545,1.5404747,3.9844441,60.699463
2025-05-07 23:00:00,-1.9311408,-1.0964344,2.672507,0.18911996,6.9315743,1.4922007,3.799535,60.413605
2025-05-08 00:00:00,-1.7780666,-1.0540721,2.5469017,0.31796694,6.955306,1.4150418,3.5839064,59.33972
2025-05-08 01:00:00,-1.6993405,-1.0801812,2.4991581,0.058002695,6.9632554,1.4605483,3.4981046,57.558014
2025-05-08 02:00:00,-1.6689165,-1.0719539,2.4764404,0.12926003,6.700882,1.3889945,3.5337555,57.28714
2025-05-08 03:00:00,-1.6482552,-1.1031342,2.4695573,0.048661474,6.390228,1.3931516,3.5405383,56.206604
2025-05-08 04:00:00,-1.6641483,-1.0966492,2.4671848,0.06941907,6.1669846,1.3554412,3.5566483,56.615692
2025-05-08 05:00:00,-1.784595,-1.1678302,2.5825393,0.09177257,5.9972625,1.192119,3.6387718,56.79944
2025-05-08 06:00:00,-1.9212589,-1.0890152,2.634609,0.06591679,5.827885,1.0602262,3.9402823,60.454407
2025-05-08 07:00:00,-2.1905918,-1.0410931,2.8214092,0.09564384,6.166303,1.078519,4.162824,64.58029
2025-05-08 08:00:00,-2.417991,-1.0652618,3.016828,0.18351512,6.363558,1.2114404,4.3369093,66.223785
2025-05-08 09:00:00,-2.7867444,-1.2255179,3.391137,0.27331534,6.2974305,1.622747,4.651993,66.26169
2025-05-08 10:00:00,-2.7714307,-1.2828068,3.3837907,0.14359209,5.8704395,1.6371442,4.580302,65.16208
2025-05-08 11:00:00,-2.7693548,-1.5685993,3.4922316,0.4711435,5.599407,2.0928361,4.591075,60.4722
2025-05-08 12:00:00,-2.8040962,-1.7657632,3.6094525,0.12537852,5.649812,2.471952,4.6832614,57.801025
2025-05-08 13:00:00,-2.777728,-1.9374571,3.677839,0.25831607,6.3908553,2.6385138,4.6536355,55.10431
2025-05-08 14:00:00,-2.7504194,-2.069244,3.7397392,0.06563121,6.7067156,2.755992,4.746843,53.044464
2025-05-08 15:00:00,-2.7508652,-2.1373055,3.782418,0.2134805,6.6642737,2.6944127,4.8775473,52.154297
2025-05-08 16:00:00,-2.7564409,-2.0765116,3.7533565,0.34993884,6.682148,2.5426779,4.8706465,53.00818
2025-05-08 17:00:00,-2.5374107,-1.8536109,3.4503727,0.35112402,6.9099555,2.06467,4.709599,53.85138
2025-05-08 18:00:00,-2.0980613,-1.556611,2.9305835,0.58994853,6.984437,1.4237624,4.3358417,53.427246
2025-05-08 19:00:00,-1.8915575,-1.3976585,2.6895921,0.38929442,6.7615514,1.536438,4.200289,53.53955
2025-05-08 20:00:00,-1.8465192,-1.3356001,2.6337385,0.24379201,6.550308,1.452564,4.254486,54.12152
2025-05-08 21:00:00,-1.7733121,-1.2457225,2.5406642,0.13417086,6.495134,1.3045237,4.072171,54.912598
2025-05-08 22:00:00,-1.749503,-0.9842521,2.4487104,0.17168552,6.26461,1.1865137,4.0950985,60.638336
2025-05-08 23:00:00,-1.6107731,-0.91891193,2.3316338,0.21930122,6.1666803,1.155326,3.8619215,60.296143
2025-05-09 00:00:00,-1.5058433,-0.923219,2.2724533,0.22664472,5.914562,1.1367409,3.666559,58.487915
2025-05-09 01:00:00,-1.3885993,-0.913568,2.2400997,0.14177348,5.468756,1.1068681,3.5166044,56.658813
2025-05-09 02:00:00,-1.3001194,-0.87529814,2.2445056,0.054514788,4.96462,1.1131563,3.5434504,56.049805
2025-05-09 03:00:00,-1.1785336,-0.88656163,2.2675145,0.09018036,5.721652,1.0847406,3.5786042,53.047363
2025-05-09 04:00:00,-1.078763,-0.87745625,2.2810733,0.11010814,5.699708,1.0868053,3.734377,50.875397
2025-05-09 05:00:00,-1.0558294,-0.9063721,2.3924842,0.12907954,6.0794454,1.0258851,3.9384205,49.355713
2025-05-09 06:00:00,-1.0500163,-0.8809629,2.328849,0.044986125,6.7258615,0.7788483,4.092352,50.003357
2025-05-09 07:00:00,-1.2333065,-0.90046734,2.6090484,0.064129524,6.9768233,0.74269253,4.4575577,53.865906
2025-05-09 08:00:00,-1.432091,-0.9787709,2.9254124,0.14048018,6.8430767,0.84351134,4.8440914,55.64911
2025-05-09 09:00:00,-1.605505,-0.9766207,3.2001061,0.050633326,7.3116145,0.99044967,5.224055,58.68805
2025-05-09 10:00:00,-1.4184616,-0.85295475,3.099446,0.03404463,7.6169705,0.93446285,4.9346943,58.9805
2025-05-09 11:00:00,-1.4214779,-1.0561792,3.31546,0.12563327,8.540684,1.049557,5.095627,53.387085
2025-05-09 12:00:00,-1.3528843,-1.140575,3.465624,0.09271241,9.600498,1.2312001,5.26442,49.86679
2025-05-09 13:00:00,-1.2718028,-1.2338825,3.557833,0.14452322,9.918353,1.345428,5.342553,45.867004
2025-05-09 14:00:00,-1.1476923,-1.332868,3.5933945,0.110952705,9.8449745,1.407772,5.4113097,40.730743
2025-05-09 15:00:00,-1.0605876,-1.4200889,3.620193,0.21990606,9.4223795,1.4505254,5.384935,36.75406
2025-05-09 16:00:00,-0.9554736,-1.4385751,3.5863998,0.054054156,8.854685,1.4392846,5.4624543,33.59134
2025-05-09 17:00:00,-0.7173845,-1.3445158,3.2446566,0.20091389,8.36596,1.2751062,5.1196723,28.082764
2025-05-09 18:00:00,-0.4669239,-1.1888193,2.8260393,0.26270142,7.630284,1.2449522,4.97717,21.443054
2025-05-09 19:00:00,-0.44750276,-1.1214695,2.7735338,0.25282353,7.533248,1.5256778,4.8148513,21.753601
2025-05-09 20:00:00,-0.50039756,-0.981986,2.7516732,0.3166224,7.5560784,1.5524485,4.602218,27.00232
2025-05-09 21:00:00,-0.4616122,-0.83299047,2.697773,0.17500043,7.483237,1.570979,4.30673,28.993591
2025-05-09 22:00:00,-0.25047922,-0.6874559,2.5847974,0.14910382,7.2699037,1.4792593,4.026462,20.019531
2025-05-09 23:00:00,-0.15033124,-0.6389292,2.5324273,0.2982214,7.050118,1.4621507,3.7584774,13.240082
2025-05-10 00:00:00,-0.05929318,-0.6502991,2.4810827,0.16741684,6.8403034,1.3794651,3.854446,5.209717
2025-05-10 01:00:00,-0.016699301,-0.6756876,2.4466708,0.15225698,6.5897584,1.3435625,3.9008226,1.415741
2025-05-10 02:00:00,-0.030224774,-0.73776656,2.3908405,0.20174958,6.408284,1.2202991,3.8896754,2.3459778
2025-05-10 03:00:00,-0.036927093,-0.76584566,2.3121808,0.041935652,6.1995616,1.1261855,3.763955,2.760498
2025-05-10 04:00:00,-0.058879543,-0.78745,2.2472062,0.1455246,6.3644123,1.0644339,3.6285238,4.276184
2025-05-10 05:00:00,-0.16587004,-0.7906853,2.286473,0.14012724,6.1778116,0.97011566,3.749286,11.847717
2025-05-10 06:00:00,-0.30838218,-0.869007,2.1644099,0.056938745,6.374305,0.78751683,3.7850626,19.538116
2025-05-10 07:00:00,-0.4769947,-0.8119486,2.142834,0.078953885,6.713294,0.76661336,3.5406601,30.432922
2025-05-10 08:00:00,-0.5703851,-0.88090515,2.259571,0.051811058,6.9720054,0.8182343,3.607311,32.923004
2025-05-10 09:00:00,-0.7347148,-0.9815818,2.4368246,0.17126781,7.016634,1.0034723,3.8385956,36.81488
2025-05-10 10:00:00,-0.99056387,-1.0683153,2.433023,0.16763653,6.532871,1.118849,3.7377057,42.83731
2025-05-10 11:00:00,-1.0042081,-1.1116489,2.535332,0.23926328,6.452339,1.2925904,3.9383197,42.09308
2025-05-10 12:00:00,-1.0523343,-1.2507633,2.6423259,0.280948,6.4332747,1.3836745,4.115007,40.075684
2025-05-10 13:00:00,-1.1615369,-1.3956299,2.7663047,0.07168143,6.7132354,1.4917631,4.2698584,39.76947
2025-05-10 14:00:00,-1.3501384,-1.546567,2.8827472,0.18991695,7.0363345,1.588897,4.3640904,41.120667
2025-05-10 15:00:00,-1.6086158,-1.6680145,3.0184472,0.16511513,7.4157004,1.7334388,4.470354,43.961456
2025-05-10 16:00:00,-1.9196942,-1.6863638,3.1375892,0.25646362,7.6360955,1.8392205,4.5671697,48.70215
2025-05-10 17:00:00,-2.0288646,-1.5724281,3.0320008,0.16429307,7.6504636,1.6839485,4.6093936,52.223267
2025-05-10 18:00:00,-1.9029928,-1.3457918,2.7130258,0.24294534,7.771805,1.4383469,4.541208,54.732117
2025-05-10 19:00:00,-2.1550355,-1.2231383,2.8280234,0.34019276,7.640542,1.616631,4.6838317,60.421936
2025-05-10 20:00:00,-2.3589852,-0.99602693,2.884493,0.17008011,7.613723,1.6655428,4.722948,67.10922
2025-05-10 21:00:00,-2.4482327,-0.7512046,2.882109,0.2798746,7.6123257,1.6759514,4.650825,72.94214
2025-05-10 22:00:00,-2.4314597,-0.46564874,2.854777,0.269488,7.811544,1.6227605,4.8122835,79.15854
2025-05-10 23:00:00,-2.4522028,-0.25568905,2.8460245,0.3453933,7.939582,1.6026908,4.8391633,84.0473
2025-05-11 00:00:00,-2.4069102,-0.09660834,2.7663705,0.30644825,7.9832473,1.5083119,4.819063,87.70148
2025-05-11 01:00:00,-2.3369164,0.03529523,2.6878679,0.21361475,7.537225,1.423547,4.76351,90.86531
2025-05-11 02:00:00,-2.3139095,0.10489757,2.667514,0.14674476,7.546837,1.4493426,4.71515,92.59566
2025-05-11 03:00:00,-2.2841558,0.18658489,2.6267538,0.112284906,7.743666,1.487281,4.7359114,94.66994
2025-05-11 04:00:00,-2.3142045,0.22678562,2.6286933,0.09855678,7.4132314,1.4302822,4.777256,95.59697
2025-05-11 05:00:00,-2.486406,0.28551835,2.7824893,0.12076192,7.0265927,1.4355816,5.011191,96.55069
2025-05-11 06:00:00,-2.5225441,0.40144554,2.7508347,0.09646669,6.8103333,1.2635957,4.9139104,99.042404
2025-05-11 07:00:00,-2.6803675,0.4275793,2.88162,0.24968155,6.8832936,1.4590669,4.8498874,99.063614
2025-05-11 08:00:00,-2.8456306,0.34938174,3.0667374,0.07056164,7.2785625,1.7959547,4.764058,96.99965
2025-05-11 09:00:00,-3.0025206,0.29381624,3.2475848,0.65018094,7.0953045,2.095218,4.796669,95.58899
2025-05-11 10:00:00,-3.0722454,0.083631776,3.3328981,0.55781627,7.13456,2.2635293,4.9410586,91.55931
2025-05-11 11:00:00,-3.1935074,-0.030854922,3.4665713,0.6100798,7.3503036,2.3740962,5.026724,89.44644
2025-05-11 12:00:00,-3.2384672,-0.16942865,3.5367901,0.48610523,7.660043,2.3594036,5.071873,87.00513
2025-05-11 13:00:00,-3.2353098,-0.36813065,3.5908074,0.6499471,8.006115,2.4329405,5.1446686,83.508484
2025-05-11 14:00:00,-3.2567444,-0.5859734,3.6536515,1.0944633,8.353072,2.5703018,5.1365523,79.80011
2025-05-11 15:00:00,-3.3442152,-0.7907517,3.7573948,1.3650762,8.436053,2.7058616,5.23569,76.69653
2025-05-11 16:00:00,-3.4775972,-0.95864046,3.8905396,1.301636,8.58079,2.7451594,5.865953,74.5885
2025-05-11 17:00:00,-3.407119,-1.0771917,3.7960436,0.7471115,8.967564,2.5031395,6.527587,72.45517
2025-05-11 18:00:00,-3.291569,-1.0621083,3.625402,0.5503989,9.651615,1.9484897,6.8101816,72.116394
2025-05-11 19:00:00,-3.4797363,-0.9536277,3.7482674,0.6036561,10.159945,2.1554122,7.0099564,74.674255
2025-05-11 20:00:00,-3.680558,-0.6613716,3.8879218,0.58309984,10.3475065,2.0965712,6.882885,79.81305
2025-05-11 21:00:00,-3.7053668,-0.32389584,3.9149542,0.5499702,10.132392,2.0730393,6.732617,85.00433
2025-05-11 22:00:00,-3.5733,-0.09731849,3.8785179,0.09420478,10.165388,1.9990213,6.3437643,88.43994
2025-05-11 23:00:00,-3.3707416,0.09387124,3.7401009,0.2681128,10.114509,1.841855,6.3230433,91.59523
2025-05-12 00:00:00,-3.1701727,0.22043218,3.6110601,0.45889574,10.458776,1.7651583,6.3853097,93.97757
2025-05-12 01:00:00,-3.0368705,0.22057776,3.5080528,0.44109598,10.646746,1.7237517,6.3941236,94.1543
2025-05-12 02:00:00,-2.94003,0.17278805,3.3755605,0.4109292,10.717843,1.524772,6.3887444,93.363464
2025-05-12 03:00:00,-2.870961,0.13290323,3.268476,0.058150746,10.493097,1.432435,6.347802,92.65047
2025-05-12 04:00:00,-2.862221,0.091626145,3.2426066,0.30737698,10.221625,1.3653859,6.40032,91.83356
2025-05-12 05:00:00,-3.013369,0.057983812,3.386105,0.056778617,10.252305,1.1564169,6.5013914,91.10237
2025-05-12 06:00:00,-3.0530982,0.17005755,3.3913374,0.09316754,10.278263,1.0524688,6.3336616,93.188095
2025-05-12 07:00:00,-3.204479,0.24099937,3.5550158,0.08804765,10.320349,1.2676495,6.193059,94.300964
2025-05-12 08:00:00,-3.2765543,0.21387132,3.6575923,0.044217147,10.267436,1.6744422,5.933915,93.73459
2025-05-12 09:00:00,-3.3255045,0.08828034,3.6927774,0.13948211,10.067233,1.8189328,5.715548,91.520645
2025-05-12 10:00:00,-3.2060468,-0.34976238,3.5579104,0.2119166,9.762641,1.8191355,5.98956,83.77396
2025-05-12 11:00:00,-3.2619555,-0.5104968,3.6197398,0.3444657,9.434587,1.8764763,6.264646,81.10535
2025-05-12 12:00:00,-3.2449765,-0.72364765,3.638926,0.24249162,9.380618,1.9183863,6.35731,77.428406
2025-05-12 13:00:00,-3.3009396,-0.8917752,3.7664132,0.17546305,9.42411,2.1952734,6.363437,74.88196
2025-05-12 14:00:00,-3.366628,-1.0284486,3.8832026,0.4547127,9.2929325,2.3125877,6.361221,73.01294
2025-05-12 15:00:00,-3.4066117,-1.0557994,3.9533849,0.4517273,9.12494,2.3814547,6.327694,72.780396
2025-05-12 16:00:00,-3.4490187,-1.0645529,4.0061126,0.2608927,8.9148445,2.2896893,6.057459,72.846924
2025-05-12 17:00:00,-3.2574706,-1.0144591,3.822103,0.11069729,8.769291,2.2146041,5.631057,72.70209
2025-05-12 18:00:00,-2.8626246,-0.9640903,3.423307,0.20481876,8.975644,1.7406771,5.128478,71.38721
2025-05-12 19:00:00,-2.7661562,-0.9391587,3.333297,0.026231717,9.2831335,1.8578985,4.822895,71.246735
2025-05-12 20:00:00,-2.8403354,-0.8118744,3.3541012,0.24543129,9.537048,1.6942103,4.578922,74.048065
2025-05-12 21:00:00,-2.8031323,-0.60860837,3.2602043,0.062436655,9.434828,1.5608504,4.513715,77.75021
2025-05-12 22:00:00,-2.71522,-0.37524456,3.1784022,0.10731239,9.43718,1.3106672,4.5168023,82.13153
2025-05-12 23:00:00,-2.461463,-0.2997144,2.9184241,0.0878366,9.081373,1.3205218,4.2693305,83.05768
2025-05-13 00:00:00,-2.2444305,-0.23472677,2.6951544,0.14267044,8.7829485,1.1679105,4.0044603,84.0296
2025-05-13 01:00:00,-2.0615883,-0.21674739,2.5384326,0.10907844,8.526146,1.0861001,3.8480282,83.99817
2025-05-13 02:00:00,-1.9109563,-0.23734593,2.4130273,0.054105815,8.322806,1.013831,3.8346353,82.91995
2025-05-13 03:00:00,-1.7385279,-0.24698247,2.277268,0.14380686,8.184324,0.89980125,3.7240424,81.91443
2025-05-13 04:00:00,-1.6370974,-0.26291677,2.1865747,0.051141508,7.588963,0.81755596,3.581799,80.87622
2025-05-13 05:00:00,-1.6952176,-0.332515,2.2662075,0.025324464,6.8744283,0.6775714,3.7521732,78.902405
2025-05-13 06:00:00,-1.5573041,-0.30227414,2.1215615,0.031712614,6.372487,0.64128226,3.8515038,79.01541
2025-05-13 07:00:00,-1.654515,-0.27051812,2.2601464,0.10309441,6.5174956,0.80519855,3.73647,80.71411
2025-05-13 08:00:00,-1.6912471,-0.34384775,2.4284222,0.086444825,6.9802623,0.94593555,3.8088505,78.50781
2025-05-13 09:00:00,-1.7494544,-0.4316101,2.64545,0.07371456,7.576943,1.1291901,4.1396017,76.141235
2025-05-13 10:00:00,-1.678449,-0.834723,2.5939918,0.20193519,7.3788624,1.29571,3.8705554,63.557983
2025-05-13 11:00:00,-1.5872118,-0.8981484,2.6323907,0.12802674,7.867352,1.3755264,3.924861,60.49597
2025-05-13 12:00:00,-1.4577546,-0.9723898,2.669466,0.055652633,8.647136,1.5141267,4.0017734,56.29486
2025-05-13 13:00:00,-1.308729,-1.1152731,2.7259152,0.38700578,9.296776,1.5758497,4.057205,49.56299
2025-05-13 14:00:00,-1.2278162,-1.2738413,2.821052,0.3060275,9.683792,1.6053457,4.202278,43.945984
2025-05-13 15:00:00,-1.1189967,-1.3870454,2.8858,0.49709287,9.991147,1.5077943,4.5433407,38.894775
2025-05-13 16:00:00,-1.0344379,-1.5045208,2.9668784,0.33028066,9.988482,1.4740092,5.2232146,34.51059
2025-05-13 17:00:00,-0.82341003,-1.551246,2.889198,0.52668035,9.784335,1.3672419,5.5816503,27.959595
2025-05-13 18:00:00,-0.46700555,-1.4510196,2.5452473,0.0999304,9.587956,1.1749713,5.3767676,17.840576
2025-05-13 19:00:00,-0.48099166,-1.4743533,2.6734285,0.10131335,9.303285,1.3576587,5.207287,18.06836
2025-05-13 20:00:00,-0.43400738,-1.3306444,2.6785073,0.10177874,8.987761,1.225033,5.1202116,18.064423
2025-05-13 21:00:00,-0.3424794,-1.136378,2.6550388,0.046570927,8.572539,1.2008904,5.218833,16.771667
2025-05-13 22:00:00,0.16759305,-1.1217482,2.5463238,0.053725313,8.450394,0.98983514,5.676305,351.50266
2025-05-13 23:00:00,0.2688116,-0.9915903,2.448302,0.02100437,8.015563,0.8980322,5.469349,344.83215
2025-05-14 00:00:00,0.4037282,-0.85817987,2.3611646,0.048067667,7.9654427,0.9087762,5.1539626,334.80548
2025-05-14 01:00:00,0.56646067,-0.76377046,2.3194435,0.07842846,8.038553,0.9082017,5.080068,323.437
2025-05-14 02:00:00,0.7256338,-0.6866397,2.33192,0.05758528,8.262702,0.8141649,5.231857,313.41843
2025-05-14 03:00:00,0.9388172,-0.6733386,2.3577278,0.040778738,8.871143,0.7795198,5.514656,305.64886
2025-05-14 04:00:00,1.1024158,-0.66244835,2.4091728,0.07767035,9.180053,0.7666049,5.9340477,301.00192
2025-05-14 05:00:00,1.3234203,-0.70736367,2.5257,0.054609586,9.412396,0.6878415,6.1092644,298.12436
2025-05-14 06:00:00,1.5153561,-0.80018985,2.4988685,0.017855939,9.790407,0.5405234,6.4172487,297.8365
2025-05-14 07:00:00,1.7128469,-0.95793605,2.5499527,0.07286259,9.905017,0.41809905,6.669718,299.21677
2025-05-14 08:00:00,2.0515962,-1.1598568,2.8211122,0.028267993,9.629416,0.53295594,6.5325155,299.48138
2025-05-14 09:00:00,2.3742251,-1.5128962,3.165496,0.08614342,10.05002,0.7047955,6.397189,302.50598
2025-05-14 10:00:00,1.9820141,-1.9947081,3.2433205,0.20158769,10.485591,1.1151252,5.5396047,315.1829
2025-05-14 11:00:00,2.2584405,-2.0992477,3.435131,0.1877397,10.416921,1.1529838,5.4943185,312.90784
2025-05-14 12:00:00,2.4109514,-2.247121,3.63444,0.07199022,9.422951,1.3203485,5.614026,312.98566
2025-05-14 13:00:00,2.5028687,-2.4015388,3.8528652,0.27203056,9.240673,1.5549973,5.7842035,313.81638
2025-05-14 14:00:00,2.5473228,-2.6114712,4.0797,0.30678448,9.365447,1.7621098,5.9579163,315.71243
2025-05-14 15:00:00,2.537982,-2.8081715,4.266838,0.18013585,10.018169,1.9130988,6.1768436,317.89322
2025-05-14 16:00:00,2.4351954,-2.9432645,4.3549776,0.058968507,10.22327,1.9937091,6.313365,320.39636
2025-05-14 17:00:00,2.0776904,-2.7560074,4.0350804,0.028382435,10.155548,1.6932253,6.3113346,322.9882
2025-05-14 18:00:00,1.7923864,-2.4566886,3.6925585,0.12656358,10.483399,1.3936659,6.0677514,323.8857
2025-05-14 19:00:00,1.6470684,-2.3322415,3.5697837,0.08654838,10.931566,1.6990867,5.679287,324.76962
2025-05-14 20:00:00,1.5637628,-2.3484526,3.5629647,0.29033968,10.83768,1.7574247,5.499592,326.34155
2025-05-14 21:00:00,1.4377882,-2.4485786,3.6005926,0.1915376,10.581851,1.739652,5.5603976,329.57883
2025-05-14 22:00:00,1.193053,-2.700691,3.6856117,0.08474916,10.070515,1.7814088,5.6596236,336.16614
2025-05-14 23:00:00,1.0955703,-2.5694082,3.602603,0.15640873,9.889992,1.7689483,5.4270353,336.90707
2025-05-15 00:00:00,1.0711294,-2.6376393,3.6611242,0.19329616,9.639369,1.8466592,5.4982824,337.89822
2025-05-15 01:00:00,1.0556055,-2.6421707,3.6668847,0.22392514,9.730983,1.9408991,5.5111413,338.2222
2025-05-15 02:00:00,0.9896776,-2.691726,3.6717703,0.15606132,9.4317045,1.9776113,6.0837607,339.81284
2025-05-15 03:00:00,0.93311495,-2.851212,3.7820778,0.22282125,9.909114,2.0382385,6.568235,341.8783
2025-05-15 04:00:00,0.8327463,-3.0439098,3.8779964,0.099611975,10.993624,2.0553954,6.7367516,344.69952
2025-05-15 05:00:00,0.6578707,-3.3617532,4.074297,0.19610846,11.63226,1.9386752,7.123584,348.92755
2025-05-15 06:00:00,0.46282217,-3.8504586,4.4372377,0.22207646,11.385271,2.3316069,7.3530087,353.14597
2025-05-15 07:00:00,0.28588662,-4.261671,4.777623,0.6814998,11.4337635,2.8955364,7.6345396,356.16217
2025-05-15 08:00:00,0.3793496,-4.457634,4.9517503,1.2383668,11.643538,3.0017154,7.63621,355.13577
2025-05-15 09:00:00,0.48111746,-4.7650533,5.2122927,1.6715083,12.154778,3.1453981,7.6783175,354.2345
2025-05-15 10:00:00,0.41303563,-4.590032,5.021407,0.804356,12.495429,3.0648475,7.519075,354.85806
2025-05-15 11:00:00,0.397058,-5.0344367,5.4193783,1.7685641,12.350281,3.5012047,7.723758,355.4905
2025-05-15 12:00:00,0.20207874,-5.3175116,5.635718,2.4248946,12.602718,3.7008567,7.99764,357.82367
2025-05-15 13:00:00,-0.013181119,-5.455195,5.732872,2.0834506,11.519023,3.8293762,7.9688196,0.13842773
2025-05-15 14:00:00,-0.16934328,-5.4458327,5.69697,1.867631,10.4084635,3.929954,7.8384037,1.7810669
2025-05-15 15:00:00,-0.36041424,-5.446372,5.690436,1.6414582,11.093573,4.1086435,7.611098,3.7860107
2025-05-15 16:00:00,-0.46662283,-5.2680945,5.5104313,0.46755692,11.401595,3.7923467,7.309384,5.0617676
2025-05-15 17:00:00,-0.5333235,-4.798298,5.084243,0.47319815,11.417262,3.14388,6.520009,6.342285
2025-05-15 18:00:00,-0.32575825,-3.956336,4.2937956,0.2091317,11.405331,2.2338157,5.659094,4.7070312
2025-05-15 19:00:00,-0.07623167,-3.3399427,3.7596905,0.39049274,11.278248,1.8862076,5.9632115,1.3074951
2025-05-15 20:00:00,0.118814826,-2.994282,3.5011315,0.6140009,11.026466,1.7566234,6.549349,357.72766
2025-05-15 21:00:00,0.39167044,-2.7807295,3.3640692,0.49890542,10.201867,1.7250222,6.8001065,351.98254
2025-05-15 22:00:00,0.67267627,-2.7036767,3.34421,1.1135739,9.757447,1.74276,6.9600177,346.02844
2025-05-15 23:00:00,0.8839994,-2.5806892,3.274465,1.11803,9.542868,1.632706,6.965561,341.09143
2025-05-16 00:00:00,1.0512898,-2.4600203,3.2090938,0.51211476,9.708734,1.529793,6.7821865,336.86057
2025-05-16 01:00:00,1.1875858,-2.314552,3.1472685,0.34229723,9.9584675,1.5075594,6.5390315,332.83783
2025-05-16 02:00:00,1.3157773,-2.196097,3.109224,0.07513862,9.795756,1.4969751,6.4423537,329.07233
2025-05-16 03:00:00,1.4248496,-2.07165,3.0792997,0.15252914,9.325049,1.4574565,6.307689,325.4804
2025-05-16 04:00:00,1.5396802,-2.0291114,3.0971014,0.1820591,9.418735,1.3999524,6.227886,322.80893
2025-05-16 05:00:00,1.6937863,-2.0643752,3.196995,0.111512944,9.425251,1.4590853,6.141557,320.63168
2025-05-16 06:00:00,1.7533021,-2.3885415,3.3958483,0.0566749,9.661256,1.2755184,6.058529,323.71957
2025-05-16 07:00:00,1.695644,-2.785431,3.6955771,0.7210106,9.472299,1.5787905,6.4428234,328.66882
2025-05-16 08:00:00,1.6523293,-3.051812,3.9111946,1.2352146,8.93527,2.03306,6.237664,331.56775
2025-05-16 09:00:00,1.6296251,-3.3471787,4.177196,1.579589,8.876467,2.6139038,6.0722413,334.04016
2025-05-16 10:00:00,1.5132797,-3.1403763,3.9763224,1.2407238,8.886062,2.4916375,6.0723057,334.27158
2025-05-16 11:00:00,1.5914084,-3.3767362,4.2233396,1.406623,8.816817,2.7460837,6.3331113,334.76614
2025-05-16 12:00:00,1.5279521,-3.6550062,4.433399,1.3095626,8.39845,2.691277,6.6250906,337.31293
2025-05-16 13:00:00,1.4040737,-3.887075,4.5928707,0.72800297,8.648788,2.82494,6.5510464,340.13947
2025-05-16 14:00:00,1.1911869,-4.033748,4.6492586,0.35597214,8.911797,2.8101072,6.4428754,343.54785
2025-05-16 15:00:00,0.9168252,-4.0344343,4.569878,0.5356089,9.278226,2.608704,6.352967,347.19696
2025-05-16 16:00:00,0.7057351,-3.8553145,4.342167,0.42663205,9.539481,2.3634145,6.126828,349.62656
2025-05-16 17:00:00,0.5984299,-3.5318687,4.0172324,0.9663535,9.632974,1.9941251,5.869783,350.3833
2025-05-16 18:00:00,0.56925017,-2.920074,3.3944032,0.53107744,9.465138,1.5163071,5.6183753,348.9689
2025-05-16 19:00:00,0.61259955,-2.566555,3.0552483,0.6578907,9.253663,1.4786533,5.646407,346.5755
2025-05-16 20:00:00,0.7008399,-2.3726234,2.908085,0.14041229,8.732775,1.3948802,5.5768776,343.54358
2025-05-16 21:00:00,0.8328973,-2.2403069,2.845674,0.090090275,9.508546,1.3661699,5.5281487,339.60596
2025-05-16 22:00:00,0.97605073,-2.3285422,2.9576735,0.082013816,10.851878,1.2861264,6.12902,337.25812
2025-05-16 23:00:00,1.0613552,-2.261921,2.9873264,0.2744339,10.94913,1.3195677,6.1536536,334.86273
2025-05-17 00:00:00,1.1614764,-2.1888754,3.0415761,0.15694186,10.765659,1.3163297,6.5315495,332.04837
2025-05-17 01:00:00,1.2954472,-2.194157,3.1186972,0.22953664,10.526877,1.2459177,6.768344,329.44208
2025-05-17 02:00:00,1.4379578,-2.1352804,3.1345797,0.04895108,10.268571,1.2537496,6.570465,326.04257
2025-05-17 03:00:00,1.5479448,-2.1310532,3.1793427,0.1627604,9.779594,1.3090459,6.540161,324.00626
2025-05-17 04:00:00,1.6532152,-2.1380231,3.2371013,0.03550524,9.675816,1.3584542,6.3855047,322.2872
2025-05-17 05:00:00,1.7165915,-2.197542,3.3171742,0.2432023,9.472814,1.2446611,6.530936,322.00513
2025-05-17 06:00:00,1.7095956,-2.3905306,3.4957976,0.2582868,9.057947,1.2318593,6.795571,324.4294
2025-05-17 07:00:00,1.7833743,-2.6358953,3.7458277,0.100409016,8.882974,1.5948207,6.7652187,325.9188
2025-05-17 08:00:00,1.9220734,-2.8604662,3.9997535,0.11090118,8.711872,1.797038,6.596362,326.1011
2025-05-17 09:00:00,2.035029,-3.1912434,4.2985187,0.07116154,8.576646,2.1394975,6.6088233,327.47467
2025-05-17 10:00:00,1.9333146,-3.0837402,4.2235613,0.11101859,9.521068,1.8208991,6.645665,327.91483
2025-05-17 11:00:00,2.1268232,-3.4097357,4.51631,0.10585029,8.74812,2.2509594,6.9365106,328.04614
2025-05-17 12:00:00,2.2411392,-3.6126618,4.7255173,0.5355296,9.209651,2.5026186,7.000123,328.18634
2025-05-17 13:00:00,2.277394,-3.7296963,4.870491,1.1893812,10.563089,2.636982,7.0402784,328.5913
2025-05-17 14:00:00,2.2082236,-3.7559645,4.8940935,0.9482944,9.835316,2.737019,6.9257526,329.54767
2025-05-17 15:00:00,2.1447816,-3.7317588,4.867665,0.6771583,9.975074,2.790755,6.7991033,330.1124
2025-05-17 16:00:00,1.9891931,-3.556907,4.622324,0.62437445,10.147064,2.6902623,6.4536014,330.784
2025-05-17 17:00:00,1.7481611,-3.334806,4.267047,0.2724141,9.826256,2.3994079,5.996445,332.33572
2025-05-17 18:00:00,1.469028,-2.7933462,3.6402164,0.45148945,9.561925,1.6421276,5.5540123,332.26
2025-05-17 19:00:00,1.3211641,-2.3589776,3.2488213,0.31656495,9.072465,1.6307908,5.0462313,330.74866
2025-05-17 20:00:00,1.3084507,-2.0143213,3.0013645,0.37146518,8.800532,1.5934337,4.385203,326.9933
2025-05-17 21:00:00,1.3444881,-1.8205967,2.89643,0.38642752,9.075746,1.5711304,4.1413884,323.5546
2025-05-17 22:00:00,1.4183197,-1.8100256,2.8670328,0.34243187,9.255032,1.4865315,4.2545767,321.91806
2025-05-17 23:00:00,1.4845544,-1.7695651,2.8502808,0.28572837,9.934575,1.3838452,4.1702037,320.00546
2025-05-18 00:00:00,1.5787404,-1.6643507,2.857093,0.31806812,9.743808,1.4168079,4.554106,316.51212
2025-05-18 01:00:00,1.6248912,-1.6613646,2.9340105,0.21247838,9.916946,1.4702337,4.92897,315.6359
2025-05-18 02:00:00,1.6863247,-1.6660693,3.0364115,0.12779298,9.9770565,1.528554,5.142532,314.6538
2025-05-18 03:00:00,1.6819557,-1.7174072,3.109617,0.22321358,9.930021,1.6548225,5.368931,315.5975
2025-05-18 04:00:00,1.7046542,-1.7574607,3.1779861,0.3375438,9.775373,1.5640396,5.5595355,315.87384
2025-05-18 05:00:00,1.7585907,-1.8781697,3.3239815,0.24281874,9.78954,1.5123222,5.3626976,316.88324
2025-05-18 06:00:00,1.7757057,-2.1307657,3.4922142,0.23563495,9.770491,1.3851202,5.2926655,320.19336
2025-05-18 07:00:00,1.8477466,-2.295256,3.6494389,0.20174924,10.236141,1.6575123,5.3439126,321.16495
2025-05-18 08:00:00,1.960001,-2.4045415,3.8274941,0.40966654,10.349771,1.9369504,5.440439,320.81567
2025-05-18 09:00:00,2.1369097,-2.5736105,4.0875053,0.9235134,10.211758,2.230104,5.823505,320.2966
2025-05-18 10:00:00,2.207128,-2.443196,3.858819,0.1273145,10.615265,2.076096,5.471621,317.90607
2025-05-18 11:00:00,2.4627104,-2.617656,4.138701,0.16402751,11.061947,2.2728262,5.88033,316.74692
2025-05-18 12:00:00,2.606812,-2.8503892,4.4329033,0.38721758,11.604992,2.5689397,6.2769775,317.55566
2025-05-18 13:00:00,2.5910084,-3.095676,4.6395073,0.56721485,11.866085,2.793175,6.446899,320.07144
2025-05-18 14:00:00,2.4482262,-3.2561605,4.689759,0.83238536,11.275221,2.8316345,6.4827724,323.0614
2025-05-18 15:00:00,2.2676404,-3.4572709,4.6789055,1.0550606,10.117495,2.8297362,6.393688,326.73895
2025-05-18 16:00:00,1.9894937,-3.496539,4.4702897,1.0970592,8.9699545,2.747063,6.2179527,330.36057
2025-05-18 17:00:00,1.5964034,-3.3813624,4.101832,0.40852252,8.956315,2.3112428,6.00108,334.72714
2025-05-18 18:00:00,1.218724,-3.0473888,3.6122506,0.3717323,9.379195,1.6350154,5.715432,338.20233
2025-05-18 19:00:00,1.0505726,-2.6807702,3.2503562,0.20773055,9.926431,1.5343208,5.4678454,338.60016
2025-05-18 20:00:00,0.9201334,-2.4525018,3.0815856,0.25176153,10.286487,1.6001645,5.2569036,339.4348
2025-05-18 21:00:00,0.81291157,-2.295755,2.9904943,0.21843861,10.284222,1.5999472,5.197267,340.50128
2025-05-18 22:00:00,0.44976106,-2.2224388,2.8334832,0.15814224,11.183973,1.3641489,4.746305,348.5594
2025-05-18 23:00:00,0.5050119,-2.032003,2.7198548,0.08327249,10.580244,1.3033457,4.4939966,346.0431
2025-05-19 00:00:00,0.5869322,-1.8865699,2.668422,0.094723314,10.025561,1.2911415,4.3463597,342.7185
2025-05-19 01:00:00,0.70357454,-1.8009005,2.6512148,0.1791949,9.715294,1.3210768,4.302414,338.66043
2025-05-19 02:00:00,0.7949256,-1.7412035,2.673074,0.14008114,9.873132,1.3056481,4.2986383,335.4615
2025-05-19 03:00:00,0.85224336,-1.781344,2.7642827,0.1051287,9.553144,1.3047584,4.4555764,334.43228
2025-05-19 04:00:00,0.8806243,-1.7893784,2.7884126,0.2483584,9.59832,1.3230445,4.7049494,333.79636
2025-05-19 05:00:00,0.9431103,-1.851146,2.8934014,0.2536822,9.789807,1.2430376,4.904896,333.00235
2025-05-19 06:00:00,0.87189007,-1.9902089,2.830371,0.16099814,9.667709,0.96107507,5.122874,336.34225
2025-05-19 07:00:00,0.7837046,-2.3197908,3.0918527,0.10810447,9.388953,1.0644753,5.4679418,341.33325
2025-05-19 08:00:00,0.7387588,-2.629646,3.3924325,0.23393968,8.963561,1.3107339,5.730241,344.3081
2025-05-19 09:00:00,0.68685377,-2.765998,3.5248513,0.52903485,8.713983,1.5212762,5.5364084,346.05435
2025-05-19 10:00:00,0.47219065,-2.5245209,3.2341537,0.5310417,7.6376996,1.4023167,5.007505,349.4057
2025-05-19 11:00:00,0.44797373,-2.5218263,3.2702017,0.50836384,7.330843,1.5416732,5.0537443,349.92712
2025-05-19 12:00:00,0.37438717,-2.4703484,3.240036,0.7967385,6.8456144,1.6220429,4.9004827,351.38226
2025-05-19 13:00:00,0.28162527,-2.4534218,3.2250307,0.72870773,6.219945,1.8562844,4.9341493,353.45175
2025-05-19 14:00:00,0.15952446,-2.424394,3.1744854,0.30926365,6.2881684,1.959062,4.745012,356.23538
2025-05-19 15:00:00,-0.020300787,-2.3993688,3.1018205,0.3248579,6.2155933,1.9421798,4.5946913,0.4847412
2025-05-19 16:00:00,-0.25104213,-2.3406441,3.0033863,0.38833597,5.77419,1.9585989,4.34017,6.121765
2025-05-19 17:00:00,-0.39320168,-2.1847863,2.8214881,0.24861088,6.045467,1.6598791,4.160675,10.202454
2025-05-19 18:00:00,-0.34134322,-1.8211703,2.4271472,0.13321796,6.0073843,1.3415675,3.744204,10.615814
2025-05-19 19:00:00,-0.40254295,-1.6099647,2.3174398,0.30061334,6.1938014,1.2928823,3.744898,14.037964
2025-05-19 20:00:00,-0.46250832,-1.4345121,2.312962,0.09166168,6.36849,1.1483524,3.7003193,17.870117
2025-05-19 21:00:00,-0.41719508,-1.2412844,2.2620876,0.07115213,6.5337863,1.0458643,3.6948087,18.577454
2025-05-19 22:00:00,-0.29865038,-0.90020174,2.0971336,0.13627538,6.5753117,0.9256328,3.4839303,18.35373
2025-05-19 23:00:00,-0.24377152,-0.80555767,2.1147556,0.1709225,6.901697,1.0477159,3.5360217,16.836456
2025-05-20 00:00:00,-0.11680438,-0.64744896,2.0618582,0.1364712,7.1009455,0.99916357,3.4338791,10.2265625
2025-05-20 01:00:00,0.05889604,-0.55840653,1.9937643,0.10729657,7.2706676,0.90286154,3.402898,353.9792
2025-05-20 02:00:00,0.18509282,-0.4922807,2.010237,0.09981629,7.430596,0.91023046,3.336626,339.39423
2025-05-20 03:00:00,0.29689768,-0.4426451,1.9982854,0.10161346,7.3243613,0.95895875,3.357811,326.14886
2025-05-20 04:00:00,0.36935756,-0.39881486,1.9508718,0.15821496,6.999161,0.83489037,3.6127224,317.19604
2025-05-20 05:00:00,0.43663684,-0.3832517,2.066178,0.13500969,7.1223316,0.78344715,3.865938,311.27457
2025-05-20 06:00:00,0.45339882,-0.3601491,1.846645,0.04324957,7.3830824,0.61000574,3.7988079,308.46124
2025-05-20 07:00:00,0.45458573,-0.37577903,1.9456558,0.04172972,7.3707724,0.5010958,3.9077013,309.57852
2025-05-20 08:00:00,0.5953101,-0.42126012,2.0380378,0.047376264,7.79863,0.4292928,4.069722,305.28442
2025-05-20 09:00:00,0.6913168,-0.5374129,2.1588805,0.027200362,8.440673,0.53061104,4.520866,307.86063
2025-05-20 10:00:00,0.70095044,-0.7467462,2.4110084,0.18101472,8.702486,0.7416207,5.0062065,316.81186
2025-05-20 11:00:00,0.9863694,-0.7791212,2.557308,0.07812257,9.239856,0.81461406,5.4412055,308.30478
2025-05-20 12:00:00,1.187192,-0.8685876,2.6253603,0.032931544,9.569735,0.7133011,5.7374744,306.1904
2025-05-20 13:00:00,1.3646653,-1.0463207,2.7493837,0.014028131,9.9011135,0.794873,5.899854,307.4782
2025-05-20 14:00:00,1.5197465,-1.2214491,2.9203393,0.12469846,10.041758,1.0690247,6.1980586,308.7895
2025-05-20 15:00:00,1.635821,-1.4022485,3.098368,0.15017799,10.14241,1.157981,6.4737577,310.60364
2025-05-20 16:00:00,1.7011995,-1.5026649,3.1682897,0.023044696,10.109846,1.1051282,6.597387,311.45407
2025-05-20 17:00:00,1.6225078,-1.4422339,3.0323424,0.05960836,9.868641,1.0172281,6.5468717,311.63364
2025-05-20 18:00:00,1.5991459,-1.1829772,2.7940357,0.028006347,9.812772,0.94373655,6.577754,306.4924
2025-05-20 19:00:00,1.6634756,-1.0258945,2.8903344,0.043756302,9.626739,1.1673615,6.532509,301.66287
2025-05-20 20:00:00,1.7144626,-0.7992525,2.8893988,0.14815132,9.362863,1.1670614,6.527856,294.9941
2025-05-20 21:00:00,1.7812839,-0.6064288,2.8679783,0.11467824,9.814927,1.1676092,6.655255,288.80087
2025-05-20 22:00:00,1.9807369,-0.67141974,2.804013,0.12708853,10.288921,1.0961434,6.897661,288.72537
2025-05-20 23:00:00,2.0179691,-0.5082694,2.8162086,0.10031797,10.536477,1.081298,6.9158344,284.13715
2025-05-21 00:00:00,2.1498804,-0.33818096,2.8530538,0.038218066,10.612653,1.1177783,7.1220026,278.9395
2025-05-21 01:00:00,2.2831829,-0.22030722,2.883244,0.13266185,10.99972,1.0047848,7.3211217,275.51147
2025-05-21 02:00:00,2.3795776,-0.09642565,2.9393551,0.1100256,11.207233,1.044425,7.518554,272.32047
2025-05-21 03:00:00,2.4779353,-0.051979683,3.0201938,0.083154514,11.046734,1.0037493,7.757035,271.20172
2025-05-21 04:00:00,2.6020927,0.06500574,3.095439,0.17841123,11.284729,0.9444469,8.011851,268.56894
2025-05-21 05:00:00,2.906594,0.1376549,3.4043782,0.031005995,11.103588,1.0151534,8.397513,267.2885
2025-05-21 06:00:00,3.089273,0.07408884,3.4706845,0.124411196,11.199751,0.75029933,8.641231,268.62616
2025-05-21 07:00:00,3.2971444,-0.02066205,3.6505816,0.14168708,11.125104,0.8408055,8.663732,270.35904
2025-05-21 08:00:00,3.5219314,-0.019111427,3.8448238,0.06278635,11.170279,1.0401582,8.707751,270.3109
2025-05-21 09:00:00,3.8211584,-0.049399298,4.091526,0.17774771,11.2996645,1.3159828,8.661869,270.74066
2025-05-21 10:00:00,3.7714663,-0.2492717,4.1336837,0.11576271,11.119618,1.4124457,8.41964,273.7814
2025-05-21 11:00:00,4.1366515,-0.2550956,4.4796433,0.23556796,11.256692,1.5795859,8.6883135,273.5288
2025-05-21 12:00:00,4.3950305,-0.40102777,4.7291093,0.030594729,11.854416,1.7658403,8.852934,275.21356
2025-05-21 13:00:00,4.522292,-0.6461066,4.851537,0.08373359,12.158143,1.8379432,8.970291,278.13092
2025-05-21 14:00:00,4.5347757,-0.9126686,4.89468,0.24921659,12.049646,1.8252978,8.827745,281.37933
2025-05-21 15:00:00,4.4196954,-1.1718326,4.871913,0.258527,12.044775,1.827456,8.719341,284.84967
2025-05-21 16:00:00,4.2326474,-1.3387336,4.8061275,0.13265365,12.241334,1.740939,8.922595,287.5515
2025-05-21 17:00:00,3.841455,-1.4760985,4.5458145,0.070084006,12.474855,1.3688295,9.109472,291.01953
2025-05-21 18:00:00,3.3379195,-1.4147243,4.1367335,0.11028401,12.49433,1.1268655,9.126166,292.9689
2025-05-21 19:00:00,3.0775456,-1.3155789,3.9160044,0.12395191,12.35163,1.257062,8.993343,293.14557
2025-05-21 20:00:00,2.959783,-1.207953,3.7867227,0.17743862,12.535439,1.309855,8.54542,292.20145
2025-05-21 21:00:00,2.998691,-1.1232415,3.7618318,0.06431409,12.815387,1.2885486,8.410559,290.53482
2025-05-21 22:00:00,3.1074898,-1.2148545,3.8304534,0.20569344,14.075228,1.2762163,8.654168,291.35272
2025-05-21 23:00:00,3.1858995,-1.2270429,3.8890822,0.1581124,14.133228,1.2216325,9.326018,291.0641
2025-05-22 00:00:00,3.2743633,-1.2576896,3.9421787,0.22645642,15.355121,1.208336,9.397797,291.01187
2025-05-22 01:00:00,3.3724678,-1.2753333,4.022909,0.052291986,16.633366,1.2463449,9.68014,290.71463
2025-05-22 02:00:00,3.4617343,-1.3157501,4.114138,0.112670906,17.115965,1.1975484,10.132284,290.811
2025-05-22 03:00:00,3.507262,-1.3386045,4.195255,0.07311003,16.591026,1.2399191,10.281845,290.89017
2025-05-22 04:00:00,3.5396068,-1.3448498,4.309213,0.057467543,15.955048,1.0512363,10.338458,290.80396
2025-05-22 05:00:00,3.6785662,-1.5037924,4.622832,0.008383521,15.758489,1.0982018,10.922567,292.23468
2025-05-22 06:00:00,3.8229172,-1.7657248,4.9414353,0.0502507,15.135819,1.1512778,11.749203,294.79123
2025-05-22 07:00:00,3.9173787,-1.956058,5.1335554,0.019362008,14.766671,1.4438007,11.925154,296.53424
2025-05-22 08:00:00,4.0032206,-2.00301,5.2271814,0.1615976,14.055556,1.6996206,11.509126,296.5811
2025-05-22 09:00:00,4.144935,-2.0290878,5.3254604,0.20392656,13.923564,1.8592396,10.957922,296.08334
2025-05-22 10:00:00,3.7789266,-1.9235456,4.9332047,0.104694314,13.480467,1.5612328,9.847698,296.97696
2025-05-22 11:00:00,4.1611323,-1.9862725,5.1990285,0.12740669,12.604704,1.849291,9.969256,295.51697
2025-05-22 12:00:00,4.4458404,-2.2129817,5.470364,0.10114262,12.416665,2.1657193,9.900296,296.4625
2025-05-22 13:00:00,4.595382,-2.4428704,5.6505394,0.41668978,12.478267,2.329374,9.4506235,297.99478
2025-05-22 14:00:00,4.5839,-2.7688441,5.7590113,1.0945902,11.688869,2.4720614,9.3709135,301.1335
2025-05-22 15:00:00,4.5095263,-2.995484,5.766749,0.86903125,11.416705,2.74624,9.4268265,303.59436
2025-05-22 16:00:00,4.320401,-3.0732734,5.613466,0.7215075,11.6408415,2.710021,9.234648,305.42575
2025-05-22 17:00:00,4.1111875,-3.0095627,5.363501,0.50331235,11.591666,2.5370681,8.930967,306.2057
2025-05-22 18:00:00,3.717872,-2.6769798,4.8214736,0.32094073,11.533381,2.2516832,8.538138,305.755
2025-05-22 19:00:00,3.2730985,-2.158745,4.1515937,0.41460282,11.418538,2.0084066,8.091693,303.40652
2025-05-22 20:00:00,3.049245,-1.7006861,3.7388628,0.23283401,11.17554,1.781509,7.3118978,299.15015
2025-05-22 21:00:00,2.943644,-1.339207,3.5083148,0.39558297,11.008021,1.7177252,6.9026814,294.4631
2025-05-22 22:00:00,2.7458813,-0.8733211,3.2072594,0.23963363,10.589586,1.2574303,6.7512093,287.64313
2025-05-22 23:00:00,2.8159964,-0.5687821,3.1949496,0.07037599,10.691814,1.253623,6.6844525,281.4191
2025-05-23 00:00:00,2.8497908,-0.35732538,3.2165534,0.053558566,11.33428,1.2250323,6.6647635,277.14682
2025-05-23 01:00:00,2.851802,-0.29710677,3.2578602,0.3140212,12.391476,1.3029318,6.3790946,275.94772
2025-05-23 02:00:00,2.8289552,-0.25154692,3.25993,0.23086241,12.72513,1.23991,6.585223,275.0813
2025-05-23 03:00:00,2.7643754,-0.20526205,3.248818,0.14585647,11.728127,1.2467753,6.759125,274.24658
2025-05-23 04:00:00,2.7258198,-0.15151648,3.2569413,0.05900611,10.455887,1.1678995,6.5184145,273.18155
2025-05-23 05:00:00,2.7512286,-0.11582534,3.2960315,0.061981965,9.657997,1.1102455,6.3051977,272.4107
2025-05-23 06:00:00,3.189495,-0.37712508,3.6764877,0.052658293,9.851455,1.0764046,6.2529335,276.74332
2025-05-23 07:00:00,3.441052,-0.62862706,3.909711,0.16454978,9.995352,1.3525763,5.972386,280.3529
2025-05-23 08:00:00,3.706994,-0.60649437,4.114172,0.17230475,10.319354,1.8478078,6.2013974,279.29175
2025-05-23 09:00:00,3.954749,-0.5977899,4.33788,0.6604369,10.725119,2.1856658,6.768678,278.5956
2025-05-23 10:00:00,3.8322687,-0.59130985,4.213617,0.8062487,10.343322,2.2299821,7.1323566,278.77142
2025-05-23 11:00:00,3.9699702,-0.49695444,4.321473,0.826173,10.02588,2.4350402,7.24193,277.13507
2025-05-23 12:00:00,4.1476173,-0.45863715,4.4709144,0.99018174,9.490174,2.4837773,7.3944573,276.31006
2025-05-23 13:00:00,4.3038836,-0.5877698,4.655841,1.0851434,10.059507,2.743567,7.5473313,277.7766
2025-05-23 14:00:00,4.3783293,-0.7639845,4.770803,1.5000364,10.294608,3.015305,7.3631477,279.898
2025-05-23 15:00:00,4.3759484,-1.0345001,4.837415,1.1817601,10.769911,3.1530926,7.3538747,283.30087
2025-05-23 16:00:00,4.2019787,-1.2432858,4.7288666,0.97518945,10.478373,2.945067,7.2104373,286.48248
2025-05-23 17:00:00,3.8974073,-1.2932813,4.4623795,0.9387312,10.3383255,2.5966606,6.782373,288.35745
2025-05-23 18:00:00,3.3080816,-1.0006421,3.8349993,0.39363194,10.41501,1.7665924,6.18952,286.82974
2025-05-23 19:00:00,2.8405693,-0.57439935,3.3413076,0.06425304,10.515581,1.5906768,5.953492,281.4318
2025-05-23 20:00:00,2.5991719,-0.19724253,3.1278782,0.42188337,10.014955,1.6707721,6.0941734,274.33966
2025-05-23 21:00:00,2.5523567,0.11369365,3.0579333,0.14575793,9.671122,1.5576994,6.478076,267.44946
2025-05-23 22:00:00,2.6237414,0.25936642,3.048449,0.25416765,9.883809,1.2783563,6.6571393,264.35443
2025-05-23 23:00:00,2.629341,0.45763996,3.0160687,0.2367453,10.045671,1.1360875,6.430037,260.1265
2025-05-24 00:00:00,2.6664627,0.65876687,3.0326161,0.07507648,10.278812,1.2190268,6.458733,256.1226
2025-05-24 01:00:00,2.617652,0.84666854,3.01248,0.08406167,10.16019,1.1500026,6.3132806,252.07642
2025-05-24 02:00:00,2.5434904,1.0046234,3.018723,0.15036215,9.84159,1.1399788,6.3353996,248.44705
2025-05-24 03:00:00,2.4453983,1.131247,2.9865584,0.055389967,9.531464,1.0912875,6.4690123,245.17462
2025-05-24 04:00:00,2.3158145,1.3407634,2.9578712,0.16700019,9.155398,1.019289,6.1794767,239.93088
2025-05-24 05:00:00,2.257681,1.586114,3.0559053,0.08879153,9.085057,0.962711,5.793755,234.91037
2025-05-24 06:00:00,2.4300408,1.5414214,3.219106,0.14019382,9.27252,1.0115576,6.0595803,237.61226
2025-05-24 07:00:00,2.7152212,1.555182,3.5952623,0.51614726,8.815405,1.2629939,6.2766476,240.19746
2025-05-24 08:00:00,2.9826434,1.6701053,3.9079747,0.6714861,8.412817,1.5297872,6.5137963,240.75374
2025-05-24 09:00:00,3.264234,1.663243,4.2161117,0.8411773,8.160271,2.0985453,6.6048193,242.99954
2025-05-24 10:00:00,2.8075461,1.6599934,3.862647,0.4557927,8.818225,2.0559323,6.0823536,239.40582
2025-05-24 11:00:00,3.027653,1.8543668,4.0575747,0.22480148,8.500828,2.2756336,6.1201367,238.5135
2025-05-24 12:00:00,3.2247963,1.9288615,4.224854,0.82671934,8.955508,2.4070914,6.2671814,239.11491
2025-05-24 13:00:00,3.2783883,1.9577394,4.251504,1.0155982,9.115883,2.4990957,6.3516264,239.15582
2025-05-24 14:00:00,3.190506,1.9463055,4.1832094,1.198612,10.339177,2.4167414,6.2189007,238.61554
2025-05-24 15:00:00,2.9757454,2.0062816,4.099544,0.019904837,10.660536,2.389452,6.41889,236.0117
2025-05-24 16:00:00,2.6604438,2.0371032,3.9649353,0.20055307,10.744119,2.2077,6.16835,232.5587
2025-05-24 17:00:00,2.1104414,2.1228848,3.657255,0.64488226,10.696543,1.6587886,6.2170043,224.83159
2025-05-24 18:00:00,1.6096728,2.341707,3.4450917,0.15143819,10.430956,1.0713605,5.999719,214.50436
2025-05-24 19:00:00,1.3629125,2.6178725,3.5072305,0.048413917,10.410252,1.2381072,5.86474,207.50232
2025-05-24 20:00:00,1.2970392,2.9014764,3.6201234,0.39142057,10.440139,1.2725048,5.847359,204.08595
2025-05-24 21:00:00,1.3685554,3.1535606,3.7719631,0.065982535,11.408017,1.4207393,6.246552,203.45947
2025-05-24 22:00:00,1.615403,3.2782073,3.8904831,0.18809174,11.819908,1.3180946,6.8650517,206.23271
2025-05-24 23:00:00,1.6906306,3.370427,3.9448287,0.13789722,10.48366,1.4705017,7.496882,206.63867
2025-05-25 00:00:00,1.7953949,3.42659,4.046449,0.14053273,10.362164,1.7016537,7.508703,207.65273
2025-05-25 01:00:00,1.8525729,3.448189,4.103902,0.35652712,10.43197,1.7846527,7.490513,208.24734
2025-05-25 02:00:00,1.8766516,3.5124173,4.177412,0.422887,10.489762,1.8295445,7.474745,208.11517
2025-05-25 03:00:00,1.9200617,3.5512795,4.2246995,0.06442156,10.364174,1.8475319,7.51182,208.39865
2025-05-25 04:00:00,1.929883,3.6582868,4.303441,0.10562813,10.993025,1.8389081,7.855727,207.81332
2025-05-25 05:00:00,2.0253456,3.788524,4.4565015,0.5833578,10.346539,2.1278958,7.7644606,208.12897
2025-05-25 06:00:00,2.1796055,3.9038312,4.6307755,0.5468877,10.543308,2.2096262,8.081155,209.1757
2025-05-25 07:00:00,2.488574,4.0324483,4.915968,0.6587217,10.428207,2.6265569,8.272753,211.68028
2025-05-25 08:00:00,2.8914084,4.099085,5.225081,0.8217283,10.703042,3.1173794,8.416793,215.19833
2025-05-25 09:00:00,3.1926382,4.0442524,5.3814006,0.7440235,10.930533,3.276376,8.482064,218.28848
2025-05-25 10:00:00,2.8955605,3.54422,4.839527,0.2868834,10.56074,2.5573304,8.068965,219.24817
2025-05-25 11:00:00,3.1882365,3.623877,5.0857553,0.5020463,10.606117,3.0104408,7.9281697,221.34087
2025-05-25 12:00:00,3.4386864,3.516713,5.1956887,0.5284387,10.816051,3.182156,8.142484,224.35727
2025-05-25 13:00:00,3.6465302,3.2043767,5.185392,0.76035726,10.624626,3.0619414,8.212349,228.69272
2025-05-25 14:00:00,3.753413,2.9605668,5.158858,0.65007234,10.506488,2.887995,8.080057,231.7348
2025-05-25 15:00:00,3.8751905,2.6118474,5.084494,0.672665,10.49948,2.8102918,7.991107,236.02036
2025-05-25 16:00:00,3.8215995,2.3003626,4.876579,0.35592094,9.828068,2.8164697,7.5781727,238.95471
2025-05-25 17:00:00,3.5685024,1.946979,4.465492,0.044133067,9.464212,2.6013355,7.1171875,241.38307
2025-05-25 18:00:00,3.4238377,1.6415467,4.1660256,0.27014956,9.427489,2.3238716,6.6999416,244.38478
2025-05-25 19:00:00,3.1733868,1.4726571,3.8302042,0.32329035,9.11311,2.1899729,6.4196687,245.10565
2025-05-25 20:00:00,3.1163795,1.4084526,3.6717505,0.3925856,8.614628,2.1639771,6.2967305,245.67934
2025-05-25 21:00:00,3.1070359,1.3377256,3.5450196,0.56442904,8.210739,2.0419238,6.107545,246.70584
2025-05-25 22:00:00,2.725027,1.2192824,3.155703,1.0073985,8.168336,1.7231351,5.7291827,245.89441
2025-05-25 23:00:00,2.8342404,1.2153889,3.2296743,0.6666929,8.212229,1.7947748,5.635286,246.78922
2025-05-26 00:00:00,2.9252064,1.1687565,3.3181577,0.23501737,8.111956,1.9250419,5.6611257,248.221
2025-05-26 01:00:00,2.9676063,1.0397694,3.3407524,0.6278225,8.555851,1.9087634,5.787712,250.69092
2025-05-26 02:00:00,2.9465218,1.0067596,3.331739,0.6468122,8.808638,1.8095374,5.8854623,251.13586
2025-05-26 03:00:00,2.9326072,0.9201491,3.312716,0.6143733,9.395183,1.7704351,5.8678007,252.57997
2025-05-26 04:00:00,2.9695492,0.88591254,3.3505456,0.48905772,9.771998,1.6563582,5.902982,253.38846
2025-05-26 05:00:00,3.1203742,0.7964164,3.501354,0.15271257,9.313269,1.8790144,5.940609,255.68202
2025-05-26 06:00:00,3.2888205,0.6322916,3.652825,0.054125268,9.044426,2.015422,5.8713756,259.1174
2025-05-26 07:00:00,3.4815774,0.44010514,3.812592,0.19821204,8.732918,2.187195,5.753612,262.79547
2025-05-26 08:00:00,3.6237512,0.41312551,3.930403,0.43321607,8.579838,2.2620547,5.874109,263.4961
2025-05-26 09:00:00,3.8017814,0.3927142,4.0962358,0.62228334,8.832183,2.4598913,5.8886857,264.10242
2025-05-26 10:00:00,3.626879,0.47773248,3.8966093,0.721453,9.24197,2.0949528,5.6767216,262.4962
2025-05-26 11:00:00,4.0202713,0.43091688,4.3093615,0.80316186,9.253181,2.6298091,5.9350324,263.88205
2025-05-26 12:00:00,4.3215284,0.31704012,4.6198516,0.531677,9.886547,2.9092011,6.3756094,265.80414
2025-05-26 13:00:00,4.5794764,0.22067426,4.8874125,0.3817929,10.527757,3.2203505,6.836877,267.24118
2025-05-26 14:00:00,4.6722493,0.08209393,4.9528556,0.74493617,10.392609,3.2525823,6.9641776,268.99338
2025-05-26 15:00:00,4.6560073,-0.06541402,4.921734,0.81133115,9.735382,3.0618443,7.000041,270.80493
2025-05-26 16:00:00,4.3357882,-0.14612353,4.5999184,1.1351656,9.584564,2.7687044,6.6032577,271.93024
2025-05-26 17:00:00,3.740269,-0.08891379,4.0233054,0.48947665,9.526631,2.127609,6.05631,271.3618
2025-05-26 18:00:00,2.9514244,0.1881351,3.262715,0.13788463,9.382185,1.413276,5.4330688,266.3527
2025-05-26 19:00:00,2.3699894,0.5725209,2.7709906,0.08282497,9.855581,1.2758301,5.206103,256.4192
2025-05-26 20:00:00,1.9841552,1.0265949,2.5907316,0.17117913,10.097854,1.192225,5.1692595,242.64311
2025-05-26 21:00:00,1.7727265,1.4541836,2.6452534,0.07076859,10.286547,1.1158924,5.500921,230.63766
2025-05-26 22:00:00,1.8515749,1.8574405,2.896797,0.11822447,10.316848,1.2258106,5.431257,224.9094
2025-05-26 23:00:00,1.7312939,2.0416813,2.9721382,0.16468954,10.2000265,1.2228143,5.8464885,220.2971
2025-05-27 00:00:00,1.685782,2.2102711,3.088981,0.09089301,10.276279,1.3390459,6.144806,217.3329
2025-05-27 01:00:00,1.6758728,2.39904,3.218923,0.12164553,11.166298,1.386687,6.4136086,214.9366
2025-05-27 02:00:00,1.6417158,2.5785856,3.3183007,0.1568054,11.810585,1.3204904,6.5614243,212.48381
2025-05-27 03:00:00,1.639973,2.7935627,3.466516,0.16180266,12.856183,1.2946583,6.8678145,210.41525
2025-05-27 04:00:00,1.7069278,2.9980934,3.6488302,0.23685181,13.598573,1.2085338,7.4463496,209.6545
2025-05-27 05:00:00,1.8095822,3.2780778,3.9114068,0.12044883,14.065405,1.1403413,7.9567733,208.89981
2025-05-27 06:00:00,1.9206699,3.37509,4.0674953,0.066503465,13.817834,1.0629487,8.290463,209.643
2025-05-27 07:00:00,2.3285918,3.4472284,4.4657226,0.2959422,13.771354,1.3698645,8.652332,214.03891
2025-05-27 08:00:00,2.9150627,3.4777045,4.9360704,0.90209776,13.823074,1.7379944,8.9907,219.97023
2025-05-27 09:00:00,3.668591,3.4361136,5.4383745,0.8159657,14.168181,2.173191,9.26262,226.87415
2025-05-27 10:00:00,3.7692652,2.8136163,5.0099006,0.2577455,11.506163,2.3975163,7.9993763,233.26004
2025-05-27 11:00:00,4.1648664,2.8997536,5.3572855,0.55440915,11.681698,2.8117514,7.814473,235.15276
2025-05-27 12:00:00,4.24235,2.732804,5.327594,1.0662838,11.957196,3.1030176,7.430582,237.21149
2025-05-27 13:00:00,4.2397523,2.6232667,5.2732797,1.3683183,11.381394,3.3687236,7.23952,238.25363
2025-05-27 14:00:00,4.19872,2.5625074,5.2163796,1.5066324,10.182225,3.4321864,7.16851,238.604
2025-05-27 15:00:00,4.0377173,2.4678593,5.008766,1.2328461,9.848011,3.1714396,6.8158913,238.56667
2025-05-27 16:00:00,3.658359,2.3084593,4.591652,1.2926903,9.143424,3.034045,6.2461667,237.74768
2025-05-27 17:00:00,3.0743697,2.2851002,4.072851,0.7175568,8.11308,2.4636662,5.819909,233.37753
2025-05-27 18:00:00,2.6038926,2.44322,3.7582817,0.49047,8.336869,1.9410218,5.6303487,226.82338
2025-05-27 19:00:00,2.2523189,2.5986278,3.6082268,0.1766473,8.358766,1.8062165,5.7634196,220.9166
2025-05-27 20:00:00,2.0492513,2.8062027,3.6617897,0.27858058,8.228705,1.8482274,6.1484327,216.13908
2025-05-27 21:00:00,1.9680684,2.9778075,3.8011491,0.21520795,8.380605,1.8015261,6.594984,213.4612
2025-05-27 22:00:00,2.1863074,3.031763,4.008338,0.5571319,8.182354,1.9073511,6.3871884,215.79666
2025-05-27 23:00:00,2.2174327,3.092843,4.153853,0.62749505,8.665528,1.833986,6.3533,215.63887
2025-05-28 00:00:00,2.2252555,3.1515994,4.292424,0.761603,9.30269,1.8993819,6.288169,215.22484
2025-05-28 01:00:00,2.3110054,3.175422,4.436549,0.6133967,9.59626,2.034756,6.517169,216.04634
2025-05-28 02:00:00,2.5142608,3.1286345,4.547268,0.2248824,9.687775,2.1370125,6.6258373,218.78636
2025-05-28 03:00:00,2.710668,3.0014887,4.546565,0.050547734,9.382762,2.052895,6.4857273,222.08545
2025-05-28 04:00:00,2.9527113,2.8265126,4.572338,0.1257663,9.7465925,1.9814291,6.4930134,226.25095
2025-05-28 05:00:00,3.1953645,2.6377406,4.679455,0.2677923,10.094884,2.1687095,6.546128,230.46068
2025-05-28 06:00:00,3.3905845,2.4127345,4.723442,0.2740245,9.402423,2.4765744,6.51549,234.5644
2025-05-28 07:00:00,3.722358,2.2057207,4.8792343,0.60518974,8.6690645,2.6430173,6.5188136,239.35071
2025-05-28 08:00:00,3.9977367,1.8341864,4.965871,0.46064037,8.278829,3.1050024,6.5335436,245.35405
2025-05-28 09:00:00,4.1719866,1.4404557,4.993538,0.51257247,8.817137,3.3394437,6.519055,250.95181
2025-05-28 10:00:00,3.6272974,0.74128556,4.43886,0.26090944,7.108674,3.0518646,5.6156116,258.4499
2025-05-28 11:00:00,3.9526176,0.49584013,4.773196,1.3911158,7.3280716,3.2570438,6.1276336,262.84982
2025-05-28 12:00:00,4.274148,0.24788274,4.9817257,0.8957101,7.864671,3.5470357,6.211028,266.68082
2025-05-28 13:00:00,4.4500113,-0.0917544,5.088283,0.30607536,7.955802,3.6253228,6.480195,271.1812
2025-05-28 14:00:00,4.526111,-0.44851768,5.1525216,0.82895005,8.318488,3.6577291,6.6973486,275.65927
2025-05-28 15:00:00,4.5412307,-0.8539994,5.21865,0.86419594,8.175889,3.8548582,6.8281054,280.65036
2025-05-28 16:00:00,4.4382854,-1.23816,5.170015,0.85651416,8.980057,3.8473077,6.7700977,285.58765
2025-05-28 17:00:00,4.159248,-1.4186192,4.917968,0.9014528,9.07346,3.7606456,6.5295568,288.83328
2025-05-28 18:00:00,3.9503884,-1.5372702,4.6650133,0.5263468,8.880644,3.5192387,6.2554126,291.2632
2025-05-28 19:00:00,3.6995697,-1.5355159,4.3616447,0.7400453,8.435626,3.3631225,6.1146646,292.54102
2025-05-28 20:00:00,3.542793,-1.5813743,4.1691246,0.75795335,7.903023,3.0368993,5.9408035,294.05426
2025-05-28 21:00:00,3.44281,-1.5584432,4.0253997,1.0542179,8.042698,2.6557937,5.6279125,294.35464
2025-05-28 22:00:00,2.9078262,-1.4064393,3.4401283,0.10385103,9.278145,1.7807629,4.872765,295.81183
2025-05-28 23:00:00,3.0544293,-1.2501905,3.5148525,0.5318411,10.050714,1.8012779,5.2641187,292.2595
2025-05-29 00:00:00,3.1377525,-1.2451943,3.5918832,0.51582485,9.704498,1.8685633,5.3062534,291.6453
2025-05-29 01:00:00,3.0984352,-1.2738128,3.5710573,0.7503964,9.198205,1.7815359,5.2009554,292.3483
2025-05-29 02:00:00,3.010949,-1.2294658,3.4693887,0.809007,9.337338,1.6111012,5.1853733,292.21176
2025-05-29 03:00:00,2.8553731,-1.0574872,3.309171,0.35825643,9.275969,1.5649593,4.958057,290.3221
2025-05-29 04:00:00,2.790235,-0.8748169,3.2382958,0.34613067,8.940201,1.5124868,4.9143677,287.40768
2025-05-29 05:00:00,2.8479457,-0.758872,3.362557,0.089219645,8.943314,1.6912985,5.0486174,284.92053
2025-05-29 06:00:00,2.9230874,-0.86884534,3.5133684,0.30714962,8.8489685,1.6630535,5.321238,286.55383
2025-05-29 07:00:00,2.8780856,-0.71347255,3.5376039,0.7474451,8.551778,1.9497069,5.171292,283.92285
2025-05-29 08:00:00,2.9272501,-0.47849584,3.6496925,0.6385247,8.664397,2.076045,5.349186,279.2836
2025-05-29 09:00:00,3.0407653,-0.23513217,3.875563,1.1161333,8.551594,2.3134012,5.7493606,274.4217
2025-05-29 10:00:00,2.9079444,0.21816935,3.8150296,0.737184,8.756515,2.039442,5.533795,265.7094
2025-05-29 11:00:00,3.1224349,0.48531526,4.1282907,1.0586295,9.490902,2.3664782,5.664055,261.16528
2025-05-29 12:00:00,3.3844275,0.63528275,4.404024,1.2306261,10.688266,2.7253463,5.741293,259.36887
2025-05-29 13:00:00,3.4123237,0.671296,4.4551353,0.8460582,11.025383,2.6484368,5.8144574,258.8705
2025-05-29 14:00:00,3.3592167,0.718364,4.432021,1.1561124,10.495192,2.7124593,6.420614,257.9292
2025-05-29 15:00:00,3.3389382,0.7725632,4.397869,0.7660652,10.250653,2.6276476,6.8817415,256.97217
2025-05-29 16:00:00,3.0946403,0.89783746,4.0834618,0.25706854,10.07856,2.2942638,6.30918,253.82115
2025-05-29 17:00:00,2.7907093,1.09773,3.7196255,0.14431693,9.9652815,2.057449,5.947508,248.52773
2025-05-29 18:00:00,2.4557793,1.3531415,3.3319216,0.086311385,10.178895,1.3233837,5.651733,241.14511
2025-05-29 19:00:00,2.3724205,1.6599191,3.2895703,0.19907239,10.953795,1.3647118,5.778167,235.02055
2025-05-29 20:00:00,2.409152,1.9013981,3.3808382,0.19038005,11.150035,1.3659961,5.910446,231.71811
2025-05-29 21:00:00,2.5473213,2.1079745,3.5579433,0.034359187,11.345364,1.381041,6.269178,230.39136
2025-05-29 22:00:00,2.9713905,2.1455846,3.9254076,0.15458965,11.493364,1.5151308,6.882119,234.16766
2025-05-29 23:00:00,3.0838652,2.0281744,3.939699,0.14552417,11.0833435,1.4334102,6.891238,236.66817
2025-05-30 00:00:00,3.133389,1.9288536,3.9146779,0.12726025,10.7271,1.4696932,6.905224,238.38435
2025-05-30 01:00:00,3.1929219,1.801213,3.897361,0.18165179,10.651178,1.4892113,7.048781,240.57149
2025-05-30 02:00:00,3.195985,1.7061347,3.8443322,0.23456152,10.359409,1.5226889,7.295237,241.90506
2025-05-30 03:00:00,3.1950803,1.6382207,3.7864635,0.122839466,9.802346,1.6199893,7.4784346,242.85432
2025-05-30 04:00:00,3.2179694,1.6292547,3.7865605,0.18534675,9.209754,1.6047742,7.63501,243.14696
2025-05-30 05:00:00,3.3200994,1.5917256,3.8630376,0.10792296,9.139762,1.6844932,7.6211,244.38596
2025-05-30 06:00:00,3.6852112,1.5065027,4.146773,0.055519383,9.305242,1.5451487,7.640039,247.76541
2025-05-30 07:00:00,4.1166325,1.2207901,4.4554143,0.12188828,9.408398,1.5245531,7.9639845,253.48224
2025-05-30 08:00:00,4.342226,0.964348,4.6293836,0.10492371,9.397496,1.603818,7.9809833,257.47864
2025-05-30 09:00:00,4.6187778,0.8061816,4.907355,0.33414805,9.615943,1.6735716,8.128607,260.0991
2025-05-30 10:00:00,4.0565324,0.8439261,4.415768,0.19005078,9.78812,1.4167676,7.740204,258.24774
2025-05-30 11:00:00,4.4538894,0.7444891,4.783493,0.073378414,10.085985,1.7490034,8.164818,260.51047
2025-05-30 12:00:00,4.5807667,0.6378277,4.8776865,0.06146813,10.213342,1.9444383,8.585189,262.0731
2025-05-30 13:00:00,4.625163,0.48061556,4.8802414,0.18718073,10.794962,1.9498496,8.589207,264.0675
2025-05-30 14:00:00,4.507412,0.26394448,4.7396855,0.08667164,11.2296915,1.8417238,8.630338,266.6487
2025-05-30 15:00:00,4.2995787,0.075723186,4.5135865,0.11980258,11.662572,1.8318514,8.42372,268.99103
2025-05-30 16:00:00,3.8993292,-0.09799442,4.122879,0.069588244,11.685702,1.6567643,8.0811825,271.4396
2025-05-30 17:00:00,3.2798,-0.1810348,3.5402427,0.09828871,11.272119,1.224876,7.708025,273.15933
2025-05-30 18:00:00,2.604333,-0.11650498,2.9457006,0.056345906,10.894374,0.9041801,7.2584343,272.56143
2025-05-30 19:00:00,2.2783134,0.033809766,2.804551,0.0180089,10.522721,0.91247296,6.7941155,269.1498
2025-05-30 20:00:00,2.0213764,0.2004576,2.6715293,0.1592644,10.3130245,0.9709693,6.250849,264.33655
2025-05-30 21:00:00,1.8703935,0.35895723,2.527897,0.117828466,10.048546,1.0284795,5.779601,259.13614
2025-05-30 22:00:00,1.8005086,0.47436523,2.3271096,0.0522666,8.852694,0.8195778,5.186706,255.24016
2025-05-30 23:00:00,1.7022821,0.54753935,2.243467,0.009526044,8.920238,0.86217725,4.815183,252.1696
2025-05-31 00:00:00,1.6351818,0.5894561,2.1826236,0.12946989,8.748835,0.9170703,4.469251,250.1766
2025-05-31 01:00:00,1.5205544,0.6831422,2.118253,0.021965418,8.351232,0.90782815,4.249841,245.80696
2025-05-31 02:00:00,1.3969096,0.71294916,2.0727813,0.09074951,7.984217,0.8927509,3.864132,242.96132
2025-05-31 03:00:00,1.2902902,0.7819094,2.0413368,0.025860518,7.943112,0.87972075,3.5068412,238.78435
2025-05-31 04:00:00,1.1390636,0.8120678,1.9613804,0.0700586,7.981987,0.78835267,3.3432736,234.51395
2025-05-31 05:00:00,1.041442,0.97452193,1.9713943,0.026394477,7.765718,0.6377208,3.3681512,226.90125
2025-05-31 06:00:00,0.99600506,0.87300193,1.7815088,0.101336345,7.5050764,0.4730141,3.55805,228.76532
2025-05-31 07:00:00,1.0972917,0.8343007,1.7466923,0.04262232,7.451603,0.53891855,3.3791585,232.7533
2025-05-31 08:00:00,1.3637531,0.8677546,1.9292241,0.08063818,7.5392766,0.6250866,3.4247658,237.53145
2025-05-31 09:00:00,1.7849896,0.80732936,2.2625022,0.11932968,7.6363997,0.8559838,3.67093,245.66333
2025-05-31 10:00:00,1.2225115,0.4846513,1.778133,0.007302522,7.4446006,0.5100939,3.1449769,248.3747
2025-05-31 11:00:00,1.5044795,0.4847713,1.9764394,0.011375906,7.539599,0.63919085,3.2367146,252.14009
2025-05-31 12:00:00,1.7679921,0.34551919,2.1733754,0.10796628,7.714012,0.9975943,3.4428484,258.94205
2025-05-31 13:00:00,1.788488,0.11548264,2.1561246,0.16680343,7.6507545,0.9928611,3.429468,266.30554
2025-05-31 14:00:00,1.6324389,-0.16311687,2.069978,0.0817138,7.080371,0.98437023,3.158076,275.70618
2025-05-31 15:00:00,1.3975537,-0.3225568,2.024259,0.016888475,6.5176077,0.9621303,3.0247722,282.99634
2025-05-31 16:00:00,0.97201,-0.4428509,1.9503355,0.20038958,6.36077,0.92541456,2.89006,294.49417
2025-05-31 17:00:00,0.38528442,-0.3816615,1.7217044,0.033947594,6.2058387,0.73016995,2.872751,314.72934
2025-05-31 18:00:00,-0.21202624,-0.20639162,1.6289287,0.022559287,5.855352,0.6907837,2.6933715,45.771515
2025-05-31 19:00:00,-0.65648097,0.05159739,1.8649478,0.07672168,5.464196,0.9094951,2.8403032,94.49403
2025-05-31 20:00:00,-0.9726954,0.50601524,2.002838,0.16367254,5.86989,0.9427849,2.9699779,117.484344
2025-05-31 21:00:00,-1.0250376,0.9956096,2.1052985,0.18995962,6.0722322,0.9707153,3.2891183,134.16563
2025-05-31 22:00:00,-0.80547726,1.3721325,2.259755,0.09534608,6.9985433,1.1213752,3.4588118,149.58597
2025-05-31 23:00:00,-0.7352579,1.7189521,2.3445559,0.12859951,6.721082,1.0760285,3.6992047,156.84186
2025-06-01 00:00:00,-0.52764356,1.9571178,2.5124202,0.089502715,7.115027,1.0700121,4.2303133,164.91168
2025-06-01 01:00:00,-0.29457834,2.0899606,2.6269753,0.047388133,7.5801897,1.2337934,4.549863,171.97705
2025-06-01 02:00:00,-0.06274414,2.1677144,2.7287738,0.07838285,7.552356,1.3136892,4.738636,178.34204
2025-06-01 03:00:00,0.16139098,2.174789,2.7566586,0.09264671,7.1089053,1.3770112,4.769464,184.24414
2025-06-01 04:00:00,0.36180815,2.2254663,2.8560052,0.22957721,7.306945,1.3411727,5.0142393,189.23416
2025-06-01 05:00:00,0.62030315,2.292671,3.0221705,0.38730276,7.734423,1.4834871,5.4129195,195.13943
2025-06-01 06:00:00,0.94205534,2.2719727,3.0379496,0.28085425,8.054465,1.2916685,5.4880786,202.52095
2025-06-01 07:00:00,1.2634854,2.2328565,3.0745704,0.1200506,8.314321,1.1971561,5.180169,209.50381
2025-06-01 08:00:00,1.6433848,2.2344933,3.234202,0.029567426,8.038617,1.4513111,5.317887,216.33307
2025-06-01 09:00:00,1.9902728,2.2339032,3.4094143,0.28196713,7.7398496,1.5861484,5.48992,221.69911
2025-06-01 10:00:00,1.9325771,1.8791554,3.2275612,0.07541319,7.0956793,1.3918916,5.4771233,225.80295
2025-06-01 11:00:00,2.1763954,1.9695567,3.4514916,0.13751237,7.286157,1.50935,5.4755096,227.85608
2025-06-01 12:00:00,2.5689645,1.9858992,3.789761,0.15072276,7.983936,1.7623663,5.6234255,232.29472
2025-06-01 13:00:00,2.9103398,1.8603911,3.9913535,0.1140195,8.223885,2.0240142,5.656942,237.41187
2025-06-01 14:00:00,3.183465,1.618668,4.03835,0.062852144,8.137681,2.14782,5.704141,243.04843
2025-06-01 15:00:00,3.3529284,1.2959409,4.059471,0.19266795,8.379561,2.1642358,6.044611,248.86798
2025-06-01 16:00:00,3.3768554,0.9569533,3.998748,0.100131124,8.826068,1.9428499,6.212664,254.17802
2025-06-01 17:00:00,3.1563597,0.66448194,3.6560895,0.05324323,8.946135,1.292622,6.457098,258.1116
2025-06-01 18:00:00,2.8381233,0.5377119,3.2750444,0.16685477,9.648731,0.9266153,6.56074,259.27188
2025-06-01 19:00:00,2.6350634,0.5234874,3.0705988,0.1524248,9.779519,1.1358314,6.186367,258.7638
2025-06-01 20:00:00,2.475889,0.6033705,2.9498122,0.084533624,9.407123,1.283411,6.206127,256.30408
2025-06-01 21:00:00,2.4097426,0.6184952,2.9173865,0.10816359,9.175402,1.2945355,6.366576,255.60493
2025-06-01 22:00:00,2.321704,0.62226164,2.9553106,0.0512966,9.496117,1.2160345,6.5826006,254.99625
2025-06-01 23:00:00,2.2518096,0.7450706,2.873974,0.20655087,9.320397,1.2649131,6.55529,251.69183
2025-06-02 00:00:00,2.2880752,0.8552411,2.8900063,0.21373835,9.359496,1.294815,6.5554056,249.50517
2025-06-02 01:00:00,2.2584064,0.95983887,2.8301373,0.06655291,9.240978,1.1581085,6.543058,246.97417
2025-06-02 02:00:00,2.1823313,1.031796,2.7351165,0.112305336,9.110657,1.1229517,6.6419687,244.69543
2025-06-02 03:00:00,2.115928,1.1147605,2.6741557,0.2169398,9.567372,1.011524,6.3772616,242.21783
2025-06-02 04:00:00,2.095771,1.1564817,2.6778817,0.45801017,9.428201,1.116474,6.070624,241.10934
2025-06-02 05:00:00,2.12314,1.2077975,2.711701,0.256207,8.829072,1.0184352,6.0812445,240.36562
2025-06-02 06:00:00,2.242844,1.2501715,2.811253,0.06502067,8.427269,0.8147806,6.1902804,240.8645
2025-06-02 07:00:00,2.3399596,1.2785252,2.9261298,0.09373722,8.507169,0.65504587,6.09343,241.34836
2025-06-02 08:00:00,2.5710318,1.3409861,3.1402068,0.07549598,9.0326805,0.72587425,6.157955,242.45457
2025-06-02 09:00:00,2.8693092,1.280565,3.3856862,0.11108759,9.182107,1.0355844,6.1611676,245.94893
2025-06-02 10:00:00,2.5699747,1.2659067,3.1938834,0.095619164,9.550804,1.1096755,6.276421,243.77628
2025-06-02 11:00:00,2.846891,1.1100308,3.326669,0.06448685,9.148969,1.0971942,6.3930917,248.6987
2025-06-02 12:00:00,3.1659613,0.84387374,3.5461917,0.18089183,8.957338,1.208731,6.450003,255.07504
2025-06-02 13:00:00,3.2957685,0.557658,3.6364448,0.084033184,8.468407,1.3139482,6.442815,260.39627
2025-06-02 14:00:00,3.2572005,0.23700777,3.598097,0.09995841,8.217512,1.2273245,6.12824,265.83826
2025-06-02 15:00:00,3.223388,-0.04907969,3.5514662,0.17521147,8.342415,1.2104558,5.8353567,270.8723
2025-06-02 16:00:00,2.9488852,-0.3134753,3.2610643,0.06441334,8.080973,1.1729782,5.375618,276.06793
2025-06-02 17:00:00,2.542915,-0.3811427,2.8822572,0.100956984,7.927224,1.0292094,4.807334,278.52426
2025-06-02 18:00:00,2.019589,-0.24823658,2.3802457,0.114316635,7.6650705,0.98477256,4.0158677,277.00732
2025-06-02 19:00:00,1.6652052,0.0003946665,2.016808,0.06599639,7.268828,0.97938627,3.5033824,269.98642
2025-06-02 20:00:00,1.5242252,0.18835902,1.9141868,0.08220652,7.123209,0.961505,3.0034924,262.9553
2025-06-02 21:00:00,1.5384852,0.32779178,1.9245292,0.09744331,7.0970283,1.0801073,3.0224292,257.97232
2025-06-02 22:00:00,1.3885003,0.38733858,1.8311161,0.18145843,7.4198008,0.8165552,3.042883,254.41293
2025-06-02 23:00:00,1.3401031,0.5156485,1.8687942,0.079501726,7.284551,0.82734364,3.3751857,248.95415
2025-06-03 00:00:00,1.2845372,0.64819294,1.9562104,0.08573868,8.413276,0.9759455,3.6551976,243.22394
2025-06-03 01:00:00,1.178433,0.78023756,2.0080535,0.054929998,8.818108,0.8674517,3.5729415,236.49156
2025-06-03 02:00:00,1.0075712,0.9445644,2.025935,0.053140607,9.046903,0.83159333,3.5620248,226.84863
2025-06-03 03:00:00,0.82861245,1.1149272,2.0398438,0.07456674,9.1758795,0.75499904,3.5972252,216.61969
2025-06-03 04:00:00,0.64509416,1.3137821,2.0969596,0.09126949,8.999475,0.7143712,3.837776,206.152
2025-06-03 05:00:00,0.48458946,1.5295625,2.2066166,0.08561482,9.31163,0.7261788,4.1170616,197.57903
2025-06-03 06:00:00,0.42391637,1.6826237,2.255032,0.03528229,10.419204,0.69598657,4.11666,194.14069
2025-06-03 07:00:00,0.434826,2.0354896,2.5145154,0.10364501,11.701003,0.6990631,5.010459,192.05841
2025-06-03 08:00:00,0.6564991,2.4452696,2.8925653,0.040979154,12.186241,0.76424503,5.4922676,195.02823
2025-06-03 09:00:00,1.0655786,2.8070717,3.2891293,0.0796809,12.192152,0.77571106,6.0336823,200.78702
2025-06-03 10:00:00,1.4070393,2.7616973,3.3625166,0.051902317,11.370147,0.81780314,5.9872108,206.99811
2025-06-03 11:00:00,1.5330534,3.0736196,3.6916096,0.02682845,11.841326,1.0543042,6.4602337,206.509
2025-06-03 12:00:00,1.6582625,3.286477,3.9213104,0.048039585,12.088314,1.282111,6.4866395,206.77422
2025-06-03 13:00:00,1.7690074,3.3630931,4.04913,0.07198109,12.653667,1.5098293,6.305592,207.74464
2025-06-03 14:00:00,1.877128,3.3093188,4.0796623,0.067546435,12.549033,1.608408,6.233044,209.56299
2025-06-03 15:00:00,1.853074,3.100242,3.940786,0.27353752,12.485953,1.7372122,5.799752,210.86757
2025-06-03 16:00:00,1.703198,2.9117217,3.7670128,0.16887523,12.243016,1.5628561,5.612166,210.3253
2025-06-03 17:00:00,1.1452583,2.4940524,3.1804492,0.12622401,11.708019,1.2322086,5.0402994,204.6644
2025-06-03 18:00:00,0.49979132,2.2374454,2.767373,0.10812252,11.516765,1.0651834,5.0541773,192.59178
2025-06-03 19:00:00,0.065938175,2.320686,2.8407586,0.34508395,11.47186,1.5207884,5.0177298,181.62753
2025-06-03 20:00:00,-0.07246316,2.5836713,3.0678437,0.35685745,11.013425,1.6883379,5.2808585,178.39346
2025-06-03 21:00:00,-0.0039087245,2.8248003,3.2584953,0.90669155,10.642818,1.7552918,5.580046,179.92072
2025-06-03 22:00:00,0.413387,2.9837584,3.5329075,0.22786856,11.863367,1.8352854,6.08527,187.88788
2025-06-03 23:00:00,0.5634469,3.0012693,3.5103693,0.2760682,11.313931,1.7494057,6.3184304,190.63274
2025-06-04 00:00:00,0.689583,3.0593996,3.4567199,0.11300262,10.555695,1.6262615,6.5138636,192.70209
2025-06-04 01:00:00,0.70813525,3.0825126,3.3743937,0.014361447,10.059126,1.6110756,6.5789776,192.9379
2025-06-04 02:00:00,0.7362246,3.025347,3.3146513,0.18335688,9.638786,1.6277659,6.4247093,193.6772
2025-06-04 03:00:00,0.6955158,2.9814425,3.2619393,0.18078321,8.964811,1.6342934,6.233529,193.13123
2025-06-04 04:00:00,0.6750781,2.9922853,3.2691414,0.034056805,8.445472,1.5646254,6.043712,192.71344
2025-06-04 05:00:00,0.6814105,3.099856,3.3795102,0.12699129,8.593692,1.4058656,5.8524585,192.39758
2025-06-04 06:00:00,0.90604174,3.1119921,3.4237509,0.07304503,8.664891,1.3476619,5.7426333,196.23267
2025-06-04 07:00:00,1.2059174,3.2478204,3.682604,0.04903914,8.769719,1.3056688,6.0154243,200.37
2025-06-04 08:00:00,1.4775976,3.3283212,3.8843026,0.07177985,9.1201,1.2826422,6.113923,203.93869
2025-06-04 09:00:00,1.7969776,3.4639547,4.1603026,0.1922227,9.392001,1.26791,6.383637,207.4187
2025-06-04 10:00:00,2.0155644,3.0947497,3.971052,0.04793524,9.114189,1.091442,5.9335837,213.07559
2025-06-04 11:00:00,2.0920403,3.1257725,4.0547433,0.040603593,9.1354475,1.2725238,6.1395683,213.7939
2025-06-04 12:00:00,2.3077264,3.0160303,4.109748,0.11769844,8.549356,1.2991393,6.2915015,217.42154
2025-06-04 13:00:00,2.5484314,2.789053,4.1600075,0.0859167,8.529918,1.4123613,6.364006,222.41878
2025-06-04 14:00:00,2.7236192,2.4410446,4.1650105,0.07026914,8.955402,1.5829722,6.223767,228.13171
2025-06-04 15:00:00,2.7052736,2.0551815,4.025408,0.2372482,8.640984,1.8113495,5.9539843,232.77626
2025-06-04 16:00:00,2.719091,1.6747321,3.8096201,0.22457112,7.9912148,1.6883961,5.875296,238.3704
2025-06-04 17:00:00,2.643935,1.3511415,3.513742,0.03857655,8.159436,1.4529577,5.8136396,242.93141
2025-06-04 18:00:00,2.4444253,1.1089466,3.2345593,0.09517216,8.609152,1.4692597,5.457294,245.59795
2025-06-04 19:00:00,2.2745948,0.9351411,3.0227826,0.15822786,7.3326106,1.5727483,4.8458786,247.65125
2025-06-04 20:00:00,2.1707695,0.9468289,2.906415,0.20885742,7.2495747,1.4955021,4.7332315,246.43452
2025-06-04 21:00:00,2.0904999,1.0531224,2.8438134,0.42565808,7.547442,1.3763223,4.492608,243.2626
2025-06-04 22:00:00,1.7323188,0.9489812,2.5499651,0.10425974,7.575876,1.0210865,4.319621,241.28564
2025-06-04 23:00:00,1.6177789,1.3423024,2.6411052,0.039396774,8.165216,1.1366317,4.354247,230.31685
2025-06-05 00:00:00,1.6001294,1.6694946,2.8010511,0.080906786,8.025623,1.3471622,4.3082347,223.78465
2025-06-05 01:00:00,1.6358156,1.8406183,2.968002,0.044159103,8.128226,1.382723,4.568368,221.62851
2025-06-05 02:00:00,1.6618174,1.9497116,3.047254,0.08559627,8.559557,1.3307421,4.768857,220.44229
2025-06-05 03:00:00,1.6065727,2.0408027,3.0336053,0.049299087,8.822969,1.2731222,4.8237085,218.21074
2025-06-05 04:00:00,1.540689,2.1848838,3.0661795,0.17889737,9.240174,1.2020248,4.871238,215.1899
2025-06-05 05:00:00,1.6053537,2.3158896,3.1847558,0.1378703,9.772343,1.1864761,4.8395753,214.72935
2025-06-05 06:00:00,1.8097088,2.438432,3.4164221,0.046695765,9.888115,1.2809381,5.2262,216.58136
2025-06-05 07:00:00,2.0452158,2.6338496,3.7050211,0.15296197,9.882116,1.3988945,5.5663714,217.82977
2025-06-05 08:00:00,2.2244246,2.8555763,3.9499185,0.043234225,10.305368,1.4084327,5.8012466,217.91772
2025-06-05 09:00:00,2.3278453,3.0849457,4.1872797,0.09175844,10.833605,1.4789795,6.1099396,217.03757
2025-06-05 10:00:00,2.208551,3.0359728,4.078509,0.039924167,9.5253315,1.3550558,5.862821,216.03442
2025-06-05 11:00:00,2.1343791,3.2150202,4.260887,0.18668352,9.676338,1.7100443,6.058971,213.57928
2025-06-05 12:00:00,2.269238,3.3446085,4.4913254,0.08596664,9.675135,1.9168997,6.455854,214.15598
2025-06-05 13:00:00,2.4044363,3.3499525,4.534836,0.072627865,9.459516,1.9587553,6.551793,215.66899
2025-06-05 14:00:00,2.5093727,3.213744,4.44138,0.10223917,8.485182,1.8879569,6.387493,217.98361
2025-06-05 15:00:00,2.540998,3.1659162,4.382342,0.19884068,8.420689,1.8687398,6.2403455,218.7509
2025-06-05 16:00:00,2.3987935,3.132006,4.248439,0.06675859,8.761877,1.8542577,6.0995975,217.4484
2025-06-05 17:00:00,2.0687013,3.029246,3.9194002,0.09306011,8.564348,1.7719536,5.697607,214.32954
2025-06-05 18:00:00,1.663592,2.9741313,3.6085804,0.073282436,8.73886,1.5372814,5.4572916,209.22064
2025-06-05 19:00:00,1.3693027,3.014455,3.4777505,0.1459747,8.619687,1.3952333,5.316024,204.42972
2025-06-05 20:00:00,1.1222687,3.2697928,3.5998032,0.12534562,8.382838,1.6003582,5.5472684,198.94342
2025-06-05 21:00:00,1.035562,3.5393577,3.8117545,0.1345731,8.500307,1.7051996,6.0109243,196.30869
2025-06-05 22:00:00,1.0692745,3.6016016,3.9331162,0.062326808,8.980126,1.7040333,6.621626,196.53555
2025-06-05 23:00:00,0.9783037,3.8244781,4.104052,0.07861959,9.326996,1.9262233,6.794919,194.34862
2025-06-06 00:00:00,0.87954503,3.9928613,4.257948,0.22193526,10.521199,1.9009461,6.7728677,192.4227
2025-06-06 01:00:00,0.8452437,4.173999,4.4590297,0.18826748,10.508179,1.9986207,6.817638,191.44772
2025-06-06 02:00:00,1.048801,4.331481,4.7431016,0.32212615,10.209039,2.028706,6.877157,193.61133
2025-06-06 03:00:00,1.4427792,4.424705,5.0414824,0.22780068,11.113231,2.2694943,7.0810466,198.05978
2025-06-06 04:00:00,1.9127828,4.486582,5.350388,0.42737493,11.603766,2.4814503,7.4689155,203.09021
2025-06-06 05:00:00,2.4783874,4.4530883,5.624415,0.21714446,11.364365,2.4488966,8.000545,209.09833
2025-06-06 06:00:00,2.9730473,4.3043184,5.7461905,0.6964397,11.765372,2.2573526,8.800159,214.63333
2025-06-06 07:00:00,3.4882638,4.2346177,5.942665,0.78062576,11.621232,2.3658855,9.21349,219.47998
2025-06-06 08:00:00,4.42737,4.1548185,6.424796,0.3527935,12.459318,2.5968666,9.970469,226.81898
2025-06-06 09:00:00,5.1114845,3.8015494,6.626951,0.115242235,13.611028,2.8335123,10.746474,233.36082
2025-06-06 10:00:00,4.8874044,2.9249902,5.8891706,0.14741166,13.451015,3.0279849,10.552362,239.10052
2025-06-06 11:00:00,5.194047,2.9798985,6.1468086,0.24282141,13.506881,3.3050141,10.508991,240.1565
2025-06-06 12:00:00,5.543914,2.8132346,6.3771152,0.21267444,13.599644,3.2848976,10.285373,243.0947
2025-06-06 13:00:00,5.6239305,2.5033314,6.323729,0.21737951,13.240204,3.35296,9.859887,246.00513
2025-06-06 14:00:00,5.4152474,2.182914,6.058887,0.20026235,12.098902,3.1737378,9.305779,248.04538
2025-06-06 15:00:00,5.1508284,1.9854802,5.7827363,0.2662942,11.759326,3.0785306,8.8958845,248.91994
2025-06-06 16:00:00,4.608565,1.7988219,5.19942,0.2675755,11.42126,2.542396,8.28673,248.67822
2025-06-06 17:00:00,3.9441516,1.6820877,4.50238,0.20109576,10.944483,1.9555919,7.849118,246.9029
2025-06-06 18:00:00,3.282247,1.6712544,3.8732085,0.1326688,10.759844,1.3650956,7.3393574,243.01572
2025-06-06 19:00:00,2.7056897,1.7330891,3.4260688,0.08077482,10.063306,1.2560158,6.60798,237.35901
2025-06-06 20:00:00,2.2859979,1.9490072,3.2500122,0.1268662,9.635808,1.3036724,6.123965,229.54959
2025-06-06 21:00:00,2.0979643,2.1582375,3.2529,0.064264864,10.736929,1.3135221,5.6558123,224.18867
2025-06-06 22:00:00,2.0548537,2.060907,3.224322,0.20300888,10.633193,1.4568474,5.15713,224.91574
2025-06-06 23:00:00,1.8636017,2.1688333,3.1536932,0.11670392,9.8138275,1.5366338,4.768988,220.6713
2025-06-07 00:00:00,1.8033394,2.2477367,3.1179373,0.10816581,9.016849,1.2351646,4.653401,218.73978
2025-06-07 01:00:00,1.6897608,2.294484,3.0482368,0.022931945,8.857409,1.273252,4.523996,216.3696
2025-06-07 02:00:00,1.6210262,2.3124764,3.001085,0.16296469,8.827801,1.3226988,4.3382506,215.03012
2025-06-07 03:00:00,1.5299315,2.298939,2.95075,0.4399283,8.594931,1.3568445,4.1727543,213.64355
2025-06-07 04:00:00,1.4672608,2.4253993,3.0201652,0.34534818,7.978813,1.5051122,4.182716,211.17212
2025-06-07 05:00:00,1.4713671,2.4987533,3.103318,0.12551391,7.086322,1.6456814,4.2704873,210.4913
2025-06-07 06:00:00,1.6694365,2.5915713,3.2862678,0.035751972,6.3503566,1.8065181,4.4249744,212.7888
2025-06-07 07:00:00,1.9695678,2.686252,3.565687,0.27515924,6.9763074,2.0811162,4.717649,216.24898
2025-06-07 08:00:00,2.0559573,2.7592192,3.6979697,0.09549202,7.122862,2.1898847,4.958929,216.69064
2025-06-07 09:00:00,2.2248886,2.8395534,3.8730621,0.10870418,7.0599513,2.357741,5.3968687,218.07993
2025-06-07 10:00:00,2.4738657,2.4682407,3.810635,0.14271405,6.7388306,2.4232154,5.3188868,225.06522
2025-06-07 11:00:00,2.509266,2.469816,3.8487983,0.06343105,6.7194457,2.0910833,5.554796,225.45395
2025-06-07 12:00:00,2.8010616,2.5388064,4.106315,0.12040568,8.091847,2.1808274,5.961102,227.81169
2025-06-07 13:00:00,3.0185552,2.4679928,4.278868,0.15888289,8.154384,2.0312805,6.229375,230.73032
2025-06-07 14:00:00,3.1684518,2.3399296,4.3186417,0.099590205,8.013697,1.9168193,6.287881,233.5538
2025-06-07 15:00:00,3.2300973,2.2089865,4.244915,0.03732778,7.98757,1.8260112,6.2106028,235.6327
2025-06-07 16:00:00,3.2889314,2.0194743,4.1754313,0.13960941,7.070871,1.8657755,5.8731165,238.44919
2025-06-07 17:00:00,3.11632,1.8833606,3.9328225,0.120618984,6.2012086,1.9660593,5.2441125,238.85316
2025-06-07 18:00:00,2.8561413,1.8417828,3.6502895,0.11612939,5.814025,2.0865562,4.7709093,237.18405
2025-06-07 19:00:00,2.4721437,1.9261342,3.364202,0.09705234,5.1832414,1.9649922,4.3998127,232.07658
2025-06-07 20:00:00,2.2238832,2.157182,3.2835124,0.16671635,5.2000675,1.9966974,4.208357,225.87225
2025-06-07 21:00:00,2.1078346,2.3831334,3.3356342,0.081471294,6.331515,2.1186225,4.2883487,221.49213
2025-06-07 22:00:00,2.0478883,2.2604086,3.2599502,0.1302186,6.891313,1.6560416,4.568431,222.176
2025-06-07 23:00:00,1.7078998,2.5427985,3.2706811,0.09998998,7.331063,1.6639982,4.6857247,213.88774
2025-06-08 00:00:00,1.6141378,2.813875,3.4639654,0.08685206,8.324997,1.6860259,5.2954993,209.8401
2025-06-08 01:00:00,1.6429138,2.9492126,3.6377614,0.070072696,8.391279,1.615007,5.710025,209.12082
2025-06-08 02:00:00,1.7675357,2.969895,3.8159435,0.05558612,7.7598195,1.5952418,6.1836233,210.75903
2025-06-08 03:00:00,1.9436184,2.9301853,4.0340466,0.05936631,8.088085,1.6908312,6.6423936,213.55667
2025-06-08 04:00:00,2.1643372,2.7864635,4.2730584,0.10578955,8.406663,1.8198196,6.9042377,217.83766
2025-06-08 05:00:00,2.5224495,2.5566888,4.610333,0.15953708,9.779075,2.09232,6.963356,224.61377
2025-06-08 06:00:00,2.8633084,2.2119174,4.817609,0.053247403,10.449347,2.2735577,6.8922014,232.31377
2025-06-08 07:00:00,3.2607298,2.0031214,5.078174,0.16269879,9.05419,2.4331264,6.8703165,238.43689
2025-06-08 08:00:00,3.695296,1.689037,5.322525,0.42421386,9.251442,2.5841842,7.210514,245.43593
2025-06-08 09:00:00,4.1579037,1.3392416,5.5091953,0.26430538,8.890646,2.8188088,7.4173465,252.14648
2025-06-08 10:00:00,4.444526,0.93980366,5.5216117,0.25712308,9.064195,3.2426023,7.178275,258.06058
2025-06-08 11:00:00,5.0341544,0.7701845,5.9784403,0.4976021,9.973276,4.089883,7.84233,261.30167
2025-06-08 12:00:00,5.643294,0.46275908,6.3394575,0.73149085,10.022298,4.4711657,8.14844,265.31213
2025-06-08 13:00:00,6.0877743,0.083807044,6.576379,0.7495008,9.506768,5.048607,8.259229,269.2113
2025-06-08 14:00:00,6.39378,-0.37594894,6.782497,0.88117164,9.305144,5.471902,8.26937,273.36508
2025-06-08 15:00:00,6.4386616,-0.7795806,6.7942653,1.1901284,10.101487,5.322589,8.339531,276.90366
2025-06-08 16:00:00,6.2853703,-1.0318686,6.602504,1.0730789,10.208034,4.9988914,8.069914,279.3231
2025-06-08 17:00:00,5.9682417,-1.194545,6.2732196,1.6693803,11.439451,4.370216,7.9240355,281.3182
2025-06-08 18:00:00,5.490462,-1.2016177,5.7940173,1.2592132,12.13764,3.882368,7.9869967,282.34485
2025-06-08 19:00:00,5.1140094,-1.1123265,5.3966317,1.0074021,11.980119,3.0342388,8.173102,282.27103
2025-06-08 20:00:00,4.8171296,-0.89073634,5.0564876,0.60631967,11.726379,2.3203065,8.032377,280.47626
2025-06-08 21:00:00,4.6684675,-0.62582934,4.87161,0.43606913,11.585777,2.0826755,8.11565,277.63525
2025-06-08 22:00:00,4.429017,-0.5012203,4.648431,0.035535257,12.315248,1.6736238,8.19265,276.45654
2025-06-08 23:00:00,4.2926908,-0.20016274,4.512863,0.1883619,12.282296,1.5566096,8.3505745,272.6697
2025-06-09 00:00:00,4.211749,-0.062561035,4.4536066,0.11851909,12.46233,1.5367755,8.393546,270.851
2025-06-09 01:00:00,4.0660977,0.070866354,4.358881,0.24043594,12.3435335,1.5150406,8.153769,269.00153
2025-06-09 02:00:00,3.8718674,0.15980612,4.234665,0.24221046,12.391741,1.5281558,7.8659997,267.63654
2025-06-09 03:00:00,3.6857035,0.2631737,4.109964,0.14443928,12.737163,1.5080947,7.31334,265.9158
2025-06-09 04:00:00,3.5198178,0.40173504,3.989663,0.10816136,13.009922,1.3264303,6.750181,263.4887
2025-06-09 05:00:00,3.37593,0.55633795,3.8763502,0.029655036,12.816928,1.2835683,6.2642264,260.64203
2025-06-09 06:00:00,3.5920913,0.50878125,4.031765,0.059303436,12.567939,1.0700675,6.1653633,261.9383
2025-06-09 07:00:00,3.777484,0.41185823,4.1423235,0.11503396,12.150291,1.1175786,6.090492,263.77762
2025-06-09 08:00:00,3.9405398,0.34298912,4.225613,0.12658226,11.9533,1.1653829,6.2206116,265.02545
2025-06-09 09:00:00,4.0819554,0.31979454,4.318125,0.03508882,12.022057,1.3345013,6.3348494,265.5204
2025-06-09 10:00:00,3.4902978,0.6125463,3.8481874,0.02232863,11.106898,1.225797,6.2785254,260.046
2025-06-09 11:00:00,3.5933006,0.69487286,3.9535222,0.19377553,11.833048,1.4332793,7.127726,259.05524
2025-06-09 12:00:00,3.6675375,0.60865456,4.0233107,0.25964653,12.189906,1.4902757,7.242615,260.57724
2025-06-09 13:00:00,3.6354342,0.49447137,4.029663,0.20767862,12.134445,1.5722858,7.236637,262.2545
2025-06-09 14:00:00,3.5074537,0.3541404,3.9153986,0.2554341,11.770403,1.5331643,7.0135865,264.2345
2025-06-09 15:00:00,3.3005977,0.24734826,3.726798,0.31013528,11.313554,1.4452636,6.587814,265.71423
2025-06-09 16:00:00,3.0296178,0.18835531,3.5018609,0.41976985,11.167005,1.4194843,6.4211707,266.4424
2025-06-09 17:00:00,2.5450034,0.14111286,3.1028633,0.44043508,10.640626,1.3400422,6.0377555,266.82635
2025-06-09 18:00:00,1.8173404,0.26209444,2.4555714,0.07293683,10.114733,0.92201376,5.5480733,261.79346
2025-06-09 19:00:00,1.2236167,0.4822825,2.2322278,0.028326267,9.380872,1.115394,4.9020495,248.48837
2025-06-09 20:00:00,0.77763116,0.9051992,2.2494743,0.2149268,8.4258375,1.0873473,4.8516974,220.66495
2025-06-09 21:00:00,0.5644218,1.3518925,2.3541114,0.03384255,7.687675,1.2693124,4.813915,202.66078
2025-06-09 22:00:00,0.5859041,1.8762063,2.517617,0.13740842,7.733443,1.3152659,5.070377,197.34262
2025-06-09 23:00:00,0.60260546,2.1119034,2.6643898,0.10337625,8.946473,1.3951695,5.3457513,195.92545
2025-06-10 00:00:00,0.63792294,2.2431765,2.7733698,0.14774838,9.105278,1.369218,5.5097814,195.87491
2025-06-10 01:00:00,0.6869243,2.3701816,2.8706107,0.039873526,8.983395,1.3153496,5.805991,196.16261
2025-06-10 02:00:00,0.6765908,2.5059943,2.9435687,0.07364976,9.2987385,1.312491,5.6774893,195.10898
2025-06-10 03:00:00,0.69777125,2.6893141,3.0444202,0.052176647,9.932003,1.3522768,5.6611176,194.54527
2025-06-10 04:00:00,0.7505609,2.8876264,3.1991112,0.22920443,10.804946,1.2986465,5.826743,194.5701
2025-06-10 05:00:00,0.9171316,3.208968,3.5378096,0.2774376,10.967663,1.5000031,6.0797997,195.95009
2025-06-10 06:00:00,1.1313497,3.2742858,3.6152983,0.2307822,11.165501,1.2550477,6.477069,199.06134
2025-06-10 07:00:00,1.5825628,3.4338555,3.9490457,0.31183404,11.544795,1.2179867,6.9787374,204.74359
2025-06-10 08:00:00,2.1123815,3.4648998,4.2912583,0.18048617,11.827109,1.3335631,7.202025,211.36864
2025-06-10 09:00:00,2.7882454,3.4294167,4.733868,0.047151115,11.81914,1.64946,7.611013,219.11243
2025-06-10 10:00:00,3.1317196,2.967701,4.6490145,0.24590695,11.424916,1.4913296,7.2199244,226.54036
2025-06-10 11:00:00,3.6790025,2.8925889,5.0283885,0.22125316,11.342368,2.0041695,7.5441766,231.82407
2025-06-10 12:00:00,4.1038957,2.7007864,5.2588725,0.13900581,11.579596,2.4284832,7.563462,236.65097
2025-06-10 13:00:00,4.3533792,2.3034844,5.2969546,0.5553864,11.607043,2.8066578,7.688054,242.11554
2025-06-10 14:00:00,4.6342306,1.799944,5.361058,0.5072816,12.224992,3.111087,7.8546333,248.77374
2025-06-10 15:00:00,4.7334666,1.2048014,5.308723,0.51654625,11.98532,3.1676486,7.981476,255.71982
2025-06-10 16:00:00,4.707903,0.5684142,5.2020736,0.2274266,12.023535,3.0230882,7.882262,263.11566
2025-06-10 17:00:00,4.508813,0.033481084,4.9844465,0.1303777,12.318119,2.4914439,7.6533637,269.57455
2025-06-10 18:00:00,4.393941,-0.36575153,4.847926,0.16915527,12.6030445,1.9489697,7.5998063,274.75833
2025-06-10 19:00:00,4.1982703,-0.61758256,4.6739244,0.46882868,12.345567,2.0020826,7.5033712,278.3684
2025-06-10 20:00:00,4.077344,-0.82861245,4.5736847,0.15864457,11.185853,2.0246406,7.4167585,281.48743
2025-06-10 21:00:00,4.01075,-1.0515182,4.543074,0.43871626,10.50644,2.0756693,7.572528,284.6909
2025-06-10 22:00:00,3.6810184,-1.006654,4.1269083,0.22265787,10.969075,2.1139572,7.1664333,285.2948
2025-06-10 23:00:00,3.6588,-1.1607002,4.1364174,0.31838292,10.820642,1.9748286,7.5073085,287.60086
2025-06-11 00:00:00,3.5864134,-1.34165,4.0936084,0.21717514,10.423347,1.791892,7.4647255,290.51044
2025-06-11 01:00:00,3.5549679,-1.519288,4.126,0.13081665,10.965886,1.6822143,7.49205,293.14044
2025-06-11 02:00:00,3.4355156,-1.7338183,4.1154623,0.10314212,12.274675,1.6361554,7.684779,296.77893
2025-06-11 03:00:00,3.249875,-1.8185507,3.99211,0.23838185,12.323994,1.4886423,7.618724,299.23032
2025-06-11 04:00:00,3.0778759,-1.8124014,3.878218,0.16073951,11.842435,1.3600686,7.570579,300.49164
2025-06-11 05:00:00,2.8878212,-1.9523307,3.8638356,0.20139597,11.895668,1.2885565,7.454348,304.0609
2025-06-11 06:00:00,2.8067892,-2.4830763,4.1681952,0.115076244,12.008457,1.354641,7.7330713,311.49817
2025-06-11 07:00:00,2.4638255,-2.5242033,4.0555506,0.0932816,11.601215,1.4163235,7.5148864,315.6935
2025-06-11 08:00:00,2.3504622,-2.3050938,3.833634,0.3500088,11.05573,1.268022,7.2840676,314.44168
2025-06-11 09:00:00,2.3790894,-2.0797312,3.6655302,0.075001605,10.510522,1.211141,6.9243116,311.15903
2025-06-11 10:00:00,2.0730042,-1.7053878,3.2712624,0.073856235,9.875132,1.1042904,6.165044,309.44293
2025-06-11 11:00:00,2.058561,-1.6375362,3.2806158,0.14983162,9.86596,1.0889202,5.980766,308.5014
2025-06-11 12:00:00,2.0172334,-1.6573251,3.2665849,0.35455337,10.0515785,1.1134665,5.92315,309.40594
2025-06-11 13:00:00,1.8628718,-1.7926037,3.2711353,0.55747,10.242521,1.3039552,5.9443374,313.89874
2025-06-11 14:00:00,1.6121517,-1.9934556,3.3361707,0.7649133,10.291163,1.610565,5.896392,321.03677
2025-06-11 15:00:00,1.1792195,-2.1154423,3.3468258,1.2079356,10.212194,1.8998945,5.6477847,330.86322
2025-06-11 16:00:00,0.75176096,-2.1986897,3.3523579,1.4349725,9.849288,2.0785303,5.305097,341.12375
2025-06-11 17:00:00,0.28701082,-2.2364163,3.3084433,1.1280895,9.199866,2.1015482,4.9035926,352.6869
2025-06-11 18:00:00,-0.0570588,-1.9807624,2.918651,0.24418806,8.754002,1.6500642,4.375529,1.6500244
2025-06-11 19:00:00,-0.3692862,-1.8438885,2.7718062,0.25738338,8.362186,1.5730586,3.9836023,11.325134
2025-06-11 20:00:00,-0.7351289,-1.6927255,2.799563,0.5116193,8.094444,1.7016665,4.0408387,23.47467
2025-06-11 21:00:00,-1.0020789,-1.4867294,2.7996898,0.23291248,7.81607,1.6551937,4.0900707,33.98059
2025-06-11 22:00:00,-1.0510724,-1.3340524,2.6784215,0.14775887,8.03924,1.574191,3.9456933,38.233826
2025-06-11 23:00:00,-1.2409832,-1.1485208,2.6798112,0.11624299,7.635157,1.487532,4.0350094,47.215973
2025-06-12 00:00:00,-1.4367139,-1.0443714,2.725705,0.06044742,7.558768,1.4321035,4.111485,53.985962
2025-06-12 01:00:00,-1.5903114,-0.9394746,2.7078342,0.24024622,7.2236323,1.4410672,4.110497,59.42758
2025-06-12 02:00:00,-1.7822266,-0.85379976,2.7172606,0.2293539,7.2035594,1.4587942,4.2663274,64.40259
2025-06-12 03:00:00,-1.9665304,-0.75958747,2.7332776,0.084212735,7.651212,1.3465078,4.31301,68.880554
2025-06-12 04:00:00,-2.1589372,-0.62505734,2.7704077,0.07869232,7.9275236,1.3314494,4.284476,73.85315
2025-06-12 05:00:00,-2.4041815,-0.47731307,2.886174,0.14595631,7.9777403,1.3803262,4.427301,78.77081
2025-06-12 06:00:00,-2.561815,-0.18767403,2.9174426,0.12968889,8.037912,1.3790168,4.4559164,85.81009
2025-06-12 07:00:00,-2.7956927,0.13630882,3.095268,0.19250375,8.163899,1.4988196,4.7010207,92.79135
2025-06-12 08:00:00,-2.8521366,0.3360633,3.1546779,0.07331149,8.150646,1.3880516,4.806777,96.72011
2025-06-12 09:00:00,-2.9518516,0.3909739,3.2753773,0.081393376,8.421451,1.4550397,5.001926,97.54495
2025-06-12 10:00:00,-3.0147636,0.34937677,3.2874386,0.15599366,8.201114,1.6391745,4.7637787,96.61046
2025-06-12 11:00:00,-3.2433171,0.3120946,3.5485709,0.3236884,8.508502,1.7588696,5.3131447,95.49649
2025-06-12 12:00:00,-3.292989,0.32516354,3.668691,0.19623306,8.716708,1.8877916,5.582793,95.63934
2025-06-12 13:00:00,-3.350948,0.3155332,3.7467766,0.0574414,9.4099045,1.9792669,5.625972,95.37926
2025-06-12 14:00:00,-3.4367561,0.29532602,3.821843,0.22516713,9.662545,1.9562252,5.6275344,94.91145
2025-06-12 15:00:00,-3.5156183,0.32596236,3.875899,0.5053,9.88224,1.9867356,5.739192,95.29724
2025-06-12 16:00:00,-3.5774066,0.3259805,3.910696,0.43612558,10.426091,2.0534706,5.675631,95.20653
2025-06-12 17:00:00,-3.4094324,0.15443544,3.6834033,0.48499063,10.580218,1.9923611,5.4945564,92.59354
2025-06-12 18:00:00,-3.2670758,0.053019755,3.5029833,0.23640534,10.486365,1.713393,5.459197,90.92976
2025-06-12 19:00:00,-3.369769,0.12809548,3.614163,0.22611398,10.752138,1.9051374,5.537161,92.176956
2025-06-12 20:00:00,-3.5370128,0.40969107,3.788443,0.21828054,10.7842655,1.988574,5.7267118,96.60712
2025-06-12 21:00:00,-3.5469806,0.7131777,3.8557541,0.30592147,10.578267,1.9367151,6.0355325,101.36867
2025-06-12 22:00:00,-3.479235,0.84851897,3.8216,0.06917233,10.995248,1.8599042,6.251755,103.70581
2025-06-12 23:00:00,-3.4189963,1.0660434,3.8069153,0.04139257,11.050739,1.7869607,6.0374227,107.317505
2025-06-13 00:00:00,-3.3252435,1.1603382,3.7631295,0.19085842,11.334053,1.5879983,6.063983,109.23636
2025-06-13 01:00:00,-3.2578611,1.1742009,3.7008796,0.37105453,11.35639,1.5927362,6.2408957,109.82024
2025-06-13 02:00:00,-3.1748483,1.1774226,3.6119604,0.28812426,11.266513,1.5277516,6.2432895,110.34778
2025-06-13 03:00:00,-3.1182919,1.1489283,3.5539765,0.12628771,11.352403,1.5303974,6.3154826,110.22623
2025-06-13 04:00:00,-3.104005,1.1747115,3.5588067,0.095845975,11.360911,1.3368506,6.564392,110.72916
2025-06-13 05:00:00,-3.2174246,1.24058,3.690515,0.03752383,11.414992,1.4136467,6.628408,111.08574
2025-06-13 06:00:00,-3.1691437,1.3002262,3.609306,0.07774387,11.265056,1.3997455,6.4482784,112.307205
2025-06-13 07:00:00,-3.2425284,1.3938698,3.6859539,0.004244934,11.04105,1.2794982,6.5741477,113.26149
2025-06-13 08:00:00,-3.2902782,1.3374552,3.73303,0.19998415,10.92605,1.4345342,6.543068,112.12111
2025-06-13 09:00:00,-3.3976119,1.2232196,3.805845,0.43118146,10.52041,1.6689593,6.7997885,109.800064
2025-06-13 10:00:00,-3.200562,0.8298839,3.5667884,0.24325114,9.345224,1.7513719,6.2547126,104.536285
2025-06-13 11:00:00,-3.4573376,0.7094541,3.8016815,0.5130428,9.73184,2.0207744,6.702334,101.59627
2025-06-13 12:00:00,-3.6028929,0.67598665,3.946735,0.5279653,9.894886,2.1994038,6.8409305,100.626495
2025-06-13 13:00:00,-3.7029254,0.6219441,4.0376935,0.16828462,10.240518,2.3269987,6.74331,99.534424
2025-06-13 14:00:00,-3.8238027,0.5514617,4.1134324,0.53478515,9.951907,2.497935,6.9474792,98.20651
2025-06-13 15:00:00,-3.9237304,0.55584055,4.17085,0.7559091,9.535419,2.613142,6.843828,98.06294
2025-06-13 16:00:00,-3.968724,0.49583352,4.176298,0.34880254,9.410515,2.556245,6.7385793,97.12138
2025-06-13 17:00:00,-3.7254238,0.2801427,3.887607,0.69144976,9.761405,2.17506,6.666719,94.300415
2025-06-13 18:00:00,-3.6152954,0.21040015,3.7428887,0.33507645,9.973913,1.9253331,6.6287947,93.3307
2025-06-13 19:00:00,-3.6814253,0.32896587,3.8011718,0.13457407,10.0676775,2.1461222,6.8243623,95.10629
2025-06-13 20:00:00,-3.8186872,0.64951265,3.966024,0.42074367,9.963139,2.245157,6.7242155,99.652954
2025-06-13 21:00:00,-3.7977126,0.9610781,4.018079,0.7728711,9.723832,2.2082243,6.6976857,104.20155
2025-06-13 22:00:00,-3.5632873,1.0434376,3.8423743,0.19878198,9.660288,2.085747,6.6392984,106.321625
2025-06-13 23:00:00,-3.413413,1.2768489,3.8048134,0.25492,9.92173,1.921881,6.736476,110.50923
2025-06-14 00:00:00,-3.2807884,1.4126751,3.746504,0.18110976,9.724672,1.8378538,6.75005,113.29625
2025-06-14 01:00:00,-3.1405234,1.4575995,3.6834989,0.025866829,9.567383,1.760382,6.843264,114.89726
2025-06-14 02:00:00,-3.0207644,1.51458,3.637732,0.17175308,9.678081,1.6627262,6.658637,116.62872
2025-06-14 03:00:00,-2.8571856,1.5257543,3.5455384,0.1580559,10.006891,1.6047525,6.5463448,118.10249
2025-06-14 04:00:00,-2.765305,1.5843217,3.4503827,0.12274392,10.290993,1.4167944,6.492077,119.80963
2025-06-14 05:00:00,-2.8317838,1.7482402,3.6222007,0.13688661,10.215763,1.4960493,6.6863937,121.68968
2025-06-14 06:00:00,-2.8121083,1.9177266,3.6825676,0.1542209,10.340607,1.367248,6.6510134,124.292175
2025-06-14 07:00:00,-2.7963343,2.1567457,3.8262815,0.15234546,10.36131,1.1225494,6.8939548,127.64215
2025-06-14 08:00:00,-2.682914,2.317637,3.9930613,0.18603608,10.629798,1.2427795,7.0913086,130.82211
2025-06-14 09:00:00,-2.45126,2.4095268,4.0839763,0.18577291,10.530976,1.5563116,7.1185455,134.5081
2025-06-14 10:00:00,-2.0984638,1.831348,3.5492084,0.31471288,9.323787,1.5556529,6.401372,131.1115
2025-06-14 11:00:00,-1.9914489,1.8182542,3.7098756,0.103711836,9.73687,1.704265,6.64618,132.39705
2025-06-14 12:00:00,-1.7220117,1.7598225,3.7252016,0.39650118,10.11172,1.7182755,6.295219,135.62218
2025-06-14 13:00:00,-1.4253812,1.6072083,3.6654944,0.25387517,10.297294,1.6947765,5.871095,138.43121
2025-06-14 14:00:00,-1.2648909,1.3623567,3.572092,0.1415268,10.4843445,1.8017544,5.550689,137.12459
2025-06-14 15:00:00,-1.1531739,1.1350143,3.3204753,0.031430833,10.009951,1.5214441,5.030952,134.5453
2025-06-14 16:00:00,-1.0798343,0.8989468,3.06354,0.11923045,10.466022,1.255838,4.657596,129.7769
2025-06-14 17:00:00,-1.046762,0.580359,2.6852949,0.10064427,10.253795,1.0024438,4.5116096,119.00543
2025-06-14 18:00:00,-1.0305897,0.46266505,2.495981,0.117808275,9.155469,0.82730526,4.3626666,114.176865
2025-06-14 19:00:00,-1.0574864,0.5384913,2.644275,0.01775217,9.138966,1.0841888,4.547927,116.98602
2025-06-14 20:00:00,-0.9138773,0.71704966,2.7946303,0.23130643,8.809777,1.1668451,4.816001,128.11858
2025-06-14 21:00:00,-0.63861,0.8136601,2.8681388,0.15783778,8.484087,1.1600039,5.446467,141.87302
2025-06-14 22:00:00,-0.3581275,0.964075,2.9010003,0.13177206,7.7789297,1.4532832,4.9928236,159.62134
2025-06-14 23:00:00,-0.24439755,0.9108132,2.8214986,0.17498949,7.3039713,1.4398865,5.0237885,164.9797
2025-06-15 00:00:00,-0.07430494,0.8294187,2.6373756,0.112068124,7.177097,1.2158191,4.808632,174.88074
2025-06-15 01:00:00,0.059933223,0.7270689,2.513927,0.08216262,6.736155,1.0711325,4.615815,184.71231
2025-06-15 02:00:00,0.1994464,0.722954,2.4730365,0.1560326,6.603515,1.0918664,4.3899217,195.42297
2025-06-15 03:00:00,0.31534186,0.74761635,2.430937,0.06518964,6.9889836,1.2023069,4.0852766,202.86984
2025-06-15 04:00:00,0.4568964,0.8332647,2.4281454,0.17787936,7.5101905,1.1287451,4.140982,208.73688
2025-06-15 05:00:00,0.57136536,0.8517493,2.5132325,0.07656003,7.4122734,1.1244147,4.3683095,213.85426
2025-06-15 06:00:00,0.69675136,0.7682029,2.4013343,0.09769268,7.3392797,0.86373943,4.341347,222.20767
2025-06-15 07:00:00,0.9005671,0.7115565,2.431634,0.09828936,7.3165493,0.83983874,4.2925406,231.68701
2025-06-15 08:00:00,1.1248672,0.6082933,2.5181022,0.023877373,6.9739094,0.831621,4.27381,241.59686
2025-06-15 09:00:00,1.4216251,0.4577113,2.6450622,0.093714945,6.950037,0.92228246,4.3781276,252.15334
2025-06-15 10:00:00,1.2825351,0.11388954,2.538577,0.049729433,6.7161794,0.9774936,4.55622,264.9254
2025-06-15 11:00:00,1.7326717,-0.06725373,2.7856054,0.015723314,7.0235143,1.123682,4.8086443,272.2228
2025-06-15 12:00:00,2.0592082,-0.32685605,2.988903,0.12189125,6.4145937,1.4261605,4.8729954,279.01926
2025-06-15 13:00:00,2.4744098,-0.70186305,3.2879605,0.08507456,7.083909,1.6489094,5.068959,285.8359
2025-06-15 14:00:00,2.799891,-1.1080792,3.557966,0.08301025,7.809327,1.596947,5.4641423,291.59158
2025-06-15 15:00:00,3.0387733,-1.5203874,3.8298476,0.09878901,8.325565,1.7517884,5.7872972,296.58014
2025-06-15 16:00:00,3.0548286,-1.8605305,3.915511,0.24260916,9.022083,2.0690184,5.7704964,301.34332
2025-06-15 17:00:00,2.8888216,-1.9713011,3.7917147,0.08036954,8.479021,2.1765778,5.6346908,304.3092
2025-06-15 18:00:00,2.7959487,-1.935052,3.6682117,0.14742687,8.266539,2.1329017,5.5540657,304.68677
2025-06-15 19:00:00,2.8060257,-1.8579279,3.6052518,0.05158511,8.2532,2.0682251,5.6813364,303.50937
2025-06-15 20:00:00,2.8816297,-1.7616998,3.572364,0.027519343,8.326883,1.9155896,6.0787964,301.43976
2025-06-15 21:00:00,3.0266774,-1.717312,3.6837351,0.03808232,9.884135,2.1176424,6.1933045,299.57022
2025-06-15 22:00:00,2.7660758,-1.410202,3.3435023,0.13653745,7.7874103,1.6619734,5.99149,297.01343
2025-06-15 23:00:00,3.0138776,-1.3421111,3.5119119,0.2595506,8.517041,1.7825388,6.38309,294.0039
2025-06-16 00:00:00,3.1399074,-1.3602905,3.6260521,0.4720684,9.41003,1.5742949,6.793614,293.42352
2025-06-16 01:00:00,3.2086678,-1.4299432,3.703237,0.2067533,9.690946,1.570962,6.7100835,294.02014
2025-06-16 02:00:00,3.2280195,-1.4821926,3.7371979,0.39887255,9.14569,1.6254461,6.3442335,294.6629
2025-06-16 03:00:00,3.1545174,-1.468333,3.6816473,0.44699818,8.793705,1.6368048,5.904286,294.96057
2025-06-16 04:00:00,3.1523693,-1.4934136,3.703086,0.716284,9.247378,1.5819165,5.8036504,295.34894
2025-06-16 05:00:00,3.203589,-1.6289037,3.856008,0.9554054,10.114149,1.6742051,6.0688653,296.9516
2025-06-16 06:00:00,3.2633202,-1.9550731,4.101829,0.8313945,10.609479,1.7782083,6.091992,300.92606
2025-06-16 07:00:00,3.1625671,-2.1094508,4.1702833,1.2319494,10.193781,2.013024,6.1172695,303.70352
2025-06-16 08:00:00,3.125899,-2.1869667,4.2511954,1.1854286,10.349683,2.1577327,6.3514132,304.97772
2025-06-16 09:00:00,3.114645,-2.2212653,4.306277,1.0533823,10.579622,2.1361017,6.3113446,305.49524
2025-06-16 10:00:00,2.612734,-1.8551842,3.7534022,0.26957536,9.648014,1.8075416,6.061095,305.37683
2025-06-16 11:00:00,2.8779829,-1.9533654,4.037084,0.6581925,9.610491,2.125602,6.664891,304.1658
2025-06-16 12:00:00,2.959402,-2.122146,4.207109,0.69976574,9.892726,2.2997997,6.732567,305.64377
2025-06-16 13:00:00,2.9722946,-2.2500215,4.2912445,1.1746466,10.364898,2.4520636,6.6438117,307.12564
2025-06-16 14:00:00,2.9016197,-2.3445868,4.3239317,1.4596424,10.576597,2.5921469,6.7385926,308.93915
2025-06-16 15:00:00,2.7429476,-2.3328424,4.2480187,1.4422654,10.628196,2.5888016,6.74742,310.38074
2025-06-16 16:00:00,2.55812,-2.3072472,4.1352067,1.2007961,10.908491,2.4488316,6.5360746,312.04828
2025-06-16 17:00:00,2.2455268,-2.0842612,3.7633903,0.51697177,10.584527,2.1746314,6.1746283,312.86697
2025-06-16 18:00:00,1.9326782,-1.6715596,3.2049327,0.06070103,10.064426,1.5860579,5.7975817,310.8563
2025-06-16 19:00:00,1.733019,-1.3480518,2.836113,0.23015712,10.086394,1.2936776,5.429511,307.87802
2025-06-16 20:00:00,1.5777122,-1.2207175,2.7405677,0.055953067,10.495384,1.3778706,4.912323,307.73007
2025-06-16 21:00:00,1.5227352,-1.0769687,2.6908007,0.09923401,10.496809,1.3374472,4.7605762,305.2702
2025-06-16 22:00:00,1.5676394,-0.8686713,2.642127,0.226992,10.674552,1.1545453,5.281399,298.992
2025-06-16 23:00:00,1.451981,-0.8229448,2.6120422,0.224642,10.145568,1.1389594,5.234562,299.54343
2025-06-17 00:00:00,1.3530384,-0.8193834,2.5488474,0.18176056,9.482253,1.1098689,5.0907965,301.19858
2025-06-17 01:00:00,1.2364101,-0.6826135,2.4204688,0.10894676,9.487173,0.9329966,4.8507524,298.90277
2025-06-17 02:00:00,1.1221005,-0.50378007,2.3645835,0.16224772,9.8716135,0.91359097,4.867915,294.17825
2025-06-17 03:00:00,1.0597868,-0.31486884,2.3383012,0.09978766,9.9011135,0.9357426,5.027861,286.547
2025-06-17 04:00:00,1.0058763,-0.15559469,2.3006563,0.08825091,9.939693,0.78718203,5.352528,278.79315
2025-06-17 05:00:00,0.9743949,-0.13684948,2.3966923,0.11503129,9.343037,0.8687969,5.5785594,277.99466
2025-06-17 06:00:00,0.9932717,-0.1346254,2.276222,0.02116843,9.253538,0.65575224,5.493378,277.7187
2025-06-17 07:00:00,0.93551964,-0.009096713,2.45886,0.16209404,8.526772,0.7997675,5.355405,270.5571
2025-06-17 08:00:00,1.0604846,0.06028335,2.760877,0.07840469,8.462075,0.9215366,5.3402042,266.74652
2025-06-17 09:00:00,1.1232378,0.015341681,2.9660265,0.020159915,8.706474,1.0887085,5.2850003,269.21747
2025-06-17 10:00:00,0.8296789,0.19173618,2.7834496,0.01924907,8.779962,0.77141345,5.2424216,256.98755
2025-06-17 11:00:00,1.0184895,0.07756166,2.8928618,0.022400921,9.06927,0.8787615,5.481181,265.6451
2025-06-17 12:00:00,1.0905527,-0.06310994,2.945394,0.06861425,9.077711,0.9840399,5.707465,273.31198
2025-06-17 13:00:00,1.160993,-0.19878614,2.9914904,0.1006288,9.327639,1.0595653,5.88769,279.716
2025-06-17 14:00:00,1.1773665,-0.3028618,3.0165946,0.07420489,9.6680155,1.0618248,6.04267,284.4258
2025-06-17 15:00:00,1.1864389,-0.39820656,2.980477,0.03352389,9.76316,1.0637318,6.00118,288.55338
2025-06-17 16:00:00,1.1802834,-0.4568494,2.9191995,0.033156425,9.545291,1.1517849,5.7579565,291.1598
2025-06-17 17:00:00,1.0795848,-0.49778584,2.7198412,0.10326866,9.237487,1.2200581,5.520336,294.75397
2025-06-17 18:00:00,1.0008067,-0.40930012,2.2850015,0.041845564,9.144979,0.94680756,5.446314,292.2431
2025-06-17 19:00:00,0.97748667,-0.40034857,2.3377943,0.097878754,9.251639,1.1731197,5.399267,292.2725
2025-06-17 20:00:00,0.9750461,-0.28341758,2.3829815,0.200088,9.318261,1.1081158,5.072822,286.2076
2025-06-17 21:00:00,0.99986595,-0.117944255,2.3624287,0.075739734,9.31247,1.1163057,4.8480115,276.72754
2025-06-17 22:00:00,1.1035606,-0.020767624,2.2646437,0.09442066,9.276549,0.9645472,4.7937636,271.0781
2025-06-17 23:00:00,1.1570624,0.13702516,2.2867746,0.03413465,9.355501,1.0058963,4.9639297,263.24622
2025-06-18 00:00:00,1.3070278,0.17663409,2.2818327,0.14582667,9.070251,0.927705,4.9845877,262.3036
2025-06-18 01:00:00,1.3837156,0.18548542,2.2570314,0.03433681,9.459294,0.86241674,5.039885,262.36508
2025-06-18 02:00:00,1.4887927,0.18804766,2.269929,0.033903547,9.6838,0.8009151,5.058362,262.80115
2025-06-18 03:00:00,1.5722888,0.16016904,2.2807322,0.029696383,9.413475,0.82696563,5.05323,264.18335
2025-06-18 04:00:00,1.6547934,0.111446895,2.2747526,0.1391973,9.183266,0.7534477,5.0178537,266.14706
2025-06-18 05:00:00,1.7406727,0.10554133,2.3502696,0.06233731,8.942452,0.7371338,4.896015,266.53027
2025-06-18 06:00:00,1.7804285,-0.17027241,2.1934004,0.041140106,8.766955,0.489622,5.1294055,275.4629
2025-06-18 07:00:00,1.9205582,-0.354632,2.297687,0.020887682,8.555748,0.4045322,4.999806,280.46185
2025-06-18 08:00:00,2.119269,-0.54484683,2.5203893,0.030092735,8.753869,0.53875476,5.2620735,284.41803
2025-06-18 09:00:00,2.326663,-0.7907249,2.798027,0.082767226,9.222347,0.7429661,5.4824367,288.7705
2025-06-18 10:00:00,2.145769,-0.8684725,2.8679883,0.09714919,9.117377,0.9412784,5.4539304,292.035
2025-06-18 11:00:00,2.3948357,-1.0708284,3.1210592,0.07666083,9.923702,1.1627257,5.5834374,294.09137
2025-06-18 12:00:00,2.564202,-1.291786,3.3185692,0.19909406,10.522578,1.3735641,5.807047,296.7379
2025-06-18 13:00:00,2.6895843,-1.5292944,3.4931893,0.29547337,10.837308,1.5779874,5.971331,299.6225
2025-06-18 14:00:00,2.7337122,-1.7728251,3.6170535,0.25063437,10.569765,1.6124961,6.068288,302.9636
2025-06-18 15:00:00,2.6262507,-1.986249,3.637124,0.6260879,10.148923,1.7159123,5.873869,307.10043
2025-06-18 16:00:00,2.4262865,-2.177856,3.6111422,0.77806914,9.5148115,1.7862562,6.0064244,311.91144
2025-06-18 17:00:00,2.055425,-2.1341817,3.34592,0.71124715,9.005285,1.5924709,6.0519276,316.07693
2025-06-18 18:00:00,1.7834843,-1.8576491,2.9401124,0.11551475,8.902468,1.1658494,6.0645227,316.16687
2025-06-18 19:00:00,1.6655508,-1.7090268,2.793824,0.34208125,9.050376,1.3649936,6.0310535,315.73813
2025-06-18 20:00:00,1.6436821,-1.73744,2.825809,0.16049002,9.407123,1.3734572,5.9515343,316.58838
2025-06-18 21:00:00,1.6514819,-1.7522196,2.8585343,0.07276574,9.568802,1.2529595,6.0567994,316.69525
2025-06-18 22:00:00,1.7195847,-1.5768656,2.796177,0.13094367,9.880382,1.0766506,6.085559,312.52094
2025-06-18 23:00:00,1.7569077,-1.6281354,2.8503497,0.24626853,9.666237,1.0389054,6.376881,312.8214
2025-06-19 00:00:00,1.8785264,-1.6424809,2.9338229,0.092974976,9.915101,1.0534241,6.6660347,311.16467
2025-06-19 01:00:00,1.9669746,-1.7081212,3.0406685,0.07743424,10.480369,1.112122,7.0253305,310.97107
2025-06-19 02:00:00,2.0199103,-1.7780725,3.1345713,0.23917896,11.140693,1.1885192,7.1404004,311.3566
2025-06-19 03:00:00,2.050957,-1.8531169,3.2358108,0.1078591,11.834238,1.2999262,7.4520345,312.099
2025-06-19 04:00:00,2.0672648,-1.9907486,3.3760738,0.22042008,11.9832945,1.2595752,7.7596025,313.91977
2025-06-19 05:00:00,2.0632262,-2.2116857,3.576378,0.1758521,12.073559,1.3281021,7.5878086,316.98898
2025-06-19 06:00:00,2.0289516,-2.6204674,3.8169725,0.10744285,11.743131,1.1485254,7.585575,322.25043
2025-06-19 07:00:00,1.9489577,-2.8002856,3.9831002,0.6174117,11.823003,1.5404599,7.4231434,325.16266
2025-06-19 08:00:00,2.0290883,-2.9355626,4.199933,0.93665344,11.663045,1.97112,7.5081706,325.3474
2025-06-19 09:00:00,2.190949,-3.0433497,4.3961205,1.352851,11.282611,2.3024344,7.630042,324.24936
2025-06-19 10:00:00,2.012158,-2.7954094,4.0791535,0.23802435,10.192167,2.2031682,6.980807,324.25336
2025-06-19 11:00:00,2.1911204,-3.0060804,4.3435926,0.37746504,10.907571,2.3938055,7.188251,323.91183
2025-06-19 12:00:00,2.2703683,-3.2052686,4.550632,0.66212755,11.532597,2.6407058,7.339242,324.68915
2025-06-19 13:00:00,2.1960912,-3.4419928,4.6958494,1.4401418,11.656055,2.8415027,7.380053,327.46094
2025-06-19 14:00:00,2.0259235,-3.6075048,4.7331285,1.9675878,11.336259,2.9436862,7.283748,330.68204
2025-06-19 15:00:00,1.7925729,-3.7345874,4.718779,1.9165422,10.915958,3.0064447,6.968047,334.35934
2025-06-19 16:00:00,1.5230668,-3.757337,4.6328125,1.7397434,10.456491,3.017979,6.665,337.93445
2025-06-19 17:00:00,1.1901983,-3.6364098,4.4249163,1.5146459,9.664583,2.7688608,6.3615084,341.8767
2025-06-19 18:00:00,0.8904749,-3.2763429,3.988553,0.58091855,8.936012,2.1549463,5.8087955,344.79492
2025-06-19 19:00:00,0.63959646,-2.9057097,3.6040547,0.5146569,9.048582,2.1033952,5.390615,347.58618
2025-06-19 20:00:00,0.39062253,-2.6899493,3.4115758,0.3822574,9.211108,2.0418346,5.3111677,351.73752
2025-06-19 21:00:00,0.20972256,-2.5386295,3.311402,0.21973473,9.28405,1.9554319,5.221735,355.27737
2025-06-19 22:00:00,0.25564164,-2.372518,3.1157098,0.6973607,9.040464,1.7400136,4.9308405,353.85004
2025-06-19 23:00:00,0.14255668,-2.2310383,3.0627165,0.18385978,8.708284,1.6537049,4.974193,356.34393
2025-06-20 00:00:00,0.12220063,-2.0828536,2.967541,0.10698581,8.856757,1.5803123,4.742867,356.6423
2025-06-20 01:00:00,0.12222207,-1.9240055,2.8430643,0.17912327,9.0355,1.4891505,4.5022874,356.36517
2025-06-20 02:00:00,0.13713321,-1.7968725,2.7351165,0.16591275,9.087421,1.5022597,4.2672453,355.63577
2025-06-20 03:00:00,0.15741543,-1.6988752,2.6492481,0.19477153,8.963805,1.4842724,4.163946,354.70618
2025-06-20 04:00:00,0.14233893,-1.5744802,2.5836768,0.20845501,8.541546,1.1786574,4.072757,354.8343
2025-06-20 05:00:00,0.049017828,-1.5443833,2.595201,0.19697891,8.031462,1.145025,4.166256,358.18207
2025-06-20 06:00:00,-0.14126545,-1.6185558,2.7011125,0.12362529,7.6519856,1.2440733,4.4022994,4.9880676
2025-06-20 07:00:00,-0.25604248,-1.5226152,2.6962752,0.40992984,7.505725,1.3189895,4.3180923,9.545532
2025-06-20 08:00:00,-0.14233357,-1.4423342,2.6420052,0.100067556,7.4268947,1.277419,4.169853,5.6358643
2025-06-20 09:00:00,-0.029281205,-1.5131729,2.6383016,0.16727741,7.4043665,1.2552004,4.167991,1.1085815
2025-06-20 10:00:00,-0.15303782,-1.413646,2.4194746,0.262267,6.6103635,1.1220888,3.9141974,6.17865
2025-06-20 11:00:00,-0.0983231,-1.6248235,2.5718749,0.27712554,6.6714897,1.4498082,4.051655,3.4629211
2025-06-20 12:00:00,-0.12386384,-1.7992435,2.7043316,0.42152262,7.112153,1.7439036,3.982363,3.9381409
2025-06-20 13:00:00,-0.2256313,-1.9694635,2.8342242,0.5334701,7.309831,1.9882803,3.9752948,6.5355835
2025-06-20 14:00:00,-0.34383824,-2.0780346,2.9168437,0.46080852,7.4390817,2.1179695,3.9977062,9.395203
2025-06-20 15:00:00,-0.5317383,-2.0832078,2.966706,0.34396154,7.496377,2.1283076,4.0363894,14.31897
2025-06-20 16:00:00,-0.7324128,-2.0095603,2.9876537,0.50222397,7.5976653,2.052874,4.038459,20.024994
2025-06-20 17:00:00,-0.92593837,-1.8557979,2.9291708,0.3179364,7.764548,1.8839109,3.9010391,26.516602
2025-06-20 18:00:00,-0.89673966,-1.5099578,2.5454404,0.26975992,7.6296268,1.567139,3.3947065,30.705383
2025-06-20 19:00:00,-0.8900938,-1.2776345,2.3026953,0.40301067,7.355819,1.49686,3.1867104,34.86389
2025-06-20 20:00:00,-1.1330942,-1.1161528,2.378921,0.08017202,7.227839,1.5838249,3.3447769,45.43152
2025-06-20 21:00:00,-1.295296,-0.81860024,2.4127584,0.081744075,6.937976,1.5474539,3.4751482,57.707947
2025-06-20 22:00:00,-1.2397511,-0.40773547,2.3049102,0.10025987,6.429002,1.4176073,3.4499643,71.79474
2025-06-20 23:00:00,-1.1909039,-0.10217285,2.276931,0.058742754,5.7965426,1.3068281,3.50781,85.096344
2025-06-21 00:00:00,-1.0884387,0.2021934,2.2648017,0.11625682,6.0338273,1.1605268,3.5464897,100.523575
2025-06-21 01:00:00,-0.97939444,0.39901403,2.2796757,0.103102416,6.34355,1.2620245,3.509822,112.16643
2025-06-21 02:00:00,-0.88820505,0.54261327,2.2708359,0.011496543,6.5908523,1.2835742,3.4839067,121.42119
2025-06-21 03:00:00,-0.8332272,0.63033026,2.255669,0.3971138,6.8871827,1.2895181,3.4902506,127.10724
2025-06-21 04:00:00,-0.7498012,0.6708275,2.2172804,0.13573918,7.189082,1.1431224,3.5427506,131.81818
2025-06-21 05:00:00,-0.7663649,0.8196275,2.3823087,0.0921933,7.284339,1.0864347,3.64293,136.92346
2025-06-21 06:00:00,-0.631386,0.81089413,2.2817893,0.15899545,7.5627956,0.8862018,3.794693,142.09464
2025-06-21 07:00:00,-0.5820341,0.9988878,2.4906964,0.03467139,7.9299917,1.1133583,3.8737643,149.77141
2025-06-21 08:00:00,-0.42180818,0.9816,2.5983987,0.034486353,8.412975,1.3772584,3.7460616,156.7461
2025-06-21 09:00:00,-0.33990315,0.91925913,2.6369092,0.45123076,8.970731,1.5304863,3.7644453,159.70773
2025-06-21 10:00:00,-0.5141688,0.6526386,2.5902054,0.10168807,8.7907,1.4443034,3.799707,141.76788
2025-06-21 11:00:00,-0.4230095,0.60773116,2.5480907,0.30879378,9.267297,1.3479347,3.938015,145.16028
2025-06-21 12:00:00,-0.33987758,0.49984494,2.4731781,0.3119566,9.583665,1.2034341,3.9341252,145.78564
2025-06-21 13:00:00,-0.30401486,0.3553805,2.4316661,0.3000036,9.608085,1.0839418,3.8111262,139.45424
2025-06-21 14:00:00,-0.33081797,0.2452038,2.412604,0.17414078,9.801839,0.96673703,3.854103,126.54602
2025-06-21 15:00:00,-0.3979249,0.1750311,2.4006965,0.056383424,9.8163395,0.9835237,3.7220557,113.74277
2025-06-21 16:00:00,-0.45907304,0.12820847,2.3439472,0.022398723,9.604889,1.0088795,3.583095,105.603836
2025-06-21 17:00:00,-0.5269569,0.07272298,2.2019591,0.09690946,9.343355,0.9237608,3.2080626,97.85751
2025-06-21 18:00:00,-0.4386201,-0.023742676,1.8041582,0.05127183,9.073152,0.8201888,2.8158848,86.90158
2025-06-21 19:00:00,-0.664366,0.048106015,2.0888839,0.166368,8.763275,1.1200951,2.7083073,94.14151
2025-06-21 20:00:00,-0.8370287,0.32731217,2.2932265,0.28925845,8.116387,1.2473929,3.029707,111.35753
2025-06-21 21:00:00,-0.78773046,0.66257334,2.3285105,0.10739896,7.491244,1.3068428,3.09603,130.06776
2025-06-21 22:00:00,-0.6505329,0.92437494,2.3174949,0.13873419,7.0296574,1.3225528,3.4748008,144.86388
2025-06-21 23:00:00,-0.62986094,1.0925974,2.3611834,0.11195219,6.535409,1.2839377,3.5842352,150.03741
2025-06-22 00:00:00,-0.6235962,1.2367187,2.3978422,0.18355577,7.2594485,1.232889,3.7031054,153.24118
2025-06-22 01:00:00,-0.6118985,1.3545916,2.431066,0.124765955,7.283746,1.246112,3.6610548,155.69028
2025-06-22 02:00:00,-0.58816695,1.5279179,2.4119391,0.22085594,7.568177,1.1205217,3.529293,158.94595
2025-06-22 03:00:00,-0.5815298,1.689181,2.3784928,0.18203133,7.970341,1.0556141,3.4728687,161.0031
2025-06-22 04:00:00,-0.63883764,1.8538942,2.39406,0.087503746,7.714954,0.99896073,3.6081252,160.98645
2025-06-22 05:00:00,-0.753863,2.1255972,2.5783002,0.08949518,7.7547674,1.0824265,3.8841913,160.47247
2025-06-22 06:00:00,-0.7656613,2.1939409,2.5092006,0.055453464,7.751028,0.9104651,4.205051,160.76158
2025-06-22 07:00:00,-0.6921514,2.3430276,2.5949266,0.17290936,7.9374676,0.9690795,4.346382,163.54239
2025-06-22 08:00:00,-0.5415744,2.5923116,2.835321,0.05575708,8.623505,1.0524256,4.7080226,168.19974
2025-06-22 09:00:00,-0.2800887,2.8407383,3.116803,0.025542526,9.146156,1.1897154,5.0314546,174.369
2025-06-22 10:00:00,-0.1005814,2.6982145,3.113865,0.13472551,9.665519,1.1950535,5.000583,177.86517
2025-06-22 11:00:00,0.35144496,2.7257962,3.3365347,0.13943475,9.741332,1.3077718,5.3139253,187.34679
2025-06-22 12:00:00,0.62620294,2.6924505,3.418644,0.04558402,8.74666,1.4344294,5.2395372,193.09294
2025-06-22 13:00:00,0.8131536,2.5917704,3.4291074,0.27612785,8.709792,1.5437238,5.1199446,197.41898
2025-06-22 14:00:00,1.0113316,2.5147038,3.50367,0.28370532,10.4929285,1.5820549,5.430556,201.90839
2025-06-22 15:00:00,1.3249924,2.38607,3.6444821,0.15254895,10.984522,1.6666093,5.988426,209.04355
2025-06-22 16:00:00,1.4725322,2.1023977,3.5764213,0.07290421,11.047766,1.5505736,5.996696,215.00763
2025-06-22 17:00:00,1.2271955,1.6683267,3.1632059,0.113006145,10.410213,1.3996985,5.9811006,216.33763
2025-06-22 18:00:00,0.80544674,1.3880562,2.8306842,0.13971788,9.715176,1.18373,6.108101,210.12529
2025-06-22 19:00:00,0.73578626,1.5557333,3.0122378,0.12893783,9.553748,1.7008572,5.6557403,205.31187
2025-06-22 20:00:00,0.8771461,1.7659397,3.243119,0.37620056,9.93451,1.8679596,5.2189703,206.4137
2025-06-22 21:00:00,1.1777352,1.9506551,3.434535,0.54679483,10.164629,1.9010599,5.40442,211.12207
2025-06-22 22:00:00,1.4430757,1.8675582,3.2594826,0.1856072,9.441285,1.6684159,5.0001736,217.69353
2025-06-22 23:00:00,1.7969496,1.9521221,3.3890915,0.093962595,10.079686,1.664815,5.7130356,222.62991
2025-06-23 00:00:00,2.1049488,1.9640412,3.4825976,0.30807662,10.55716,1.722956,5.7462997,226.98334
2025-06-23 01:00:00,2.2986562,1.9711148,3.6166987,0.54613805,10.598915,1.8114593,5.680755,229.38667
2025-06-23 02:00:00,2.52303,1.9738007,3.75371,0.34624505,10.416629,1.6842964,5.950942,231.96344
2025-06-23 03:00:00,2.759401,1.9502023,3.766058,0.54948926,10.095752,1.6497631,5.8341413,234.7493
2025-06-23 04:00:00,2.915464,1.9884685,3.8114686,0.2958696,10.768881,1.6219773,6.0538516,235.70438
2025-06-23 05:00:00,3.193665,2.1103692,4.01997,0.081930175,11.140493,1.8094594,6.589912,236.54333
2025-06-23 06:00:00,3.579003,2.2989342,4.413438,0.5971416,11.322285,1.8478557,7.360156,237.28577
2025-06-23 07:00:00,4.199666,2.4711993,5.023097,0.17090021,11.535146,2.225965,8.286114,239.52628
2025-06-23 08:00:00,4.8189664,2.6287804,5.624013,0.0931684,11.351532,2.8674781,8.816974,241.38722
2025-06-23 09:00:00,5.417898,2.6469688,6.19921,0.30088556,11.489631,3.1906023,8.946153,243.96172
2025-06-23 10:00:00,5.462212,1.9462899,6.0549126,0.27405486,12.359879,3.4741144,8.967157,250.38805
2025-06-23 11:00:00,5.955972,1.9539976,6.5841017,0.4506656,12.535265,3.627183,9.461071,251.8367
2025-06-23 12:00:00,6.398206,1.6162237,6.8899746,0.34137106,12.536483,3.735948,9.46298,255.82333
2025-06-23 13:00:00,6.9056168,1.0460765,7.2451386,0.88012266,12.762175,4.163224,9.83899,261.3862
2025-06-23 14:00:00,7.1556816,0.41765285,7.366368,0.43026227,13.229902,4.2975726,10.371555,266.65964
2025-06-23 15:00:00,7.299087,-0.14292082,7.4375505,0.45087656,13.256737,4.3821764,10.795061,271.12173
2025-06-23 16:00:00,7.112091,-0.61642206,7.258582,0.14136103,13.604354,4.775387,11.481986,274.95358
2025-06-23 17:00:00,6.623945,-0.8765267,6.8181615,0.028723462,13.562984,4.22739,11.447522,277.538
2025-06-23 18:00:00,6.1777434,-0.8990124,6.396241,0.14997803,14.052464,3.6693816,11.74589,278.27982
2025-06-23 19:00:00,5.602568,-0.78653735,5.8183,0.6620102,14.069027,2.9885032,11.528919,277.99146
2025-06-23 20:00:00,5.1304626,-0.54741526,5.330789,0.56617886,13.670086,2.4620836,11.078585,276.09036
2025-06-23 21:00:00,4.8003864,-0.19838364,4.9835815,0.4373574,13.521189,2.0825188,10.967825,272.3665
2025-06-23 22:00:00,4.328457,0.3226405,4.5059943,0.38569582,14.334362,1.6995301,9.918112,265.7371
2025-06-23 23:00:00,4.329158,0.56243855,4.4920454,0.572899,13.626141,1.5598712,10.5831,262.59766
2025-06-24 00:00:00,4.371731,0.7158846,4.538385,0.1784731,14.088017,1.5127629,10.653873,260.70016
2025-06-24 01:00:00,4.342422,0.8801521,4.542981,0.17075212,14.429599,1.5083188,10.868163,258.5421
2025-06-24 02:00:00,4.2045183,1.1369963,4.484744,0.114034705,14.003047,1.4299036,10.802849,254.86786
2025-06-24 03:00:00,4.098709,1.3247974,4.4484663,0.17395638,14.025456,1.4508328,10.544416,252.08797
2025-06-24 04:00:00,4.11201,1.5175979,4.530908,0.09086929,13.966107,1.4342601,10.678324,249.74268
2025-06-24 05:00:00,4.111208,1.706531,4.600371,0.14422005,14.53533,1.5403738,10.637648,247.45703
2025-06-24 06:00:00,4.789597,1.863991,5.2503424,0.35416692,14.776586,1.9060931,10.78643,248.73526
2025-06-24 07:00:00,5.588888,1.7478316,5.9197617,0.45126426,14.034521,2.5999506,10.952148,252.63379
2025-06-24 08:00:00,6.031966,1.6936035,6.3152347,0.52350384,13.845882,3.2752836,10.937573,254.31677
2025-06-24 09:00:00,6.304454,1.759157,6.60251,0.91102695,13.225162,3.9116066,10.86206,254.40909
2025-06-24 10:00:00,5.7033186,1.8155407,6.057254,1.1637746,14.19706,3.7280474,10.270004,252.34213
2025-06-24 11:00:00,5.956923,1.96251,6.3818817,1.2211814,14.487361,4.0142655,10.857373,251.76552
2025-06-24 12:00:00,6.3577833,1.8452239,6.752272,1.5263748,14.274988,4.2727222,11.419014,253.81564
2025-06-24 13:00:00,6.5571165,1.6490685,6.89506,1.7261518,13.909253,4.332617,11.070501,255.88329
2025-06-24 14:00:00,6.391392,1.411645,6.700583,0.87653613,13.698478,4.268605,10.761436,257.54523
2025-06-24 15:00:00,6.1329327,1.2258549,6.425458,0.35033998,13.594835,3.779615,10.567289,258.69666
2025-06-24 16:00:00,5.806146,1.1302156,6.090669,1.0283347,13.457546,3.1589653,10.259454,258.98465
2025-06-24 17:00:00,5.316002,1.0143206,5.5888014,0.64661133,13.5148735,2.76884,9.863941,259.1975
2025-06-24 18:00:00,4.744956,1.0059382,5.0041013,0.19911793,12.869379,1.9919666,9.9107685,258.03043
2025-06-24 19:00:00,4.2908177,1.066784,4.560244,0.044471473,12.786651,1.6864173,9.456752,256.03818
2025-06-24 20:00:00,4.0321636,1.227782,4.344113,0.25259677,12.087042,1.7052108,9.039675,253.06467
2025-06-24 21:00:00,3.9172952,1.4095157,4.292506,0.12591004,11.662507,1.733681,8.723538,250.21033
2025-06-24 22:00:00,3.766102,1.4470203,4.185445,0.059873298,12.004252,1.4665577,8.218379,248.98212
2025-06-24 23:00:00,3.7951763,1.4751488,4.2378097,0.20357805,12.248079,1.5614966,8.25909,248.75937
2025-06-25 00:00:00,3.8468075,1.4018139,4.249745,0.20271781,11.603801,1.5816146,8.172826,249.97777
2025-06-25 01:00:00,3.792974,1.3452849,4.185954,0.15816033,12.454839,1.4721864,8.026975,250.47153
2025-06-25 02:00:00,3.746149,1.3216008,4.150654,0.1265171,12.674413,1.3917918,7.7021885,250.56772
2025-06-25 03:00:00,3.714897,1.2963793,4.1292253,0.087546356,12.645199,1.3989345,7.7222195,250.76266
2025-06-25 04:00:00,3.735204,1.2504276,4.1792693,0.1582675,12.335231,1.3427607,8.007333,251.49109
2025-06-25 05:00:00,3.8184018,1.1706353,4.299832,0.107295655,13.062218,1.5659106,8.097484,252.95566
2025-06-25 06:00:00,4.0880795,0.9496967,4.5037374,0.14840284,11.704141,1.446055,8.0545635,256.92166
2025-06-25 07:00:00,4.4460278,0.61728686,4.7590075,0.054691054,11.497482,1.6759202,7.8879504,262.09558
2025-06-25 08:00:00,4.6853085,0.34824723,4.920971,0.15612027,11.0661745,1.9958513,7.5860767,265.74918
2025-06-25 09:00:00,4.8683467,0.13335852,5.0957623,0.5106062,10.832065,2.294676,7.5084705,268.43088
2025-06-25 10:00:00,4.565252,-0.10082348,4.8485126,0.28854603,10.724054,2.256795,7.306543,271.26517
2025-06-25 11:00:00,4.8945146,-0.15212971,5.1636868,0.3371254,10.351706,2.5096018,7.46146,271.78027
2025-06-25 12:00:00,5.0268927,-0.30583316,5.269038,0.44055197,10.086991,2.667316,7.6134243,273.48154
2025-06-25 13:00:00,4.9794817,-0.62092054,5.2209826,0.11028911,10.20306,2.6998646,7.4339395,277.10785
2025-06-25 14:00:00,4.7100616,-0.9001613,5.001825,0.08442869,10.305806,2.5469952,7.367811,280.81958
2025-06-25 15:00:00,4.2841263,-1.127973,4.657589,0.11740142,9.845991,2.220425,6.912689,284.7507
2025-06-25 16:00:00,3.6861556,-1.2865993,4.164944,0.11695819,9.3429165,1.7443871,6.3268037,289.2408
2025-06-25 17:00:00,2.7152297,-1.3215435,3.3948026,0.21443503,8.597382,1.284245,5.4513826,295.95288
2025-06-25 18:00:00,1.5655266,-1.209857,2.4955573,0.055359118,7.865408,0.7915233,4.1955743,307.69727
2025-06-25 19:00:00,0.7768332,-1.0242177,2.135594,0.06397481,7.088422,0.9648661,3.2278986,322.82095
2025-06-25 20:00:00,0.2784469,-0.76541054,1.9938507,0.103782766,6.355775,1.0518454,2.6063156,340.00922
2025-06-25 21:00:00,-0.108243786,-0.5282655,1.9791427,0.14749032,5.9105215,1.1417832,2.8065374,11.579834
2025-06-25 22:00:00,-0.10563289,-0.16199102,1.9024318,0.0610603,6.1766195,0.9314654,3.101557,33.108
2025-06-25 23:00:00,-0.33267996,-0.016184626,1.9952158,0.02928092,5.4900208,0.99004036,3.3504684,87.21478
2025-06-26 00:00:00,-0.40490597,0.3028453,2.0954096,0.019100409,5.8604546,0.9517792,3.6447356,126.79428
2025-06-26 01:00:00,-0.3735661,0.5529459,2.1607053,0.13618557,6.066167,0.94690317,3.8512228,145.95734
2025-06-26 02:00:00,-0.43561658,0.7749069,2.249011,0.1162455,6.8453584,1.1265978,3.887674,150.65735
2025-06-26 03:00:00,-0.57976264,1.0237014,2.3250794,0.17967004,5.738552,1.2179489,3.5260947,150.4754
2025-06-26 04:00:00,-0.6918982,1.3371195,2.3725133,0.05677409,5.6535697,1.15526,3.5805666,152.6405
2025-06-26 05:00:00,-0.7023992,1.7490222,2.5804267,0.43030894,6.3586783,1.2513893,4.083851,158.11984
2025-06-26 06:00:00,-0.4079301,2.1012669,2.7568998,0.09429593,6.785683,1.2835383,4.6365786,169.01353
2025-06-26 07:00:00,0.032805983,2.3956513,3.0755184,0.09466349,7.8820324,1.308408,5.0359654,180.78458
2025-06-26 08:00:00,0.6296473,2.4837646,3.4305158,0.18144688,8.58825,1.4694579,5.691451,194.22511
2025-06-26 09:00:00,1.1356478,2.4534364,3.7582026,0.18426642,9.078794,1.7033166,6.1451874,204.8385
2025-06-26 10:00:00,1.2818447,2.018215,3.4863427,0.23135546,7.4206514,1.7695348,5.637101,212.42117
2025-06-26 11:00:00,1.5608442,2.043354,3.720996,0.22105192,8.029832,1.9090264,5.6829414,217.37491
2025-06-26 12:00:00,1.8978082,2.0010917,3.9681854,0.16385546,8.00055,2.1833408,5.948713,223.48257
2025-06-26 13:00:00,2.3024502,1.969296,4.2170463,0.21719849,8.347639,2.0157652,6.3217597,229.45949
2025-06-26 14:00:00,2.884952,1.8807158,4.500542,0.11212369,8.602313,2.0132418,6.672796,236.89944
2025-06-26 15:00:00,3.323392,1.6081737,4.6888967,0.119167104,9.073219,2.2932112,6.791495,244.17789
2025-06-26 16:00:00,3.5727415,1.3191144,4.752542,0.17089733,9.309037,2.4001806,6.715389,249.73503
2025-06-26 17:00:00,3.9184034,1.1279082,4.876667,0.58270836,9.712719,2.5648117,6.6811113,253.94159
2025-06-26 18:00:00,4.0113163,1.0902607,4.810716,0.44559494,10.189304,2.5909367,6.436787,254.79454
2025-06-26 19:00:00,3.9730694,1.1540672,4.6438437,0.2415472,10.621329,2.352189,6.6105213,253.80287
2025-06-26 20:00:00,3.9718006,1.2836902,4.554109,0.22102648,10.967264,2.1960688,6.864747,252.08911
2025-06-26 21:00:00,4.174778,1.2465676,4.6029806,0.11137655,11.3693495,2.018293,7.5385485,253.37465
2025-06-26 22:00:00,4.1069984,1.1518176,4.4267454,0.12488954,13.094838,1.8203466,7.597692,254.33372
2025-06-26 23:00:00,4.1852536,0.9808465,4.440433,0.535,12.488552,1.8085957,8.016647,256.81033
2025-06-27 00:00:00,4.117714,0.8621187,4.358705,0.36942217,11.592913,1.7527865,8.162594,258.1749
2025-06-27 01:00:00,3.9961982,0.8359697,4.2476296,0.3547843,11.353803,1.7479683,7.888354,258.1846
2025-06-27 02:00:00,3.8762352,0.85373956,4.145836,0.15416183,10.946533,1.8675034,7.6661205,257.57895
2025-06-27 03:00:00,3.77723,0.893577,4.053805,0.19329697,10.369392,1.836614,7.678179,256.69028
2025-06-27 04:00:00,3.8786209,0.9166272,4.146189,0.053549204,10.11513,1.8403462,8.024989,256.70337
2025-06-27 05:00:00,4.0002136,0.8270907,4.230331,0.11842207,10.635685,1.9815143,8.10417,258.31805
2025-06-27 06:00:00,4.62356,0.5428248,4.756465,0.22360805,10.287144,2.0301664,7.7900844,263.3039
2025-06-27 07:00:00,4.9049797,0.17644934,4.9830585,0.40648764,10.616006,2.2843041,7.9215117,267.93976
2025-06-27 08:00:00,5.0288997,-0.028105864,5.103087,0.42002746,10.852948,2.5446527,8.179964,270.32022
2025-06-27 09:00:00,5.1094036,-0.16730355,5.193736,0.7375599,10.990355,2.7341094,8.272768,271.87543
2025-06-27 10:00:00,4.5586867,-0.28514263,4.719758,0.46929565,11.196431,2.2882385,8.422747,273.57916
2025-06-27 11:00:00,4.736037,-0.26444224,4.8946543,1.2386628,12.16073,2.7389603,8.818526,273.19586
2025-06-27 12:00:00,4.823249,-0.4630729,4.997133,1.5663075,11.4539585,2.994741,8.586409,275.48407
2025-06-27 13:00:00,4.80517,-0.6836952,5.025891,1.5823095,11.0665865,3.009315,8.614632,278.09787
2025-06-27 14:00:00,4.7082887,-0.8751687,4.9915667,1.5261272,10.934347,3.1570985,8.012681,280.52988
2025-06-27 15:00:00,4.608619,-0.9626729,4.961941,1.733021,11.248066,3.1154518,7.8724294,281.79858
2025-06-27 16:00:00,4.29546,-0.97956437,4.6946406,1.3492445,10.879203,2.8214095,7.4762006,282.8464
2025-06-27 17:00:00,3.9292397,-0.9026663,4.371791,0.74679255,10.548926,2.5986383,7.2803807,282.9381
2025-06-27 18:00:00,3.3369637,-0.6549307,3.7876945,0.60769916,10.296142,2.0121229,6.9986844,281.10403
2025-06-27 19:00:00,2.8237631,-0.350708,3.3020017,0.27402556,9.925506,1.4560173,6.670339,277.0798
2025-06-27 20:00:00,2.4521308,-0.055767573,3.0236518,0.15557699,10.076658,1.3402655,6.320521,271.30283
2025-06-27 21:00:00,2.2877955,0.27638823,2.9763992,0.15168978,10.553753,1.2521377,6.171703,263.11148
2025-06-27 22:00:00,2.1157656,0.8980795,3.0086575,0.18641005,11.057212,1.0856646,6.592818,247.00023
2025-06-27 23:00:00,2.09843,1.0934262,2.9688609,0.16664907,10.489792,1.1462834,6.4880223,242.47739
2025-06-28 00:00:00,2.1163285,1.2738582,2.9504387,0.16989489,10.591631,1.1328754,6.322795,238.95547
2025-06-28 01:00:00,2.1542387,1.4107019,2.9821172,0.1715124,10.012293,1.155792,6.2178125,236.78125
2025-06-28 02:00:00,2.2048633,1.4948355,3.0218468,0.13341285,9.924128,1.1328869,6.1798887,235.86383
2025-06-28 03:00:00,2.2028418,1.5933186,3.032847,0.18797605,9.917759,1.1072575,6.356713,234.12173
2025-06-28 04:00:00,2.2848973,1.6801193,3.1046588,0.07451453,9.880202,0.9911775,6.529251,233.6724
2025-06-28 05:00:00,2.4424658,1.6839125,3.232554,0.057876397,9.583293,0.96007925,6.798666,235.41641
2025-06-28 06:00:00,2.9605854,1.4915957,3.6209948,0.08044475,9.2439375,0.79172665,7.112117,243.26022
2025-06-28 07:00:00,3.571953,1.1902322,4.1054635,0.051413283,8.83823,0.8835166,7.503533,251.5711
2025-06-28 08:00:00,3.840441,0.9738695,4.307507,0.13443933,9.201756,1.1718477,7.55938,255.77072
2025-06-28 09:00:00,4.1603775,0.80373895,4.588354,0.10667252,9.2614565,1.522634,7.756546,259.0658
2025-06-28 10:00:00,3.7205172,0.8397122,4.107713,0.005112264,9.145779,1.575913,7.3671846,257.2816
2025-06-28 11:00:00,4.1511083,0.80085504,4.4940977,0.04675582,9.825015,1.8880249,7.8963423,259.08032
2025-06-28 12:00:00,4.384761,0.5705034,4.7195516,0.35604984,10.186256,2.0164874,8.012409,262.58685
2025-06-28 13:00:00,4.5184526,0.22772422,4.824385,0.3859812,10.62618,2.0250041,8.484261,267.1148
2025-06-28 14:00:00,4.526103,-0.0925128,4.831482,0.25148988,10.8419695,2.021792,8.646743,271.17096
2025-06-28 15:00:00,4.3751693,-0.34463626,4.718364,0.17796624,11.3863,2.0683002,8.562906,274.50394
2025-06-28 16:00:00,4.1733804,-0.5640597,4.5948033,0.4609514,11.372679,2.1529431,8.355027,277.69727
2025-06-28 17:00:00,3.7670143,-0.6225083,4.2582064,0.6819162,11.239785,2.0919325,8.270759,279.38345
2025-06-28 18:00:00,3.3213162,-0.5683012,3.8221335,0.38590938,11.594149,1.427532,8.291139,279.7097
2025-06-28 19:00:00,3.0668921,-0.47003463,3.5726109,0.4322691,11.626021,1.4334323,8.082078,278.7134
2025-06-28 20:00:00,2.8803842,-0.41535413,3.4416394,0.12320582,11.438714,1.4966068,7.8035607,278.20554
2025-06-28 21:00:00,2.7823646,-0.3002674,3.3827977,0.086341985,11.561498,1.4846134,7.9412994,276.15942
2025-06-28 22:00:00,2.56493,0.1597059,3.1215239,0.014998792,11.495363,1.2836246,8.061728,266.43707
2025-06-28 23:00:00,2.6199577,0.2609488,3.186599,0.17193237,11.681608,1.2765868,8.202875,264.31207
2025-06-29 00:00:00,2.6644294,0.22631918,3.201972,0.27427468,11.893132,1.258429,7.837549,265.1449
2025-06-29 01:00:00,2.6626427,0.14965902,3.1920302,0.14354062,11.397841,1.2252738,7.610073,266.78296
2025-06-29 02:00:00,2.6141057,0.07326239,3.141289,0.11793341,10.968838,1.1903975,7.2940683,268.39465
2025-06-29 03:00:00,2.511517,-0.019340308,3.048162,0.1291821,10.54635,1.1224697,6.990619,270.4412
2025-06-29 04:00:00,2.4472966,-0.017336046,2.966793,0.10489156,10.321376,0.989437,6.450616,270.40585
2025-06-29 05:00:00,2.4264927,-0.055510238,2.941732,0.093929745,10.141906,0.9841591,5.8071966,271.31052
2025-06-29 06:00:00,2.5314236,-0.2538551,2.9819405,0.021821013,10.094876,0.68138576,6.0068398,275.72656
2025-06-29 07:00:00,2.6988237,-0.5984514,3.2081878,0.026560394,10.034725,0.6897393,6.071569,282.50278
2025-06-29 08:00:00,2.9028428,-0.772814,3.417385,0.021832442,10.082918,0.9493011,6.3854346,284.90787
2025-06-29 09:00:00,3.2208636,-1.0535163,3.7318733,0.28064993,10.3221035,1.1326414,6.7332945,288.11246
2025-06-29 10:00:00,2.819003,-1.056853,3.483942,0.44870898,10.201129,1.2447791,6.5715365,290.55118
2025-06-29 11:00:00,3.1300771,-1.3836353,3.906701,0.7623649,10.837481,1.6053195,7.0000587,293.8476
2025-06-29 12:00:00,3.3463967,-1.8227102,4.2869525,1.0306963,11.529988,1.9285283,7.4156637,298.57617
2025-06-29 13:00:00,3.3946867,-2.235386,4.537353,1.4885391,12.04899,2.1559591,7.4729314,303.36472
2025-06-29 14:00:00,3.3112998,-2.5977929,4.679259,1.6483281,11.82815,2.3267508,7.5485296,308.11502
2025-06-29 15:00:00,3.0952713,-2.9481316,4.739015,1.6255797,11.651014,2.3968816,7.4302106,313.6053
2025-06-29 16:00:00,2.7795665,-3.1838582,4.718613,1.6119344,11.458549,2.5143528,7.21756,318.87845
2025-06-29 17:00:00,2.3432415,-3.2156367,4.5146394,0.76103836,11.505897,2.4405873,6.8813295,323.9191
2025-06-29 18:00:00,1.8957016,-3.0066488,4.0721602,0.20160964,11.678743,1.755783,6.394418,327.76843
2025-06-29 19:00:00,1.5878048,-2.8749287,3.8332095,0.18395197,11.8371105,1.8112794,6.1751313,331.0884
2025-06-29 20:00:00,1.248529,-2.778477,3.685245,0.20741603,12.088966,1.8268528,5.9168644,335.8029
2025-06-29 21:00:00,0.995657,-2.653431,3.546666,0.08446525,11.997938,1.7630415,5.7834544,339.43222
2025-06-29 22:00:00,0.85509264,-2.3065825,3.2047303,0.16072609,11.818618,1.6918994,5.2314405,339.65933
2025-06-29 23:00:00,0.64091164,-2.2460322,3.1471107,0.09600843,11.865393,1.6900835,4.9668684,344.07373
2025-06-30 00:00:00,0.45586786,-2.1018717,3.040935,0.17959929,11.659975,1.5200431,4.707124,347.76282
2025-06-30 01:00:00,0.28557482,-1.9134225,2.9199493,0.17629425,11.499126,1.3921388,4.399046,351.51135
2025-06-30 02:00:00,0.15507054,-1.7302741,2.8165193,0.23554169,11.129567,1.2848545,4.167431,354.87872
2025-06-30 03:00:00,0.07026961,-1.5657848,2.7340775,0.24667679,10.790702,1.2554476,4.000042,357.4304
2025-06-30 04:00:00,0.018961314,-1.446115,2.683712,0.1643433,10.648954,1.1117576,3.998278,359.24878
2025-06-30 05:00:00,-0.1011002,-1.494068,2.7715876,0.15602477,10.379755,0.9992283,4.2061863,3.8711548
2025-06-30 06:00:00,-0.28054562,-1.4906121,2.8079736,0.12516016,10.009467,1.0710794,4.566994,10.658844
2025-06-30 07:00:00,-0.38906324,-1.3402103,2.7132077,0.072690465,9.6623955,1.1137068,4.484659,16.188019
2025-06-30 08:00:00,-0.39366314,-1.2704018,2.6536312,0.061588407,9.284762,1.2385087,4.297277,17.216797
2025-06-30 09:00:00,-0.43270463,-1.2670536,2.6846192,0.20999368,8.776892,1.3956604,4.113872,18.855255
2025-06-30 10:00:00,-0.64904827,-1.1371686,2.5751712,0.08813739,7.8039007,1.2154168,4.0675035,29.715912
2025-06-30 11:00:00,-0.6538812,-1.1354214,2.5922601,0.15774767,7.3149776,1.2901345,3.9240117,29.937347
2025-06-30 12:00:00,-0.72915566,-1.233054,2.66903,0.29140082,7.4202766,1.3702216,3.8119657,30.597565
2025-06-30 13:00:00,-0.8622709,-1.2942929,2.7088814,0.02207797,7.804976,1.4815753,3.6814868,33.671936
2025-06-30 14:00:00,-1.0067534,-1.3035451,2.7070138,0.22885695,7.711979,1.4769356,3.698753,37.679596
2025-06-30 15:00:00,-1.1323036,-1.2158017,2.6414173,0.0486187,7.3704424,1.3915137,3.589781,42.96344
2025-06-30 16:00:00,-1.2742759,-1.1854578,2.6230001,0.07055357,6.8736935,1.3764224,3.599267,47.067993
2025-06-30 17:00:00,-1.4076769,-1.1235648,2.57336,0.033517484,6.8994412,1.23123,3.501846,51.404175
2025-06-30 18:00:00,-1.3112603,-1.1119603,2.337364,0.04867284,6.850989,1.105129,3.3259816,49.70175
2025-06-30 19:00:00,-1.4174013,-1.062745,2.3404763,0.14961635,6.9575825,1.3034364,3.310148,53.138
2025-06-30 20:00:00,-1.7282294,-0.8786852,2.4922962,0.16383258,7.1084843,1.3671963,3.4452374,63.049805
2025-06-30 21:00:00,-1.9119217,-0.5233992,2.5355268,0.06424269,7.195014,1.2558597,3.556289,74.69006
2025-06-30 22:00:00,-2.0072656,-0.14720483,2.5805843,0.16746615,7.290427,1.4925328,3.50947,85.805664
2025-06-30 23:00:00,-1.9917054,0.22185661,2.5339067,0.19886559,7.0702457,1.4801965,3.525011,96.356
2025-07-01 00:00:00,-1.9186814,0.51259345,2.5058432,0.1855259,7.2446322,1.4414922,3.5697935,104.95778
2025-07-01 01:00:00,-1.8501158,0.7602502,2.5211787,0.115256175,7.7213135,1.4438514,3.5325227,112.33876
2025-07-01 02:00:00,-1.7419437,0.9842707,2.5343177,0.076451086,7.998746,1.4663912,3.488212,119.46826
2025-07-01 03:00:00,-1.627707,1.1418898,2.5192845,0.048852887,8.06096,1.465327,3.4620066,125.05092
2025-07-01 04:00:00,-1.5206196,1.2736186,2.4760923,0.059575334,7.9465837,1.3566517,3.532402,129.94838
2025-07-01 05:00:00,-1.5239753,1.4229155,2.5472867,0.07472652,7.5494556,1.3076609,3.6238205,133.03589
2025-07-01 06:00:00,-1.3494647,1.4710298,2.353107,0.08048174,7.3211102,1.1320236,3.433597,137.46796
2025-07-01 07:00:00,-1.1958346,1.5844871,2.3057523,0.026891913,7.0671234,1.1282355,3.3371134,142.95764
2025-07-01 08:00:00,-0.97980934,1.5478103,2.1922984,0.088062264,6.571375,1.163003,3.2199829,147.665
2025-07-01 09:00:00,-0.8432353,1.4086778,2.0408561,0.15043586,6.4252057,1.0997868,3.0077012,149.09525
2025-07-01 10:00:00,-1.0748959,0.94681036,1.8871557,0.1072431,6.081063,0.8353571,3.007981,131.37488
2025-07-01 11:00:00,-0.94485515,0.83813643,1.8892788,0.05867778,5.9432807,0.8266221,2.9946551,131.57472
2025-07-01 12:00:00,-0.81446755,0.7275568,1.7992718,0.022193488,5.6308336,0.77305216,3.0074778,131.77415
2025-07-01 13:00:00,-0.7902473,0.57376677,1.6529789,0.05153186,5.6929703,0.5542688,2.9591205,125.9819
2025-07-01 14:00:00,-0.8565484,0.47085324,1.6429683,0.005224927,6.244765,0.48258752,3.1283412,118.79805
2025-07-01 15:00:00,-0.9379091,0.37820598,1.6229204,0.025849847,6.06411,0.4746358,3.3310895,111.96146
2025-07-01 16:00:00,-1.086458,0.30888492,1.6861362,0.08981111,6.304782,0.52460253,3.3888755,105.8707
2025-07-01 17:00:00,-1.2993221,0.23198721,1.7744731,0.0038627347,7.220911,0.49728096,3.4295902,100.1232
2025-07-01 18:00:00,-1.410143,0.16677196,1.7643331,0.016641596,7.617777,0.5396979,3.3840082,96.74481
2025-07-01 19:00:00,-1.693107,0.34923658,2.0802727,0.115238875,7.9862723,0.87067866,3.3818653,101.65492
2025-07-01 20:00:00,-1.8877308,0.7007096,2.3423324,0.16909732,8.592454,1.0158732,3.7025225,110.3645
2025-07-01 21:00:00,-1.857106,1.0683475,2.4563177,0.15304542,9.276008,1.1130137,4.015476,119.91077
2025-07-01 22:00:00,-1.6774564,1.3468289,2.4233074,0.008564572,8.2402315,1.1167057,4.0139155,128.76097
2025-07-01 23:00:00,-1.5009296,1.618042,2.4867148,0.1629286,8.330327,1.0843948,4.2099786,137.15036
2025-07-02 00:00:00,-1.2734969,1.8218186,2.5027409,0.16041267,8.502252,1.0300765,4.5281854,145.0455
2025-07-02 01:00:00,-1.0669527,1.9273162,2.4976444,0.091301925,8.91532,1.0358801,4.586263,151.03131
2025-07-02 02:00:00,-0.90081006,1.9933901,2.53067,0.07463149,9.015421,1.127392,4.757147,155.68187
2025-07-02 03:00:00,-0.74407506,1.9672134,2.546139,0.07342949,9.00035,1.1222013,5.026655,159.28148
2025-07-02 04:00:00,-0.5880189,1.9223257,2.5846746,0.048551735,8.871595,1.072445,4.949904,162.9917
2025-07-02 05:00:00,-0.5212621,1.9140781,2.653609,0.062605225,8.517579,1.0468266,4.9035916,164.76604
2025-07-02 06:00:00,-0.3282817,1.7144734,2.3115213,0.19908814,7.3575587,0.8196413,4.5701413,169.1604
2025-07-02 07:00:00,-0.2907979,1.6946032,2.2100508,0.054712128,7.5407696,0.851315,4.285988,170.26276
2025-07-02 08:00:00,-0.19444564,1.7028401,2.308552,0.022847768,7.5907383,0.9685175,4.360033,173.48567
2025-07-02 09:00:00,-0.20803544,1.6660284,2.4419258,0.08012362,7.6666794,1.0406494,4.4623437,172.88237
2025-07-02 10:00:00,-0.6550516,1.1815288,2.5162446,0.16173863,6.720036,1.2112075,4.229968,150.99557
2025-07-02 11:00:00,-0.6516996,1.2444524,2.541261,0.10433739,8.0644245,1.246262,4.094118,152.35968
2025-07-02 12:00:00,-0.49908158,1.219308,2.414773,0.052660488,7.098287,1.2162375,3.7026312,157.73996
2025-07-02 13:00:00,-0.4278012,1.1572834,2.299522,0.09229856,6.8558364,1.1506103,3.5809093,159.71268
2025-07-02 14:00:00,-0.22801003,1.1661991,2.3400183,0.05257155,7.6693068,1.0344378,3.9098518,168.93735
2025-07-02 15:00:00,-0.025890453,1.039733,2.5691676,0.115382165,8.74323,1.1093295,4.632468,178.57358
2025-07-02 16:00:00,0.048300255,0.8206989,2.7411215,0.0911736,8.819792,1.1723577,5.182574,183.36813
2025-07-02 17:00:00,0.18131648,0.5457607,2.7967892,0.058173686,9.017538,1.2026765,5.2938333,198.3779
2025-07-02 18:00:00,0.37307534,0.20864126,2.805982,0.07196033,9.159936,1.0667201,5.65145,240.78403
2025-07-02 19:00:00,0.5684134,0.24305065,3.0515993,0.1654803,9.309884,1.3044788,5.451911,246.8487
2025-07-02 20:00:00,0.91629356,0.32543987,3.30019,0.14599825,9.258935,1.4946846,5.6991343,250.4465
2025-07-02 21:00:00,1.3540109,0.28004414,3.5806992,0.19362617,9.648095,1.6554868,6.228894,258.3145
2025-07-02 22:00:00,2.0332003,-0.7155588,3.6694314,0.18743451,12.367103,1.5519328,7.279646,289.38885
2025-07-02 23:00:00,2.2064629,-0.9971359,3.6709816,0.06630403,10.903089,1.418089,6.4991846,294.31897
2025-07-03 00:00:00,2.3105538,-1.1432973,3.5997744,0.19940783,9.494192,1.248715,6.327212,296.3269
2025-07-03 01:00:00,2.4886625,-1.2176307,3.5830705,0.11984062,9.865918,1.1607463,5.9034743,296.07117
2025-07-03 02:00:00,2.7429104,-1.2962329,3.7281115,0.031346053,10.786182,1.3031404,6.4293895,295.29428
2025-07-03 03:00:00,2.8795617,-1.5215982,3.8796906,0.22766924,11.640537,1.3962532,7.0135627,297.85257
2025-07-03 04:00:00,3.0892007,-1.7532955,4.082553,0.25149256,11.555208,1.3903053,7.7732873,299.57736
2025-07-03 05:00:00,3.259623,-2.1586819,4.370317,0.19171293,11.615419,1.5806124,8.374615,303.51447
2025-07-03 06:00:00,3.2576542,-2.61717,4.577579,0.3066919,11.479751,1.664597,8.4542,308.77808
2025-07-03 07:00:00,3.2701597,-2.9880395,4.7754264,0.32614875,11.517022,2.081089,8.233351,312.41885
2025-07-03 08:00:00,3.3092978,-3.1477394,4.9007206,0.12390619,11.319131,2.71262,7.9374657,313.5667
2025-07-03 09:00:00,3.3788505,-3.1410758,4.934688,0.43884957,12.003631,2.8947706,8.005684,312.9114
2025-07-03 10:00:00,3.0105388,-2.5986836,4.3970413,0.114601694,12.36155,2.158847,7.758408,310.8006
2025-07-03 11:00:00,3.232132,-2.6747413,4.547798,0.20229657,12.218387,2.3831222,7.87826,309.60934
2025-07-03 12:00:00,3.2586021,-2.814127,4.6377873,0.42756036,11.900972,2.4007876,7.805654,310.81387
2025-07-03 13:00:00,3.1393902,-2.9081063,4.617681,0.028171133,11.809621,2.5395546,7.694784,312.8098
2025-07-03 14:00:00,2.9348128,-2.9428067,4.538636,0.4880573,11.705793,2.6012273,7.6175213,315.0779
2025-07-03 15:00:00,2.7131336,-2.9163327,4.4183726,0.2530582,11.191187,2.5270526,7.3668327,317.06723
2025-07-03 16:00:00,2.4423957,-2.9129193,4.276185,0.3405096,10.697166,2.4242845,7.0753827,320.02118
2025-07-03 17:00:00,2.1174464,-2.8279316,4.0554967,0.20746522,10.620354,2.1401086,6.780306,323.17554
2025-07-03 18:00:00,1.7360905,-2.6388104,3.745536,0.13778518,10.252771,1.784096,6.4652057,326.6588
2025-07-03 19:00:00,1.395457,-2.1783166,3.1777558,0.07161414,9.825341,1.3098441,6.0009313,327.35587
2025-07-03 20:00:00,1.14574,-1.9729106,2.9116883,0.12044457,9.424274,1.247844,5.5375166,329.85474
2025-07-03 21:00:00,0.99710786,-1.8712732,2.7580247,0.13001904,9.191839,1.1801142,5.148259,331.94907
2025-07-03 22:00:00,0.84036505,-1.6289418,2.5734346,0.20491561,8.7034,1.1117022,4.6174994,332.71097
2025-07-03 23:00:00,0.799095,-1.5337368,2.5452387,0.08551921,8.199483,1.1310222,4.726671,332.47995
2025-07-04 00:00:00,0.85429424,-1.4321849,2.5288897,0.08357679,8.392699,1.1102237,5.1485534,329.18405
2025-07-04 01:00:00,0.95851916,-1.3601029,2.5451407,0.12901777,8.764136,1.0607555,5.5170727,324.8261
2025-07-04 02:00:00,0.97559047,-1.276949,2.4809978,0.07191404,8.815274,1.0566902,5.364597,322.62012
2025-07-04 03:00:00,1.0100383,-1.1683106,2.4425452,0.04718636,8.817846,0.9633972,5.287169,319.15564
2025-07-04 04:00:00,1.0467628,-1.0603588,2.4765847,0.10098267,8.53769,1.001742,5.197164,315.3697
2025-07-04 05:00:00,0.999513,-0.94000614,2.4726677,0.04142793,9.071776,0.9135915,5.182392,313.24265
2025-07-04 06:00:00,0.9809261,-0.83815414,2.5030417,0.05850802,9.124118,0.9016978,5.45206,310.5123
2025-07-04 07:00:00,1.220259,-0.69901586,2.613585,0.22782487,8.925841,1.0137953,5.650185,299.8059
2025-07-04 08:00:00,1.5624126,-0.6528081,2.8199437,0.084440336,8.774667,1.12085,5.8589487,292.67618
2025-07-04 09:00:00,1.8999515,-0.72496283,3.1578128,0.6425551,9.097047,1.470207,6.1224055,290.8853
2025-07-04 10:00:00,1.9338593,-0.7176324,3.1513386,0.50861365,9.309978,1.6078104,5.8960724,290.35928
2025-07-04 11:00:00,2.210761,-0.77261025,3.2922082,0.7127259,9.6171255,1.671067,6.32338,289.26334
2025-07-04 12:00:00,2.4202576,-0.8010662,3.4472044,0.5658236,9.684646,1.8021994,6.753951,288.31372
2025-07-04 13:00:00,2.5017357,-0.85930574,3.539444,0.45763424,9.208675,1.7989377,6.820098,288.95676
2025-07-04 14:00:00,2.3883102,-0.8967739,3.4956632,0.53917843,8.985561,1.796488,6.485563,290.58038
2025-07-04 15:00:00,2.257436,-0.8033847,3.4029348,0.81468356,9.108455,1.7910513,6.3825684,289.5898
2025-07-04 16:00:00,2.0951927,-0.67566454,3.2902663,0.5712078,9.824963,1.6569953,6.305708,287.87366
2025-07-04 17:00:00,1.7876949,-0.53320146,3.1095433,0.30153394,9.972023,1.4470861,6.067624,286.60785
2025-07-04 18:00:00,1.33522,-0.2716188,2.7571962,0.059952263,10.052734,1.2567065,5.819323,281.49857
2025-07-04 19:00:00,0.9847433,0.07758723,2.4759514,0.075734004,10.744805,1.185895,5.4785337,265.49503
2025-07-04 20:00:00,0.65890753,0.31795275,2.5135908,0.16917655,11.383024,1.2037805,5.0837746,244.24059
2025-07-04 21:00:00,0.4741454,0.64694995,2.5534954,0.13546157,11.134073,1.2387736,5.0898614,216.23746
2025-07-04 22:00:00,0.47292802,1.0790875,2.520447,0.12443547,11.540189,1.1016222,4.8495145,203.66623
2025-07-04 23:00:00,0.46453732,1.4198992,2.6379402,0.19592142,10.862586,1.0491606,5.2322063,198.11615
2025-07-05 00:00:00,0.5760275,1.6229013,2.7792914,0.06887654,10.411127,1.1626626,5.666102,199.54166
2025-07-05 01:00:00,0.64162713,1.8155105,2.892698,0.06259543,9.986079,1.1272247,6.2769284,199.46414
2025-07-05 02:00:00,0.77292037,1.9861896,3.009869,0.14173006,10.110575,1.0575528,6.976113,201.26337
2025-07-05 03:00:00,0.89452344,2.1399086,3.1340084,0.09586714,10.836426,1.0177715,7.6347365,202.68588
2025-07-05 04:00:00,1.0079362,2.3031147,3.2627952,0.1438492,11.5376,0.9472153,8.110653,203.63614
2025-07-05 05:00:00,1.1984855,2.4364524,3.4219418,0.097601235,11.699833,0.83899164,8.127124,206.19247
2025-07-05 06:00:00,1.3979158,2.4712949,3.3893573,0.04023264,11.984395,0.6685387,8.526414,209.49516
2025-07-05 07:00:00,1.7512904,2.5841134,3.599948,0.07788472,11.421671,0.7558899,8.821697,214.12605
2025-07-05 08:00:00,2.411798,2.587946,4.003299,0.058636706,11.574228,1.045689,9.15757,222.98222
2025-07-05 09:00:00,3.0468428,2.459128,4.359738,0.12724185,12.152908,1.316351,9.426453,231.09276
2025-07-05 10:00:00,2.7692125,2.1396909,4.001986,0.04372838,13.048792,1.2859303,8.691135,232.30777
2025-07-05 11:00:00,3.3377228,2.2267845,4.30316,0.07265022,12.367892,1.1568618,9.324605,236.2905
2025-07-05 12:00:00,3.8396432,2.1664412,4.6513677,0.08210646,12.449879,1.6054816,9.42704,240.56702
2025-07-05 13:00:00,4.267579,1.9699678,4.922463,0.25673303,12.637476,2.0039546,9.426898,245.22136
2025-07-05 14:00:00,4.498319,1.6372887,5.000212,0.096143834,13.0366535,2.127019,9.278166,249.99962
2025-07-05 15:00:00,4.643856,1.3253376,5.045557,0.04427206,12.7466755,2.207876,9.142558,254.07147
2025-07-05 16:00:00,4.5081964,0.9322196,4.8439283,0.07761399,12.011929,2.1680331,8.582709,258.31686
2025-07-05 17:00:00,4.1312265,0.6677642,4.4868374,0.044212937,11.29224,1.9287728,8.126409,260.81824
2025-07-05 18:00:00,3.374019,0.55692106,3.7984397,0.087413706,10.796597,1.3165984,7.527163,260.62717
2025-07-05 19:00:00,2.8980284,0.6353265,3.3811452,0.06831103,10.301722,1.4623019,7.255954,257.63483
2025-07-05 20:00:00,2.646538,0.7626421,3.2012732,0.1785831,10.018024,1.5005183,6.9260592,253.92482
2025-07-05 21:00:00,2.4745784,0.91611296,3.1006029,0.3312749,9.641894,1.5413582,6.6794453,249.68497
2025-07-05 22:00:00,2.2004309,1.1869886,2.9651806,0.13317601,9.843264,1.097948,6.5951943,241.65604
2025-07-05 23:00:00,2.081768,1.3888307,2.940988,0.10449913,9.905834,1.1038921,6.43801,236.29117
2025-07-06 00:00:00,2.0252755,1.5747578,2.9521904,0.21479015,9.986579,1.1542149,6.4661074,232.13306
2025-07-06 01:00:00,1.9670876,1.7312684,2.9556942,0.03636039,9.781754,1.1332358,6.3177896,228.64844
2025-07-06 02:00:00,1.9277699,1.8773623,2.9763026,0.110631175,9.53145,1.0763465,6.2815022,225.75897
2025-07-06 03:00:00,1.9161674,2.0180314,3.0122535,0.04735658,8.876658,1.1232399,6.588531,223.51683
2025-07-06 04:00:00,1.8711016,2.1369007,3.0343733,0.104395464,8.802586,1.1068361,6.7321696,221.20587
2025-07-06 05:00:00,1.8952323,2.2918022,3.171992,0.0980391,9.084706,1.1144319,6.7006364,219.58945
2025-07-06 06:00:00,2.0809717,2.22882,3.2387693,0.08746736,9.45159,0.8097873,6.4498987,223.03523
2025-07-06 07:00:00,2.4455578,2.2414143,3.5286045,0.07315631,9.169666,0.9783178,6.1645546,227.49397
2025-07-06 08:00:00,2.7864978,2.2940588,3.857619,0.19593114,9.135107,1.1505598,5.9790072,230.53616
2025-07-06 09:00:00,2.9934478,2.3367317,4.0901647,0.15714104,9.1283655,1.3830954,6.0010962,232.02385
2025-07-06 10:00:00,2.6188653,2.1750693,3.84492,0.10850954,8.571905,1.9744066,5.581748,230.28906
2025-07-06 11:00:00,2.7935023,2.254677,4.047029,0.13242453,8.028813,2.1755934,5.7993937,231.09248
2025-07-06 12:00:00,2.9784112,2.2800484,4.136424,0.10103213,7.846494,2.2541769,5.8548546,232.56503
2025-07-06 13:00:00,3.048626,2.122856,4.1500335,0.044467065,7.4465237,2.1073709,5.7381096,235.14928
2025-07-06 14:00:00,3.0933924,1.8638973,4.126143,0.21833326,6.9205875,1.8286201,5.6321187,238.92929
2025-07-06 15:00:00,2.9992437,1.5750794,3.9469407,0.12451737,6.5299163,1.7921871,5.343153,242.2934
2025-07-06 16:00:00,2.7564952,1.3256423,3.6220942,0.18308516,6.1382017,1.6804553,5.0143514,244.31636
2025-07-06 17:00:00,2.4181287,1.139378,3.2623992,0.16196552,6.3010254,1.60844,4.6950297,244.77104
2025-07-06 18:00:00,2.0415654,1.0682212,2.94077,0.110239536,5.8366756,1.326636,4.37477,242.3798
2025-07-06 19:00:00,1.8219209,1.1620945,2.7719817,0.13232392,5.4855456,1.1737475,4.159251,237.46863
2025-07-06 20:00:00,1.695143,1.3198177,2.766798,0.1531706,5.3360476,1.2480805,4.1970477,232.09612
2025-07-06 21:00:00,1.8125865,1.4359568,2.8782725,0.07230965,5.689617,1.2750906,4.2171073,231.61324
2025-07-06 22:00:00,1.7761647,1.294891,2.6990461,0.17017761,5.8932037,1.2734863,3.8954566,233.90654
2025-07-06 23:00:00,1.9464499,1.3711878,2.8738077,0.13064897,5.7539177,1.2576998,4.101401,234.837
2025-07-07 00:00:00,2.1630244,1.4154918,3.0910363,0.12490962,7.795893,1.3538855,4.4132576,236.7991
2025-07-07 01:00:00,2.3341634,1.3694882,3.1900146,0.038836725,7.7083673,1.6352754,4.6577477,239.59923
2025-07-07 02:00:00,2.428289,1.270919,3.1634407,0.21603134,7.6286707,1.5905168,4.816789,242.37332
2025-07-07 03:00:00,2.5001588,1.0901303,3.134942,0.08444081,7.731449,1.4900186,4.8041067,246.44162
2025-07-07 04:00:00,2.5212934,0.9724055,3.1558795,0.05860997,7.7374415,1.4608914,4.851896,248.90952
2025-07-07 05:00:00,2.6824336,0.8095703,3.3084419,0.0735639,8.433096,1.5623302,4.9556966,253.20595
2025-07-07 06:00:00,2.749479,0.60507905,3.3742661,0.19698386,9.118871,1.6821758,5.14989,257.58875
2025-07-07 07:00:00,2.7407937,0.45328006,3.3667045,0.10300858,8.824311,1.6363845,5.229464,260.60925
2025-07-07 08:00:00,2.749993,0.37390178,3.3887599,0.24033314,8.596797,1.5588208,5.2007875,262.2573
2025-07-07 09:00:00,2.8304675,0.22498259,3.4574025,0.23275268,8.801608,1.6171072,5.2730794,265.45535
2025-07-07 10:00:00,2.566655,-0.06734611,3.320343,0.14031179,9.365401,1.3257393,5.280026,271.50302
2025-07-07 11:00:00,2.8669698,-0.14061551,3.537626,0.20186342,9.981313,1.599849,5.476584,272.80792
2025-07-07 12:00:00,3.0534816,-0.20786883,3.7059107,0.11244987,9.913076,1.6760833,5.589539,273.89447
2025-07-07 13:00:00,3.2890055,-0.36939135,3.9200156,0.4984905,10.088957,1.8926042,5.624338,276.40808
2025-07-07 14:00:00,3.4820046,-0.6524011,4.098344,0.45682725,9.989531,1.9655795,5.729467,280.61212
2025-07-07 15:00:00,3.5669444,-0.9227064,4.217308,0.30421558,10.488069,1.9950156,5.791216,284.50348
2025-07-07 16:00:00,3.5896103,-1.2174217,4.282371,0.36324266,10.836115,1.9464394,6.0291247,288.73444
2025-07-07 17:00:00,3.4962513,-1.3691901,4.204782,0.23606867,10.943755,2.0191264,6.0358124,291.38614
2025-07-07 18:00:00,3.3637972,-1.4211813,4.066582,0.09040529,11.122626,2.0485008,5.885511,292.90372
2025-07-07 19:00:00,3.2740834,-1.4282387,3.9595191,0.34777695,10.769442,1.7925432,5.7239604,293.56805
2025-07-07 20:00:00,3.2624788,-1.3295763,3.9031186,0.1474936,10.678062,2.0244937,5.5797153,292.17264
2025-07-07 21:00:00,3.3068914,-1.2392005,3.8921866,0.054883286,10.583093,2.110014,5.3668694,290.5426
2025-07-07 22:00:00,3.2650476,-1.0028859,3.685598,0.13071777,10.219646,2.2696576,5.5691876,287.07477
2025-07-07 23:00:00,3.3425734,-0.9089112,3.714182,0.2618257,10.077827,2.5464418,5.4914484,285.21204
2025-07-08 00:00:00,3.4297535,-0.93106616,3.802319,0.05833078,10.371163,2.6828012,5.7214293,285.1879
2025-07-08 01:00:00,3.4895387,-0.92523235,3.862442,0.09504209,10.91479,2.6428297,5.9208875,284.84998
2025-07-08 02:00:00,3.5076723,-0.945449,3.8937943,0.04780143,11.053022,2.622444,6.024049,285.08487
2025-07-08 03:00:00,3.497919,-0.99174047,3.893345,0.07344487,10.793721,2.545395,6.1312156,285.82925
2025-07-08 04:00:00,3.5300384,-1.041421,3.9403188,0.29092425,10.7227125,2.561071,6.186012,286.43695
2025-07-08 05:00:00,3.6236687,-1.0823483,4.056356,0.8042447,10.547734,2.6610096,6.373382,286.63028
2025-07-08 06:00:00,3.7638907,-1.3141735,4.257911,0.85908467,10.546063,2.8211536,6.5720525,289.2468
2025-07-08 07:00:00,3.854018,-1.5711159,4.403061,0.99009037,10.053676,2.8527153,6.7341766,292.1786
2025-07-08 08:00:00,3.8530936,-1.7349164,4.4715905,1.1905707,10.197323,3.051064,6.6866384,294.24042
2025-07-08 09:00:00,3.8669534,-1.725456,4.4925117,1.2081453,10.144594,3.003445,6.5055966,294.0467
2025-07-08 10:00:00,3.607257,-1.1804405,4.0114026,0.9714385,10.76005,2.2649972,6.3396807,288.12018
2025-07-08 11:00:00,3.7077155,-1.1636353,4.150655,1.3167088,10.504063,2.580208,6.2424083,287.424
2025-07-08 12:00:00,3.890056,-1.2659681,4.3957715,1.440029,10.514671,2.80339,6.1653247,288.0268
2025-07-08 13:00:00,3.9953692,-1.3772925,4.5512114,1.3531239,10.39844,2.9353588,6.2085934,289.0202
2025-07-08 14:00:00,4.0042276,-1.4855318,4.607524,1.2546037,10.165694,3.080426,5.8675523,290.3544
2025-07-08 15:00:00,3.9868321,-1.6177735,4.6228685,1.1533142,9.723705,3.1721225,5.7242746,292.0863
2025-07-08 16:00:00,3.9429185,-1.7436903,4.593959,1.2495732,9.168579,3.1911802,5.700195,293.85663
2025-07-08 17:00:00,3.7900312,-1.7920994,4.4503784,1.3433591,8.897866,3.0807338,5.5736337,295.30692
2025-07-08 18:00:00,3.4644759,-1.6985016,4.1089215,1.1925229,9.479532,2.6752853,5.180738,296.11697
2025-07-08 19:00:00,3.117027,-1.4232342,3.7032957,0.81679356,9.816756,2.12936,4.774254,294.54144
2025-07-08 20:00:00,2.96793,-1.2841961,3.5680304,0.3418323,9.777408,2.0359662,4.628014,293.3977
2025-07-08 21:00:00,2.9302635,-1.1667418,3.5382855,0.4758568,9.781657,2.0692625,4.7013736,291.71094
2025-07-08 22:00:00,2.7049842,-0.8355622,3.2133482,0.5463149,9.520543,1.7584391,4.4136333,287.16577
2025-07-08 23:00:00,2.8896751,-0.81211895,3.3820512,1.004173,9.17622,1.8651998,4.4177094,285.69757
2025-07-09 00:00:00,3.051799,-0.88355607,3.5262072,0.878591,9.019631,1.8742126,4.808221,286.14676
2025-07-09 01:00:00,3.1149812,-0.9600492,3.5671687,0.5409244,8.669903,1.8780138,5.064854,287.1295
2025-07-09 02:00:00,3.1131275,-1.032688,3.5541072,0.4938001,8.07975,1.7712982,5.144378,288.35175
2025-07-09 03:00:00,3.081916,-1.0334857,3.5045707,0.5553874,8.00316,1.7176188,5.1332107,288.5383
2025-07-09 04:00:00,3.1134887,-1.0811702,3.5423498,0.46600574,8.65185,1.6411414,5.210226,289.14975
2025-07-09 05:00:00,3.2374651,-1.2234675,3.6879234,0.19716902,8.754524,1.8363239,5.343241,290.70203
2025-07-09 06:00:00,3.5087993,-1.7188865,4.0969005,0.14094365,8.581738,1.7672848,5.8044195,296.09924
2025-07-09 07:00:00,3.5355942,-2.0188847,4.2308254,0.5832164,8.701002,2.0104504,5.922783,299.7271
2025-07-09 08:00:00,3.5853944,-2.1353014,4.348893,0.5110605,9.140051,2.195855,6.132077,300.77615
2025-07-09 09:00:00,3.6302626,-2.301443,4.4930143,0.5933299,9.65402,2.5139382,6.2021275,302.37308
2025-07-09 10:00:00,3.196324,-2.1507304,4.06185,0.5679941,9.025748,2.381074,5.528256,303.93567
2025-07-09 11:00:00,3.223154,-2.0973477,4.0790796,0.7652504,8.557911,2.2895937,5.613533,303.05255
2025-07-09 12:00:00,3.2780836,-2.1984105,4.216733,0.8710091,8.179594,2.2536433,5.6533313,303.84735
2025-07-09 13:00:00,3.2624342,-2.2959542,4.2658362,0.28804788,7.4599094,2.3056805,5.5999036,305.13617
2025-07-09 14:00:00,3.1718671,-2.379684,4.2179737,0.17478952,7.169105,2.1975133,5.532021,306.87897
2025-07-09 15:00:00,3.1380813,-2.4323277,4.1817584,0.34057602,7.080513,2.1434743,5.553951,307.77927
2025-07-09 16:00:00,2.989241,-2.4884853,4.079509,0.49086624,7.209728,2.235044,5.375396,309.77673
2025-07-09 17:00:00,2.7327435,-2.392191,3.8387303,0.31875312,7.4737744,2.1560721,5.093454,311.19827
2025-07-09 18:00:00,2.4208543,-2.0972967,3.4184918,0.5191756,8.337811,1.7727884,4.77227,310.90387
2025-07-09 19:00:00,2.1370492,-1.7413565,2.9946601,0.46065357,8.517181,1.3159422,4.582953,309.17456
2025-07-09 20:00:00,1.9997332,-1.5688663,2.8280108,0.34396574,8.341551,1.4659638,4.4012136,308.11554
2025-07-09 21:00:00,1.946786,-1.4390634,2.7291322,0.1583381,7.9238806,1.3610752,4.3155675,306.4718
2025-07-09 22:00:00,1.7551496,-1.0953587,2.4364123,0.11241011,6.4595995,1.2374613,3.9658735,301.9676
2025-07-09 23:00:00,1.7367285,-1.0273746,2.3740318,0.109720856,6.008335,1.1404229,3.8799348,300.60675
2025-07-10 00:00:00,1.7676886,-0.9759505,2.3649178,0.0643101,6.4430346,1.1503656,3.8053913,298.90332
2025-07-10 01:00:00,1.8087542,-0.9910336,2.3983424,0.089851074,6.859367,1.1551143,3.9744794,298.71875
2025-07-10 02:00:00,1.743567,-0.9651728,2.349164,0.06835022,6.966833,0.98458576,4.02424,298.96725
2025-07-10 03:00:00,1.7168765,-0.97204137,2.338023,0.024319628,6.934571,0.922031,4.1157312,299.51718
2025-07-10 04:00:00,1.7444351,-1.0240215,2.387703,0.033096097,6.8234587,0.95886064,4.238446,300.41388
2025-07-10 05:00:00,1.7613175,-1.1367563,2.4906478,0.10536855,7.6629367,0.9807357,4.2473392,302.83826
2025-07-10 06:00:00,1.6920154,-1.4925636,2.553765,0.08209521,8.002869,0.76354444,4.6108155,311.4162
2025-07-10 07:00:00,1.6699318,-1.7435023,2.6940463,0.09308624,7.868846,0.8681131,4.747507,316.2347
2025-07-10 08:00:00,1.7215477,-1.8918263,2.8626504,0.21541472,7.620995,1.1899854,4.7263145,317.69803
2025-07-10 09:00:00,1.7713425,-2.0765727,3.041398,0.30964187,7.1028295,1.5461876,4.660527,319.5354
2025-07-10 10:00:00,1.615606,-2.0520098,2.925434,0.5913428,6.4861016,1.4506403,4.825702,321.78564
2025-07-10 11:00:00,1.7743493,-2.2241845,3.1411674,0.49926934,6.5479903,1.6752106,4.9634633,321.4188
2025-07-10 12:00:00,1.8774501,-2.4536111,3.3483922,0.18693478,6.4927917,1.9212292,4.9013805,322.57758
2025-07-10 13:00:00,1.97338,-2.6623116,3.546953,0.5394035,6.6439567,2.0393949,4.9354854,323.45312
2025-07-10 14:00:00,1.918201,-2.8786588,3.6852837,0.44691658,6.6472507,2.1690707,5.099895,326.3224
2025-07-10 15:00:00,1.7596976,-2.996296,3.702113,0.16118829,6.6778913,2.1912954,4.9447894,329.57465
2025-07-10 16:00:00,1.5650618,-3.015785,3.61903,0.33549055,6.7761965,2.1439767,4.81772,332.57263
2025-07-10 17:00:00,1.3085884,-2.8880882,3.4037147,0.2176104,7.0963287,1.8367273,4.6424065,335.6248
2025-07-10 18:00:00,1.0966752,-2.4459405,2.931444,0.124251984,7.3936496,1.4368563,4.250433,335.8502
2025-07-10 19:00:00,1.0404873,-2.1090767,2.646453,0.12259471,7.510108,1.2769439,4.2879767,333.74112
2025-07-10 20:00:00,1.0113282,-1.9868857,2.561299,0.040282164,7.860882,1.2782013,4.153543,333.02383
2025-07-10 21:00:00,1.0383487,-1.9602232,2.5713513,0.14098693,8.175869,1.3125457,4.13656,332.08942
2025-07-10 22:00:00,1.0086749,-1.8575126,2.503633,0.0524844,8.507065,1.1507255,4.2931123,331.49695
2025-07-10 23:00:00,1.0771732,-1.8422617,2.5165443,0.03644337,9.4065275,1.2068856,4.445036,329.68512
2025-07-11 00:00:00,1.0807111,-1.8339832,2.5113761,0.05838427,9.019487,1.2345972,4.4772077,329.49042
2025-07-11 01:00:00,1.1324463,-1.8435314,2.5418258,0.08277565,9.621339,1.2739092,4.8166337,328.4384
2025-07-11 02:00:00,1.1843027,-1.8043835,2.5273511,0.13585252,10.263713,1.2960423,5.0710654,326.7212
2025-07-11 03:00:00,1.2159069,-1.8093138,2.5390046,0.07334651,9.9405,1.2677587,5.212633,326.09784
2025-07-11 04:00:00,1.2661228,-1.8362237,2.58519,0.06908695,9.458404,1.2228436,5.2083473,325.41275
2025-07-11 05:00:00,1.3205575,-2.0033474,2.7454395,0.12776431,9.625634,1.2308482,5.3027425,326.6081
2025-07-11 06:00:00,1.3231754,-2.258706,2.9057548,0.22515388,9.9737,1.0232271,5.60507,329.63776
2025-07-11 07:00:00,1.4100156,-2.5183794,3.1528487,0.15793957,9.97196,1.1530724,5.989884,330.75595
2025-07-11 08:00:00,1.5582222,-2.7722263,3.450074,0.17389236,9.920586,1.406212,6.305163,330.66037
2025-07-11 09:00:00,1.7042508,-2.9755137,3.705433,0.6407297,9.705208,1.5747143,6.5751066,330.1977
2025-07-11 10:00:00,1.596045,-2.6475916,3.479139,0.4893099,9.743908,1.3784914,6.3272367,328.9172
2025-07-11 11:00:00,1.8136444,-2.9900823,3.8028255,0.75990736,11.108958,1.8163261,6.5806427,328.76096
2025-07-11 12:00:00,1.8941337,-3.221775,4.0119176,0.31000897,12.457129,2.028221,6.7288537,329.54803
2025-07-11 13:00:00,1.8992281,-3.4329784,4.1560163,0.8324564,12.944168,2.1208012,6.516374,331.0473
2025-07-11 14:00:00,1.8537894,-3.5680249,4.2579207,0.20227343,12.932461,2.120801,6.6307364,332.5456
2025-07-11 15:00:00,1.7547735,-3.645808,4.2779684,0.18300207,12.929159,2.0943718,6.411646,334.2979
2025-07-11 16:00:00,1.5629628,-3.6383526,4.1949525,0.12683828,12.5416355,1.8972417,6.2297683,336.75262
2025-07-11 17:00:00,1.3286277,-3.4353676,4.0019116,0.09675816,11.772592,1.6147971,6.318922,338.85602
2025-07-11 18:00:00,1.0969337,-3.0701685,3.6423006,0.18049884,10.937905,1.1877958,6.417962,340.3388
2025-07-11 19:00:00,0.9818548,-2.6910598,3.3080645,0.062419523,10.412073,1.0779142,6.4062605,339.95508
2025-07-11 20:00:00,0.95370895,-2.3963742,3.108973,0.057270683,10.073466,1.2050104,6.34365,338.29843
2025-07-11 21:00:00,1.008314,-2.2338002,3.0306263,0.16449288,9.663857,1.243304,6.482222,335.7061
2025-07-11 22:00:00,1.0206299,-1.907255,2.8015547,0.05183886,10.710697,1.1521451,5.833971,331.8474
2025-07-11 23:00:00,1.1814274,-1.8339279,2.845316,0.109926224,10.695635,1.2157379,5.671855,327.2101
2025-07-12 00:00:00,1.319385,-1.7743641,2.8929658,0.13278991,10.486752,1.359551,5.7440863,323.36618
2025-07-12 01:00:00,1.4284441,-1.7831355,2.9360185,0.061585814,10.000268,1.4012946,5.782264,321.30228
2025-07-12 02:00:00,1.4456717,-1.7677562,2.956509,0.13379836,9.886655,1.4329301,5.8723216,320.7237
2025-07-12 03:00:00,1.476224,-1.7853258,3.0235615,0.098962545,10.061296,1.4218056,6.1188226,320.41382
2025-07-12 04:00:00,1.4824445,-1.7613904,3.0610726,0.18684195,10.053966,1.3338326,6.281852,319.91492
2025-07-12 05:00:00,1.5768585,-1.8283423,3.231981,0.10097326,10.329612,1.3266449,6.6463904,319.2238
2025-07-12 06:00:00,1.5351443,-1.9553387,3.3362086,0.083304435,10.792499,1.1702514,6.910152,321.86438
2025-07-12 07:00:00,1.4840105,-2.1432445,3.5898054,0.17467643,10.841941,1.3137823,7.2964425,325.30075
2025-07-12 08:00:00,1.4199038,-2.1661384,3.749961,0.19654807,10.549727,1.2752869,7.5240602,326.75516
2025-07-12 09:00:00,1.3945782,-2.1889274,3.8535163,0.30457142,9.762569,1.3206934,7.5707173,327.49854
2025-07-12 10:00:00,1.0084311,-2.105919,3.728813,0.20906626,10.98251,1.4489992,7.5878825,334.4123
2025-07-12 11:00:00,1.1484511,-2.009729,3.6936595,0.41290504,9.643528,1.6040747,6.477959,330.25436
2025-07-12 12:00:00,1.2540333,-2.0702481,3.7084937,0.42905322,9.207031,1.7496773,6.151442,328.795
2025-07-12 13:00:00,1.2531207,-2.154624,3.7111766,0.4614817,9.342509,1.74485,6.1575503,329.81787
2025-07-12 14:00:00,1.1087589,-2.2476778,3.7086854,0.15227373,10.142905,1.7872124,6.143485,333.7433
2025-07-12 15:00:00,0.85083294,-2.230411,3.6153202,0.1813871,10.91908,1.7592182,6.292577,339.1197
2025-07-12 16:00:00,0.5924163,-2.1580794,3.560749,0.28194773,10.810709,1.6727533,6.044808,344.6498
2025-07-12 17:00:00,0.19939691,-1.9841837,3.3476944,0.20050573,10.195952,1.4141544,5.9382787,354.2614
2025-07-12 18:00:00,-0.095898606,-1.6385424,2.9741664,0.12185125,10.203456,0.97405964,5.2958813,3.3495178
2025-07-12 19:00:00,-0.26732078,-1.3377945,2.7666113,0.09834422,10.34732,0.9963184,5.234829,11.30011
2025-07-12 20:00:00,-0.36549503,-1.1554714,2.7601,0.047291435,10.490847,1.0432839,5.4245853,17.55304
2025-07-12 21:00:00,-0.4032399,-0.9675396,2.764744,0.09282388,10.246611,1.0746219,5.612339,22.624817
2025-07-12 22:00:00,-0.5529525,-0.7708274,2.6509347,0.13699362,9.787366,1.1182281,5.181855,35.653748
2025-07-12 23:00:00,-0.46221018,-0.56303984,2.6222024,0.040311817,9.683034,1.1603982,4.874365,39.38321
2025-07-13 00:00:00,-0.39175457,-0.42894807,2.627256,0.03330007,9.215738,1.2121122,4.883141,42.40518
2025-07-13 01:00:00,-0.29921332,-0.36659324,2.5928013,0.11317681,9.284714,1.1757684,4.6844287,39.221313
2025-07-13 02:00:00,-0.24026036,-0.29418573,2.5436502,0.048059482,9.133533,1.1536851,4.5006976,39.238373
2025-07-13 03:00:00,-0.26631823,-0.29123503,2.5755193,0.12507169,9.73462,1.2073082,4.7655196,42.441162
2025-07-13 04:00:00,-0.3462116,-0.20049307,2.6083243,0.21087378,10.26619,1.1538894,5.249522,59.92462
2025-07-13 05:00:00,-0.38967937,-0.110131755,2.7072475,0.1308666,9.437319,1.1453001,5.500254,74.21857
2025-07-13 06:00:00,-0.4855817,-0.09380114,2.6738307,0.011873221,9.811353,1.0105361,5.6603193,79.06668
2025-07-13 07:00:00,-0.34409395,-0.0051842765,2.665458,0.0320612,9.516668,1.0820181,5.737686,89.13681
2025-07-13 08:00:00,-0.07348674,0.01980261,2.783744,0.28005525,9.088437,1.2079881,5.781203,105.081375
2025-07-13 09:00:00,0.17308581,0.017763704,2.919078,0.23622765,9.048532,1.1840386,5.9826956,264.1403
2025-07-13 10:00:00,0.14909899,-0.18106636,2.8996177,0.14138824,9.726447,1.2029922,5.7541876,320.53027
2025-07-13 11:00:00,0.38977998,-0.07275762,3.0793214,0.14636812,10.164962,1.3461163,5.7625813,280.57333
2025-07-13 12:00:00,0.5603984,-0.012042072,3.154521,0.05613086,9.440827,1.4763026,5.553691,271.23102
2025-07-13 13:00:00,0.7293153,-0.058040723,3.148639,0.12810251,9.012439,1.571983,5.1967382,274.55014
2025-07-13 14:00:00,0.7860062,-0.09176058,3.077427,0.13938157,8.7641535,1.631216,4.89177,276.65872
2025-07-13 15:00:00,0.7833619,-0.14881237,2.9908984,0.119647175,8.359876,1.5132303,4.7989235,280.7561
2025-07-13 16:00:00,0.62686324,-0.24889766,2.8534265,0.038183212,8.321542,1.3933617,4.947568,291.65567
2025-07-13 17:00:00,0.4097987,-0.32973418,2.6168299,0.13516852,8.0792,1.2220871,4.958752,308.821
2025-07-13 18:00:00,-0.13232216,-0.39678872,2.1121233,0.13966613,8.0216255,0.863773,4.575281,18.442627
2025-07-13 19:00:00,-0.27988496,-0.22171721,2.0340025,0.020070761,8.446804,0.8719323,4.459203,51.614685
2025-07-13 20:00:00,-0.4014043,-0.031591054,2.0472705,0.019889556,9.238282,0.8206578,4.243636,85.5
2025-07-13 21:00:00,-0.44505557,0.23097311,2.0177212,0.025024684,8.173639,0.82519376,3.8391492,117.42822
2025-07-13 22:00:00,-0.47728503,0.19427408,1.8781314,0.06740724,6.5820427,0.69548994,3.302363,112.1483
2025-07-13 23:00:00,-0.4461311,0.5247811,1.9455185,0.08701889,6.93976,0.8815084,3.6141803,139.63121
2025-07-14 00:00:00,-0.24202707,0.7398484,2.0263746,0.07977876,6.300334,0.9583677,3.4960728,161.8855
2025-07-14 01:00:00,-0.021917807,0.8605211,2.078889,0.14838643,6.610035,0.9655843,3.482135,178.54097
2025-07-14 02:00:00,0.17333324,0.9214131,2.1526065,0.10419981,6.7193646,1.0035521,3.6751444,190.6538
2025-07-14 03:00:00,0.3653515,0.9844257,2.2338548,0.07782929,6.9035683,1.0705917,3.8102822,200.36148
2025-07-14 04:00:00,0.5060511,1.0353051,2.2538526,0.08738314,6.28103,0.9396688,3.8508055,206.04912
2025-07-14 05:00:00,0.6790928,1.2026751,2.3136892,0.011462885,5.930528,0.8240864,4.0298405,209.45132
2025-07-14 06:00:00,0.811283,1.1261712,2.1964958,0.06872685,5.894769,0.6981258,4.087066,215.76862
2025-07-14 07:00:00,1.3294497,1.0958339,2.4478965,0.059903294,6.586763,0.8337895,4.733588,230.50204
2025-07-14 08:00:00,1.9005032,0.8694994,2.7633157,0.09278291,6.713601,1.1094865,5.0975904,245.41544
2025-07-14 09:00:00,2.3757493,0.70639575,3.0718973,0.07927964,6.6723623,1.0986767,5.058849,253.44089
2025-07-14 10:00:00,2.264085,0.42209563,2.9345193,0.048679575,6.4294567,1.4044102,4.558443,259.4395
2025-07-14 11:00:00,2.607116,0.4935542,3.283698,0.1109996,7.315622,1.4847748,4.9966826,259.28018
2025-07-14 12:00:00,2.8004556,0.50771105,3.5001504,0.21477495,7.1818023,1.539824,5.3642755,259.72412
2025-07-14 13:00:00,2.9345405,0.44475493,3.6027675,0.14313911,6.2320313,1.5692613,5.3846426,261.38193
2025-07-14 14:00:00,3.0453112,0.34521815,3.6513436,0.061901093,6.850343,1.7571995,5.2645745,263.53253
2025-07-14 15:00:00,3.0269828,0.20482285,3.54318,0.02206327,6.2765336,1.7344766,5.1582274,266.12894
2025-07-14 16:00:00,2.8835518,0.14581959,3.3302128,0.067538,6.3204436,1.5593599,4.9118376,267.10504
2025-07-14 17:00:00,2.5203779,0.14380708,2.8728065,0.122335136,5.756936,1.129057,4.274525,266.73438
2025-07-14 18:00:00,2.037904,0.251996,2.3294747,0.05693374,5.192982,0.8935854,3.5664308,262.9509
2025-07-14 19:00:00,1.7522352,0.4248051,2.0588434,0.043521363,4.381118,0.95724624,3.169844,256.37238
2025-07-14 20:00:00,1.6582757,0.57548976,2.0669951,0.102654934,4.722086,1.1668996,3.1112943,250.86113
2025-07-14 21:00:00,1.6492512,0.7752731,2.1539955,0.2790613,6.030667,1.451875,3.2063937,244.82292
2025-07-14 22:00:00,1.340334,0.8316778,2.0922651,0.12717593,6.668298,1.1972456,3.2723377,238.18039
2025-07-14 23:00:00,1.448516,0.99928117,2.1899803,0.12159488,7.5019674,1.3022612,3.497005,235.39955
2025-07-15 00:00:00,1.5572238,1.1796471,2.318662,0.15634258,7.3443165,1.2511133,3.678138,232.8549
2025-07-15 01:00:00,1.6934893,1.2456603,2.4050717,0.3386437,7.541614,1.4016906,3.6550188,233.66335
2025-07-15 02:00:00,1.8050945,1.2255023,2.446573,0.16214593,7.7185683,1.5062557,3.5774965,235.8269
2025-07-15 03:00:00,1.9005836,1.173636,2.4727468,0.17373559,7.475567,1.5148795,3.6100094,238.30411
2025-07-15 04:00:00,1.9996965,1.1580093,2.5392401,0.19696301,7.37052,1.3744072,3.9947886,239.92519
2025-07-15 05:00:00,2.245927,1.1305745,2.7444868,0.17667273,7.908979,1.4456022,4.150377,243.27983
2025-07-15 06:00:00,2.525845,0.92261237,2.9060876,0.46110776,8.582331,1.514255,4.3011246,249.93433
2025-07-15 07:00:00,2.8998895,0.72373676,3.1829307,0.098557815,8.957115,1.7355051,4.578148,255.98674
2025-07-15 08:00:00,3.2655938,0.48874727,3.482019,0.41030374,8.758806,1.9490576,5.0588903,261.48798
2025-07-15 09:00:00,3.4910538,0.3170661,3.6816938,0.528765,8.979516,2.1208284,5.29741,264.8105
2025-07-15 10:00:00,3.1432,0.29658344,3.4697633,0.1492505,8.581897,1.8088694,5.456293,264.60968
2025-07-15 11:00:00,3.6945107,0.13105074,3.9726315,0.3267742,8.757392,2.3702693,5.7779083,267.96848
2025-07-15 12:00:00,4.0996666,-0.21691895,4.3047166,0.31754372,9.395281,2.7304852,5.912278,273.02878
2025-07-15 13:00:00,4.309458,-0.59666073,4.5111723,0.42175022,9.514868,2.835431,5.9772387,277.8827
2025-07-15 14:00:00,4.3356752,-0.86323756,4.562856,0.8338875,8.923662,3.0382094,5.9221606,281.2604
2025-07-15 15:00:00,4.125837,-0.9951308,4.3787313,0.7044277,8.457499,2.8797197,5.739795,283.56046
2025-07-15 16:00:00,3.8648117,-1.0539864,4.135983,0.72894365,8.044769,2.6544776,5.522296,285.2544
2025-07-15 17:00:00,3.6246326,-1.0090609,3.899662,0.42398062,8.377107,2.6504698,5.3289676,285.55667
2025-07-15 18:00:00,3.1126952,-0.7372004,3.3585546,0.7399563,9.093829,1.9891285,4.974772,283.32425
2025-07-15 19:00:00,2.671143,-0.38594592,2.8918917,0.6843388,9.204236,1.3735981,4.880499,278.22162
2025-07-15 20:00:00,2.3843484,-0.02735406,2.642935,0.4925947,8.947281,1.3744866,4.936595,270.6573
2025-07-15 21:00:00,2.2811928,0.29357785,2.5964258,0.07822283,9.309537,1.360476,4.645945,262.66663
2025-07-15 22:00:00,2.017576,0.5716017,2.5657697,0.27449435,9.301182,1.1533339,4.7079897,254.18199
2025-07-15 23:00:00,2.0725944,0.82502913,2.7324743,0.44670466,10.82886,1.3009548,4.770001,248.29419
2025-07-16 00:00:00,2.044749,0.9983834,2.7761178,0.108429365,10.196357,1.3541832,4.9437404,243.97528
2025-07-16 01:00:00,2.0274823,1.141969,2.812761,0.32661572,10.226878,1.4124728,5.0654087,240.60983
2025-07-16 02:00:00,2.0136092,1.3072584,2.8586378,0.33227012,10.3127775,1.4109621,5.236286,237.0079
2025-07-16 03:00:00,2.1067088,1.3969302,2.943952,0.5158133,10.36223,1.4893874,4.9651833,236.45218
2025-07-16 04:00:00,2.122828,1.469407,2.9601336,0.5617816,10.20036,1.5133781,4.6542115,235.3093
2025-07-16 05:00:00,2.2597435,1.5829287,3.1090815,0.28313908,10.307197,1.6438469,4.6844363,234.98914
2025-07-16 06:00:00,2.345155,1.4957721,3.145562,0.21794717,10.247384,1.5447695,4.7544026,237.46971
2025-07-16 07:00:00,2.7159312,1.4231089,3.4278145,0.14551146,9.957834,1.703409,4.941566,242.34612
2025-07-16 08:00:00,3.077922,1.2962028,3.660505,0.13054456,9.866141,1.870693,5.2563386,247.16263
2025-07-16 09:00:00,3.3560452,1.0963782,3.8143044,0.37099612,10.163429,1.9530814,5.474052,251.90843
2025-07-16 10:00:00,3.1133049,0.63904136,3.438504,0.4154011,9.081386,1.5688014,4.959187,258.4005
2025-07-16 11:00:00,3.2231395,0.57523406,3.6059976,0.070454724,8.81166,1.5464658,5.2371397,259.88095
2025-07-16 12:00:00,3.42413,0.36253026,3.85856,0.11290681,8.946269,1.7006783,5.6123986,263.95633
2025-07-16 13:00:00,3.5197701,0.03394338,4.003517,0.26333204,8.947041,2.0039456,5.918273,269.44748
2025-07-16 14:00:00,3.5916352,-0.33080187,4.1156826,0.45830065,8.628044,2.1738174,6.0408597,275.2623
2025-07-16 15:00:00,3.4821715,-0.6995297,4.066301,0.6511968,8.475187,2.0637288,6.1624146,281.3589
2025-07-16 16:00:00,3.2785685,-1.1042026,3.940904,0.6802971,7.814172,1.8330655,6.101338,288.61322
2025-07-16 17:00:00,3.0591176,-1.3322638,3.75557,0.9097101,7.0941286,1.8371868,5.759452,293.53342
2025-07-16 18:00:00,2.8398936,-1.3845364,3.5059485,0.5881313,6.9252744,1.6047124,5.6226287,295.99066
2025-07-16 19:00:00,2.7220595,-1.2881144,3.2754464,0.17020579,7.2754035,1.508925,5.4676495,295.32413
2025-07-16 20:00:00,2.7393563,-1.2111474,3.2221231,0.13910598,7.527039,1.6874495,5.097938,293.8516
2025-07-16 21:00:00,2.8559496,-1.1782078,3.2761579,0.43657959,7.6663766,1.7621993,5.337328,292.41833
2025-07-16 22:00:00,2.707818,-0.99517,3.032776,0.680301,8.331801,1.5789194,5.444952,290.17926
2025-07-16 23:00:00,2.8295338,-0.8849875,3.1496725,0.5253278,8.566221,1.6692009,5.862679,287.368
2025-07-17 00:00:00,2.8797905,-0.88575786,3.2042334,0.6242771,8.666465,1.677521,6.2515836,287.0967
2025-07-17 01:00:00,2.9398766,-0.9160808,3.2845788,0.7818683,8.965477,1.60903,6.2390566,287.3073
2025-07-17 02:00:00,2.954104,-0.8706141,3.3134952,0.65937626,9.007066,1.5421137,6.090655,286.42096
2025-07-17 03:00:00,2.9974802,-0.8746548,3.3668265,0.6074551,9.246421,1.5034832,6.0433044,286.26706
2025-07-17 04:00:00,3.0899081,-0.89142054,3.4793813,0.31221873,9.03999,1.5303758,5.9844837,286.09253
2025-07-17 05:00:00,3.2889578,-1.0396514,3.7639906,0.03702274,9.142918,1.7016468,5.8621716,287.54193
2025-07-17 06:00:00,3.3926737,-1.3927641,4.015355,0.25170287,9.486353,1.7326866,5.7426434,292.31918
2025-07-17 07:00:00,3.3843174,-1.5479007,4.0854845,0.2612264,9.016951,1.9648346,5.6052604,294.57816
2025-07-17 08:00:00,3.433308,-1.5808642,4.1695642,0.24727072,8.845768,2.2360668,5.8266287,294.72366
2025-07-17 09:00:00,3.4337182,-1.6075844,4.2409744,0.6163818,8.8955,2.3886504,5.7757387,295.08786
2025-07-17 10:00:00,3.0047042,-1.4098734,3.9627748,0.11102068,9.595338,1.9887457,5.754815,295.137
2025-07-17 11:00:00,3.0888453,-1.3507863,4.1007133,0.6896934,9.541681,2.241848,6.0371766,293.6203
2025-07-17 12:00:00,3.1908965,-1.3809843,4.2283583,1.0218157,9.66206,2.3709939,6.0042176,293.4024
2025-07-17 13:00:00,3.2076771,-1.4245259,4.2811995,0.89216834,10.182922,2.4391835,5.9641137,293.94595
2025-07-17 14:00:00,3.2296143,-1.5946915,4.331203,0.85554975,9.834603,2.4603767,6.050067,296.27884
2025-07-17 15:00:00,3.135588,-1.7424206,4.2401257,0.15907301,9.708931,2.458214,5.8459287,299.06058
2025-07-17 16:00:00,2.9334977,-1.8643163,4.07542,0.2330954,9.473737,2.3579369,5.5320272,302.43704
2025-07-17 17:00:00,2.5224357,-1.7982132,3.6627734,0.22872354,8.498926,2.0476987,5.341691,305.4846
2025-07-17 18:00:00,2.1331522,-1.5998114,3.2009194,0.087062694,7.563492,1.4890113,5.038606,306.869
2025-07-17 19:00:00,1.8518512,-1.3757299,2.860254,0.07078081,7.074331,1.317248,4.811313,306.60846
2025-07-17 20:00:00,1.7400315,-1.2582064,2.7435124,0.049705755,7.2767806,1.3769019,4.6081405,305.87045
2025-07-17 21:00:00,1.682279,-1.1637582,2.688704,0.1715426,7.403555,1.3145026,4.3949466,304.6745
2025-07-17 22:00:00,1.6822184,-0.9213595,2.5401847,0.031164145,7.080711,1.0311065,4.1319046,298.70975
2025-07-17 23:00:00,1.6720375,-0.9592363,2.5506046,0.07929434,6.7074804,1.1449952,4.1921673,299.8426
2025-07-18 00:00:00,1.5974187,-1.0038275,2.5345895,0.09418451,6.22354,1.1121637,4.1585455,302.1455
2025-07-18 01:00:00,1.436333,-1.0034518,2.4806278,0.13000907,5.7286506,1.1046977,4.0068374,304.93893
2025-07-18 02:00:00,1.2377636,-0.90123236,2.3433309,0.08554744,5.304852,1.0098379,3.8818693,306.05887
2025-07-18 03:00:00,1.0369663,-0.8616952,2.2333758,0.02523531,5.2383037,0.9506377,3.733214,309.7258
2025-07-18 04:00:00,0.9263776,-0.7977357,2.113341,0.047832176,5.072547,0.9401799,3.6039538,310.73288
2025-07-18 05:00:00,0.8711775,-0.7496247,2.0274634,0.085409924,4.657801,0.7523154,3.390849,310.71112
2025-07-18 06:00:00,0.7840667,-0.7577016,1.8478447,0.07447896,4.8549438,0.6081358,3.2090743,314.0203
2025-07-18 07:00:00,0.8092037,-0.78141123,1.7710369,0.016532037,4.7533417,0.56388074,3.0287788,313.999
2025-07-18 08:00:00,0.9253383,-0.84710735,1.8090702,0.042537075,4.858659,0.5806744,3.0642998,312.47275
2025-07-18 09:00:00,1.0131449,-0.99582404,1.933125,0.043138266,4.396181,0.6689056,3.1080778,314.506
2025-07-18 10:00:00,0.80121136,-1.0043331,1.8780848,0.060514923,4.2660875,0.7051301,3.122334,321.41873
2025-07-18 11:00:00,0.7219251,-1.0996263,1.9620823,0.21479231,4.5999146,0.8088501,3.1989872,326.71436
2025-07-18 12:00:00,0.64806265,-1.1984612,2.006452,0.043612517,4.7121706,0.8331473,3.2482615,331.5979
2025-07-18 13:00:00,0.57716286,-1.2434152,2.0068705,0.013186225,4.649214,0.865164,3.1685047,335.1004
2025-07-18 14:00:00,0.5181402,-1.2503093,1.956033,0.024493968,4.5992665,0.802631,3.1140254,337.49042
2025-07-18 15:00:00,0.36032477,-1.2665046,1.8587329,0.025239062,5.1281047,0.7492675,2.8080695,344.11877
2025-07-18 16:00:00,0.16209824,-1.2553397,1.7853492,0.10646925,5.410319,0.71343195,2.6238692,352.64227
2025-07-18 17:00:00,-0.058759533,-1.2293668,1.7398475,0.046798654,4.553275,0.7729347,2.6613872,2.7364502
2025-07-18 18:00:00,-0.27393484,-1.0313783,1.509416,0.06081553,4.983665,0.6946126,2.5095067,14.87439
2025-07-18 19:00:00,-0.4478302,-0.98288995,1.5988532,0.07568206,4.7629366,0.9206972,2.3905895,24.49524
2025-07-18 20:00:00,-0.6380269,-0.8849203,1.706526,0.025744725,4.1845717,0.8833823,2.5148995,35.791565
2025-07-18 21:00:00,-0.7526612,-0.6791522,1.7141205,0.12660396,4.5544033,0.8575617,2.5316064,47.938965
2025-07-18 22:00:00,-0.90540993,-0.4761736,1.658928,0.023565114,5.446061,0.7318103,2.5013616,62.259216
2025-07-18 23:00:00,-0.9629022,-0.21750662,1.6656218,0.05090151,5.300202,0.7244783,2.618003,77.27127
2025-07-19 00:00:00,-0.9650821,-0.10501181,1.7053792,0.057642285,5.3370576,0.7797645,2.787018,83.79001
2025-07-19 01:00:00,-0.9468755,-0.025606722,1.695853,0.11439239,5.282405,0.7868553,2.7131944,88.4509
2025-07-19 02:00:00,-0.9705716,0.06558722,1.6868415,0.021149766,5.034744,0.7538045,2.685855,93.86595
2025-07-19 03:00:00,-0.9715102,0.14977574,1.6753904,0.08284529,4.817267,0.71133244,2.855059,98.76419
2025-07-19 04:00:00,-1.0723671,0.22501394,1.6770477,0.08687374,4.9381886,0.67419136,2.9908204,101.8504
2025-07-19 05:00:00,-1.2148463,0.33197105,1.7886641,0.052718062,5.2838516,0.62067735,3.173802,105.28363
2025-07-19 06:00:00,-1.171181,0.37064546,1.647858,0.02218312,5.607223,0.37750474,3.2956972,107.5611
2025-07-19 07:00:00,-1.2757404,0.44224137,1.7757756,0.07546807,5.9436073,0.5134162,3.515452,109.119125
2025-07-19 08:00:00,-1.4432893,0.5248277,1.9677491,0.046312597,6.0127015,0.55433106,3.653683,109.982956
2025-07-19 09:00:00,-1.5851341,0.63742685,2.1432734,0.052005447,5.9588923,0.5990327,4.0018697,111.90645
2025-07-19 10:00:00,-1.7358068,0.30613172,2.2406406,0.11811965,7.3014693,1.0539316,3.6123965,100.002
2025-07-19 11:00:00,-1.6926022,0.46432537,2.5168045,0.27756813,7.8694873,1.2205778,4.177365,105.34038
2025-07-19 12:00:00,-1.5906265,0.5924493,2.7495291,0.13533092,7.6846786,1.2274971,4.53267,110.4285
2025-07-19 13:00:00,-1.472208,0.674542,2.8996804,0.1765629,8.2301445,1.2875242,4.8956647,114.6165
2025-07-19 14:00:00,-1.3455031,0.7681044,2.979271,0.10353384,8.742752,1.2839309,5.036887,119.72066
2025-07-19 15:00:00,-1.1995635,0.7851707,3.0313766,0.13988364,8.323849,1.2170287,5.130332,123.206635
2025-07-19 16:00:00,-1.0459561,0.6678413,2.9732804,0.08257035,8.094509,1.2231433,5.01713,122.55818
2025-07-19 17:00:00,-0.98274976,0.43985358,2.8095472,0.14012812,8.073418,1.2537435,4.661624,114.112076
2025-07-19 18:00:00,-0.9501673,0.30414024,2.5721617,0.11801755,8.153958,1.1375573,4.363466,107.74942
2025-07-19 19:00:00,-1.1984468,0.3671409,2.661579,0.098577514,8.93238,1.3059473,4.412521,107.0323
2025-07-19 20:00:00,-1.3870264,0.5685606,2.8346262,0.08654934,9.417175,1.3391036,4.4766483,112.28938
2025-07-19 21:00:00,-1.3932198,0.87030524,2.904649,0.09878802,9.485849,1.3284271,4.494271,121.99187
2025-07-19 22:00:00,-1.4565777,1.1583021,2.9754994,0.050747804,9.869327,1.3723654,4.7580166,128.4925
2025-07-19 23:00:00,-1.3302394,1.3417523,2.825063,0.18792835,10.041497,1.4480891,4.4269133,135.24687
2025-07-20 00:00:00,-1.1337032,1.4459839,2.6912606,0.07220204,9.817777,1.3540665,4.3386393,141.90228
2025-07-20 01:00:00,-1.0275285,1.4323388,2.576446,0.1555752,9.569375,1.3321235,4.226999,144.34518
2025-07-20 02:00:00,-0.97334003,1.4112504,2.4814312,0.02614251,9.290613,1.2838305,4.0839567,145.40596
2025-07-20 03:00:00,-0.9400239,1.3686664,2.3869202,0.105424665,9.363797,1.1573777,3.8933642,145.51804
2025-07-20 04:00:00,-0.99290097,1.3082284,2.3081818,0.04011995,8.836856,1.0744727,4.016563,142.80275
2025-07-20 05:00:00,-1.0967568,1.3630383,2.3698616,0.083995454,8.421894,1.0718302,4.0557017,141.17842
2025-07-20 06:00:00,-1.0603329,1.3030874,2.2255032,0.11889162,7.9307427,0.8604834,4.149866,140.86447
2025-07-20 07:00:00,-0.9941443,1.3184097,2.2358274,0.073704824,7.321923,0.9100035,4.22076,142.98196
2025-07-20 08:00:00,-1.0455735,1.3312296,2.285434,0.21846583,6.527424,0.9936364,4.162097,141.85323
2025-07-20 09:00:00,-1.2225597,1.4053196,2.4375074,0.044893887,6.050848,0.96911377,4.2529354,138.97832
2025-07-20 10:00:00,-1.3385789,1.23716,2.5081048,0.01864473,6.158373,0.85648495,4.450703,132.74516
2025-07-20 11:00:00,-1.4618316,1.4824276,2.7125847,0.12429906,7.2020016,0.9750122,4.6181207,135.4008
2025-07-20 12:00:00,-1.4798527,1.696223,2.9033391,0.10478505,8.297171,1.2260579,4.7565627,138.89726
2025-07-20 13:00:00,-1.4588095,1.7676449,3.0011573,0.11655911,8.642113,1.3851832,5.045596,140.46768
2025-07-20 14:00:00,-1.4523332,1.7078936,2.9923139,0.10853475,8.323683,1.2890918,5.2642007,139.62332
2025-07-20 15:00:00,-1.3658665,1.6006131,2.9604027,0.19459644,8.460674,1.2193313,5.3251314,139.52457
2025-07-20 16:00:00,-1.27585,1.3306283,2.930954,0.31356716,8.692657,1.2163415,5.1989293,136.20396
2025-07-20 17:00:00,-1.1001422,0.91815966,2.7938895,0.33706194,8.550318,1.2340752,5.051444,129.84781
2025-07-20 18:00:00,-1.001464,0.64205724,2.6940856,0.11227975,8.809318,1.2191483,5.0122523,122.6647
2025-07-20 19:00:00,-1.0092465,0.6302041,2.81099,0.27348936,9.178715,1.3659312,4.9429574,121.98192
2025-07-20 20:00:00,-0.9894426,0.77518857,2.9312975,0.10166843,9.177215,1.4465737,5.1861906,128.07729
2025-07-20 21:00:00,-0.86533993,0.9541346,3.0149136,0.2066251,9.0324,1.4592329,5.0966973,137.79396
2025-07-20 22:00:00,-0.3538781,0.981228,2.9201818,0.08078937,8.081312,1.4227862,4.513643,160.16826
2025-07-20 23:00:00,-0.29286852,1.2193615,2.949363,0.18632692,9.091697,1.4372718,4.7346992,166.49442
2025-07-21 00:00:00,-0.14485663,1.4226131,2.8802254,0.1498577,8.44128,1.2881451,5.0560694,174.18594
2025-07-21 01:00:00,-0.0040225466,1.589193,2.8607476,0.21552967,8.376283,1.3159143,4.9123964,179.85498
2025-07-21 02:00:00,0.20397949,1.6980492,2.8565168,0.08126233,8.489223,1.415472,4.5406003,186.84988
2025-07-21 03:00:00,0.42652193,1.7192448,2.8566728,0.17171815,8.67752,1.4173042,4.5776377,193.93303
2025-07-21 04:00:00,0.5901605,1.7008102,2.8709095,0.045234773,8.444055,1.3531469,4.694765,199.13615
2025-07-21 05:00:00,0.7074746,1.6307789,2.8869398,0.114157006,8.398212,1.5385652,4.478782,203.45247
2025-07-21 06:00:00,0.7746343,1.6065542,2.843012,0.041683268,8.161508,1.4714341,4.3314795,205.74203
2025-07-21 07:00:00,0.94821334,1.5598066,2.8266091,0.044493753,7.5883703,1.5490304,4.1982093,211.29561
2025-07-21 08:00:00,1.0665691,1.4679664,2.795167,0.0677627,7.2098484,1.4445053,4.330047,216.00075
2025-07-21 09:00:00,1.1350502,1.3539387,2.7388263,0.16493571,7.294661,1.3768921,4.3560953,219.97418
2025-07-21 10:00:00,0.87192804,1.3054439,2.69108,0.12041914,6.5865626,1.2956592,4.5292497,213.73964
2025-07-21 11:00:00,0.83551395,1.3489174,2.8784707,0.2421512,7.144914,1.3841945,4.6614413,211.77391
2025-07-21 12:00:00,0.82895845,1.434334,3.1673577,0.28363752,7.106557,1.5743617,5.176906,210.02533
2025-07-21 13:00:00,0.83392006,1.4111362,3.2993882,0.22981972,7.0278506,1.6450055,5.4108634,210.58124
2025-07-21 14:00:00,0.8968844,1.3381274,3.4235997,0.029755829,7.052762,1.6614,5.253655,213.8321
2025-07-21 15:00:00,0.9816705,1.3253793,3.4810677,0.07374796,6.8257604,1.6893946,5.1657233,216.52629
2025-07-21 16:00:00,0.91427445,1.313999,3.3688111,0.10467966,6.86052,1.431581,5.2055926,214.83002
2025-07-21 17:00:00,0.8089546,1.2753078,3.27263,0.08041911,6.812005,1.4408387,5.2468877,212.38782
2025-07-21 18:00:00,0.6761087,1.2792528,3.1236877,0.10256201,7.1983542,1.4967726,5.092243,207.85728
2025-07-21 19:00:00,0.65920734,1.3562655,3.0716083,0.30717474,7.2477517,1.5672375,5.133341,205.92189
2025-07-21 20:00:00,0.7925757,1.4678415,3.1539588,0.30658793,7.7242002,1.6705141,5.0105805,208.36728
2025-07-21 21:00:00,1.0150847,1.5200938,3.2425709,0.08846798,6.917599,1.7573576,4.8317165,213.73412
2025-07-21 22:00:00,1.085107,1.3214363,3.0027528,0.408166,8.4626665,1.6471778,4.586085,219.39137
2025-07-21 23:00:00,1.2340257,1.4478768,3.12885,0.10153339,7.600996,1.6177996,4.617628,220.44096
2025-07-22 00:00:00,1.4337653,1.5660129,3.2439249,0.102612175,6.842475,1.601986,4.6441383,222.47571
2025-07-22 01:00:00,1.7055767,1.6153098,3.266018,0.24329852,5.7532973,1.5924153,4.7244864,226.557
2025-07-22 02:00:00,1.9932635,1.6485988,3.321303,0.3479668,5.854509,1.7091204,4.619611,230.40636
2025-07-22 03:00:00,2.2643456,1.62774,3.3913352,0.14308272,6.177017,1.7173383,4.7246337,234.28928
2025-07-22 04:00:00,2.4694326,1.6397264,3.4730756,0.30837476,6.796628,1.7551017,4.7964373,236.41547
2025-07-22 05:00:00,2.7981246,1.6818613,3.6973426,0.22046894,8.307937,1.9397465,5.0369883,238.9913
2025-07-22 06:00:00,3.218108,1.6337986,3.989772,0.14369535,9.98518,1.9620034,5.477497,243.08359
2025-07-22 07:00:00,3.8687365,1.4473377,4.501813,0.1443301,12.423085,2.210899,6.095628,249.48862
2025-07-22 08:00:00,4.1347823,1.2606523,4.7375937,0.30722576,12.956166,2.6911519,6.207835,253.04408
2025-07-22 09:00:00,4.2837176,1.1818241,4.9277315,0.5773576,11.674724,2.9354928,6.3835764,254.57649
2025-07-22 10:00:00,4.2039413,1.286047,4.6422563,0.20453934,13.554011,3.0408242,6.1263957,252.99037
2025-07-22 11:00:00,4.544397,1.2058142,4.945989,0.24684885,14.0489645,3.4313867,6.1612935,255.13953
2025-07-22 12:00:00,4.7640076,0.99629,5.153425,0.56200063,13.087578,3.6720526,6.3402076,258.18805
2025-07-22 13:00:00,4.7942114,0.8246625,5.177611,0.435207,12.557504,3.9515898,6.246817,260.23993
2025-07-22 14:00:00,4.760178,0.712858,5.1533585,0.49268645,11.770775,3.8891785,6.350831,261.483
2025-07-22 15:00:00,4.6691766,0.6541125,5.030744,0.3371026,11.863446,3.6213722,6.0890117,262.02524
2025-07-22 16:00:00,4.4137774,0.618901,4.768012,0.7581222,11.676737,3.1810415,6.177741,262.018
2025-07-22 17:00:00,4.070657,0.6549988,4.4515257,0.6679447,11.026447,2.9678864,5.9166527,260.85904
2025-07-22 18:00:00,3.699963,0.76049846,4.0935197,0.18629672,12.018678,2.476006,5.9813414,258.38507
2025-07-22 19:00:00,3.4673953,0.9375066,3.9100263,0.20277844,12.757009,1.8998494,6.0540743,254.87025
2025-07-22 20:00:00,3.3834183,1.176354,3.913808,0.13359158,13.047639,1.6822815,6.1843686,250.82835
2025-07-22 21:00:00,3.4131618,1.3271394,4.0206165,0.042361267,13.340584,1.5523638,6.4874325,248.75243
2025-07-22 22:00:00,3.2681766,1.2595165,3.9865892,0.33840752,11.804447,1.4930378,6.6977525,248.92393
2025-07-22 23:00:00,3.3353255,1.4883983,4.135539,0.0973977,12.261538,1.4601761,7.3848205,245.95105
2025-07-23 00:00:00,3.3888805,1.5095644,4.2364173,0.15641859,12.260291,1.508795,7.9129567,245.9896
2025-07-23 01:00:00,3.3535836,1.5417988,4.272063,0.029501243,12.409969,1.5124507,8.104722,245.30956
2025-07-23 02:00:00,3.292169,1.5128697,4.2861986,0.12791093,12.766769,1.3961877,8.195064,245.31952
2025-07-23 03:00:00,3.1913931,1.4105563,4.246739,0.06351458,12.720026,1.2999985,8.044087,246.15517
2025-07-23 04:00:00,3.1129913,1.3951527,4.231935,0.006191572,13.035994,1.2626654,7.822832,245.85947
2025-07-23 05:00:00,3.103366,1.4441661,4.293046,0.0624517,12.8041115,1.1539646,7.546093,245.04486
2025-07-23 06:00:00,3.3686078,1.3675009,4.5206075,0.11718791,12.512531,1.1592582,7.519695,247.90509
2025-07-23 07:00:00,3.644281,1.2106872,4.732881,0.11811465,12.135244,1.2027359,7.5155354,251.62271
2025-07-23 08:00:00,3.8056602,1.1409974,4.8591766,0.16227525,11.655474,1.3105273,7.579551,253.31044
2025-07-23 09:00:00,3.8963573,1.0806164,4.915957,0.0813303,11.271026,1.4339242,7.5717273,254.49918
2025-07-23 10:00:00,3.1367881,1.0180461,4.2422166,0.034591485,10.427173,1.6234009,6.7264886,252.01913
2025-07-23 11:00:00,3.426121,0.8747963,4.495502,0.3265715,11.122989,1.8396707,7.180803,255.67662
2025-07-23 12:00:00,3.6020594,0.59387374,4.6553392,0.3694917,10.709495,2.2674065,7.402517,260.63782
2025-07-23 13:00:00,3.7038946,0.31233504,4.654033,0.095601186,10.748886,2.167914,7.3335433,265.17987
2025-07-23 14:00:00,3.7103844,0.0015427873,4.513988,0.107710876,10.535242,2.034139,7.0995526,269.97617
2025-07-23 15:00:00,3.5821822,-0.24597952,4.2492037,0.24857976,10.234046,1.6904248,6.694755,273.9282
2025-07-23 16:00:00,3.2628767,-0.49075976,3.8675718,0.19056252,9.611465,1.3717879,6.055303,278.5536
2025-07-23 17:00:00,2.797087,-0.6239187,3.407601,0.030641837,9.234332,1.1044946,5.553386,282.57455
2025-07-23 18:00:00,2.332805,-0.62869304,2.9310384,0.026404783,8.739906,0.8977374,5.2037954,285.08292
2025-07-23 19:00:00,2.013461,-0.51226723,2.6577106,0.0901009,8.586971,1.0107712,4.8259363,284.2744
2025-07-23 20:00:00,1.8291593,-0.3877052,2.5278764,0.09600882,8.4025345,0.91578007,4.595035,281.9672
2025-07-23 21:00:00,1.7623348,-0.32263595,2.4540474,0.011096991,8.184874,0.91011477,4.4021893,280.37442
2025-07-23 22:00:00,1.6209103,-0.2562128,2.2987092,0.13217267,7.58596,0.8547209,4.139265,278.98227
2025-07-23 23:00:00,1.5454737,-0.19464524,2.2491915,0.069216356,7.2768908,0.8373789,3.7690227,277.17834
2025-07-24 00:00:00,1.486839,-0.1983923,2.144707,0.0023325994,6.6847334,0.8649009,3.6293461,277.60022
2025-07-24 01:00:00,1.4448799,-0.104660034,2.0585592,0.024917608,7.261409,0.75161266,3.5451844,274.143
2025-07-24 02:00:00,1.4719164,-0.049631894,2.0352993,0.09800827,6.991186,0.71124893,3.4530349,271.93124
2025-07-24 03:00:00,1.4056611,-0.077415675,1.9895412,0.080881186,6.6155996,0.6859928,3.4208927,273.15234
2025-07-24 04:00:00,1.3728976,-0.11663282,1.9578468,0.09925506,6.2027974,0.6800214,3.373707,274.85583
2025-07-24 05:00:00,1.5330098,-0.20251712,2.0794315,0.032557353,5.9236445,0.59975785,3.7181504,277.52545
2025-07-24 06:00:00,1.5892825,-0.40333226,2.0946991,0.06319606,5.1971383,0.5114897,3.9365654,284.24005
2025-07-24 07:00:00,1.526787,-0.4666938,2.065308,0.008538216,5.2373137,0.49345896,3.8063538,286.99686
2025-07-24 08:00:00,1.511468,-0.36876905,2.0288162,0.10393162,5.42947,0.5141716,3.6189163,283.71118
2025-07-24 09:00:00,1.5837044,-0.23650628,2.0767448,0.012408923,5.64064,0.6909741,3.5015674,278.49362
2025-07-24 10:00:00,1.4745747,-0.32037228,2.0649366,0.081951626,7.8743596,0.75994205,3.5720358,282.2578
2025-07-24 11:00:00,1.617091,-0.35915932,2.2054102,0.13178547,7.485689,0.7828845,3.8364034,282.52225
2025-07-24 12:00:00,1.6630385,-0.39929116,2.2766929,0.010051976,7.0747776,0.8200579,4.055799,283.501
2025-07-24 13:00:00,1.7880962,-0.5486178,2.3462167,0.03510903,7.001933,0.77124137,4.3752356,287.0569
2025-07-24 14:00:00,1.8141109,-0.69620824,2.385087,0.06287588,7.096299,0.85808927,4.4185596,290.99548
2025-07-24 15:00:00,1.8219568,-0.85358286,2.3896966,0.11611773,6.9333105,0.86751896,4.4748178,295.103
2025-07-24 16:00:00,1.7293812,-0.9455022,2.324258,0.027703915,6.7552094,0.8236213,4.403091,298.6667
2025-07-24 17:00:00,1.5725044,-0.9305457,2.1847608,0.0765716,7.1625137,0.7954178,4.1445875,300.61536
2025-07-24 18:00:00,1.3175639,-0.7569836,1.8577712,0.07672628,8.07585,0.5853892,3.7716906,299.87878
2025-07-24 19:00:00,1.304631,-0.60845,1.8305027,0.04338222,8.325292,0.6453739,3.440768,295.00327
2025-07-24 20:00:00,1.2868443,-0.47045815,1.8524735,0.029422542,8.153913,0.69409645,3.2035308,290.08194
2025-07-24 21:00:00,1.3540311,-0.37829754,1.8867724,0.05405342,7.854063,0.75023293,3.1945746,285.60962
2025-07-24 22:00:00,1.3220528,-0.45192492,1.9530437,0.07142017,7.698726,0.79825044,3.0679858,288.87225
2025-07-24 23:00:00,1.3797508,-0.31823567,1.9911762,0.09985001,7.8686957,0.875173,3.242342,282.98798
2025-07-25 00:00:00,1.4400668,-0.28715143,2.0317678,0.063608125,7.892712,0.7813512,3.6369314,281.27695
2025-07-25 01:00:00,1.4252774,-0.30693302,2.051628,0.017463502,7.8803,0.76276904,3.9314942,282.153
2025-07-25 02:00:00,1.5009279,-0.35873497,2.1162994,0.08441164,8.84627,0.76599705,4.0345407,283.44202
2025-07-25 03:00:00,1.5117848,-0.46219987,2.1312714,0.031281356,9.06049,0.6922829,3.9590495,287.00003
2025-07-25 04:00:00,1.4673536,-0.5233208,2.0924797,0.037562482,8.416607,0.61448383,3.884371,289.6284
2025-07-25 05:00:00,1.5185262,-0.6575173,2.1833026,0.035705835,7.9990153,0.56006837,3.9462094,293.41248
2025-07-25 06:00:00,1.5024925,-0.9455954,2.1687827,0.033128794,7.6382976,0.4774395,4.062945,302.1843
2025-07-25 07:00:00,1.5306928,-1.0500278,2.1953022,0.020312939,7.2506456,0.58568126,4.026077,304.44943
2025-07-25 08:00:00,1.5668623,-1.1486915,2.2891188,0.031761337,6.8901334,0.736378,4.058798,306.24573
2025-07-25 09:00:00,1.5787563,-1.2520851,2.395721,0.16333677,6.9419904,0.80050796,4.1869955,308.41733
2025-07-25 10:00:00,1.3101267,-1.415195,2.4667704,0.0901226,7.1434937,0.75322586,4.361674,317.2078
2025-07-25 11:00:00,1.4716339,-1.4209735,2.4955666,0.07855407,7.016373,0.73991805,4.256614,313.99664
2025-07-25 12:00:00,1.5911688,-1.502895,2.6130755,0.027297257,6.9371104,0.91401136,4.31269,313.36578
2025-07-25 13:00:00,1.6867028,-1.6201972,2.7731295,0.07088567,6.7853365,1.0665025,4.74645,313.84787
2025-07-25 14:00:00,1.7059858,-1.7828617,2.899836,0.069777384,6.7704577,1.034094,4.9539895,316.2623
2025-07-25 15:00:00,1.8195351,-1.8690169,2.9890206,0.06339744,7.1004777,0.9385449,5.347673,315.7686
2025-07-25 16:00:00,1.8167948,-2.0183213,3.055797,0.022246476,7.5174904,0.8839587,5.6158376,318.008
2025-07-25 17:00:00,1.7233025,-1.9669548,2.9081547,0.031511914,7.465852,0.89473933,5.664957,318.77753
2025-07-25 18:00:00,1.6575091,-1.7942889,2.6485054,0.20379615,7.5328646,0.8724628,5.718031,317.2692
2025-07-25 19:00:00,1.6188083,-1.6028739,2.498636,0.06824157,7.3073726,1.0681332,5.3465376,314.7166
2025-07-25 20:00:00,1.5862026,-1.4230808,2.3925357,0.060746245,7.033285,1.1697946,4.846695,311.89725
2025-07-25 21:00:00,1.6179318,-1.2648621,2.330697,0.10890192,6.9544673,1.1193625,4.5832543,308.0175
2025-07-25 22:00:00,1.6957703,-1.069178,2.2987704,0.15708563,8.065989,1.0873907,4.5641756,302.2313
2025-07-25 23:00:00,1.6911671,-0.9640903,2.2562237,0.06259436,7.9006205,0.8692719,4.8708777,299.68634
2025-07-26 00:00:00,1.6745696,-0.9542026,2.294503,0.097252995,7.294422,0.9996176,5.1665897,299.67532
2025-07-26 01:00:00,1.6557035,-0.937726,2.26933,0.11879329,7.3271666,0.95573235,5.1905103,299.5255
2025-07-26 02:00:00,1.6193274,-0.93859696,2.270142,0.17078733,7.528457,1.0061691,5.188229,300.0975
2025-07-26 03:00:00,1.5639166,-0.9684683,2.2867396,0.16842969,7.536715,1.016673,5.1120005,301.76822
2025-07-26 04:00:00,1.4154514,-1.0050086,2.2893531,0.10109892,7.296364,1.0217421,5.02472,305.37576
2025-07-26 05:00:00,1.3459893,-1.1115191,2.4035294,0.027983708,6.96646,1.0465927,4.799386,309.54993
2025-07-26 06:00:00,1.2318722,-1.2892052,2.519477,0.17984408,6.747082,1.0359092,4.6169596,316.30276
2025-07-26 07:00:00,1.233144,-1.3997625,2.6264184,0.27454966,6.9498386,1.1556407,4.4421396,318.62103
2025-07-26 08:00:00,1.3100665,-1.3703786,2.5850604,0.055938974,6.58846,1.345774,4.147038,316.28897
2025-07-26 09:00:00,1.4129184,-1.2924656,2.5522125,0.09345056,6.750086,1.4140354,4.0370474,312.45068
2025-07-26 10:00:00,1.1570637,-1.0361184,2.134212,0.13586952,6.0268774,1.0677046,3.4524744,311.84357
2025-07-26 11:00:00,1.2565906,-1.0385516,2.281936,0.2724115,5.678735,1.3064969,3.4845333,309.57318
2025-07-26 12:00:00,1.3827271,-1.077045,2.5455227,0.6182761,5.9705625,1.6304277,3.5324683,307.91602
2025-07-26 13:00:00,1.4532228,-1.1453044,2.7497046,0.41106942,7.0892234,1.7137768,3.7364354,308.24213
2025-07-26 14:00:00,1.4376155,-1.3062159,2.8576443,0.08949172,7.779579,1.7025995,3.8717544,312.25824
2025-07-26 15:00:00,1.4358158,-1.4334103,2.8238196,0.47437856,7.8602386,1.7430345,3.8854048,314.95197
2025-07-26 16:00:00,1.3237737,-1.5070838,2.6587327,0.086268276,7.677687,1.5553168,3.6835608,318.70496
2025-07-26 17:00:00,1.2318404,-1.4167938,2.3753076,0.088917114,7.4264407,1.2906396,3.5268462,318.99448
2025-07-26 18:00:00,1.0219644,-1.0844079,1.9260147,0.115628935,7.0595393,0.8534499,3.155809,316.69803
2025-07-26 19:00:00,0.9123135,-0.7162768,1.756572,0.011355595,6.3985677,0.80673486,2.9272048,308.1362
2025-07-26 20:00:00,0.9471328,-0.3848114,1.7632921,0.035944022,6.549668,0.892764,2.8301377,292.11145
2025-07-26 21:00:00,1.109594,-0.16320553,1.8269093,0.009307424,6.9326963,1.0170953,2.8721426,278.3674
2025-07-26 22:00:00,1.3085344,0.03025859,2.0331907,0.11121597,7.5882897,1.0642345,3.4375591,268.67532
2025-07-26 23:00:00,1.525156,-0.06699103,2.1155984,0.054157734,7.420911,1.1253663,3.4815767,272.51505
2025-07-27 00:00:00,1.6898742,-0.18011145,2.21571,0.3322879,7.5880175,1.1625338,3.5689158,276.08377
2025-07-27 01:00:00,1.8100759,-0.3063433,2.302848,0.28479284,8.121108,1.2080003,3.7276149,279.6059
2025-07-27 02:00:00,1.7915348,-0.38586798,2.3193004,0.05852925,8.360464,1.1502739,3.7262478,282.1549
2025-07-27 03:00:00,1.8007809,-0.45492718,2.3373039,0.17096028,8.584523,1.1564968,3.9939165,284.17786
2025-07-27 04:00:00,1.7924907,-0.5555663,2.3364282,0.14442584,8.740771,1.0569776,3.9613473,287.22034
2025-07-27 05:00:00,1.8716171,-0.62249094,2.429273,0.10496557,8.46489,1.1852994,3.9022791,288.39688
2025-07-27 06:00:00,1.8250939,-0.7994694,2.3978336,0.21016982,7.9838815,0.99444515,3.9141421,293.6555
2025-07-27 07:00:00,1.8430489,-0.9740205,2.4751914,0.39270175,7.5480995,1.1763747,3.911769,297.8557
2025-07-27 08:00:00,1.7912049,-1.0517437,2.446467,0.30889612,7.0425735,1.2137803,3.6994555,300.42023
2025-07-27 09:00:00,1.8061383,-1.0641826,2.458836,0.28943446,6.7743344,1.30407,3.6475658,300.50674
2025-07-27 10:00:00,1.6819082,-1.0921185,2.415436,0.1338223,6.1236024,1.222181,4.0197816,302.99698
2025-07-27 11:00:00,1.8594397,-1.2031984,2.5833573,0.107806474,6.2930984,1.3713017,4.132782,302.9059
2025-07-27 12:00:00,1.9773003,-1.3500267,2.7810714,0.19539173,6.5168967,1.3643574,4.2990484,304.3238
2025-07-27 13:00:00,2.0916038,-1.5113966,2.980047,0.18804584,6.9838376,1.3628771,4.3243876,305.85193
2025-07-27 14:00:00,2.1032484,-1.7360032,3.1179237,0.23513839,7.3238015,1.531503,4.457945,309.53598
2025-07-27 15:00:00,2.0592008,-1.8749629,3.18085,0.3873345,7.436358,1.6468141,4.4310255,312.3188
2025-07-27 16:00:00,1.9544933,-1.9715964,3.1768723,0.2961925,7.5467257,1.6009454,4.4929166,315.2496
2025-07-27 17:00:00,1.8343506,-1.9576313,3.0741348,0.44857398,7.4746065,1.698305,4.3888607,316.8621
2025-07-27 18:00:00,1.6528728,-1.7560123,2.7949293,0.58951205,6.8906794,1.452872,4.0369515,316.73303
2025-07-27 19:00:00,1.6129489,-1.5632398,2.6435776,0.42436054,6.279513,1.4874315,3.8220248,314.10336
2025-07-27 20:00:00,1.6417484,-1.4689707,2.587683,0.41443047,5.9542656,1.5075092,3.7721865,311.8209
2025-07-27 21:00:00,1.7662283,-1.4476223,2.62682,0.44530782,5.941604,1.5348442,3.7884316,309.33847
2025-07-27 22:00:00,1.7542812,-1.3644991,2.5534062,0.36363223,6.472511,1.4068358,3.9388113,307.87616
2025-07-27 23:00:00,1.9366596,-1.5379498,2.7589219,0.23820734,6.9287376,1.5485158,4.3146524,308.45398
2025-07-28 00:00:00,2.0172126,-1.7081279,2.9069705,0.33149385,7.4643226,1.8050869,4.629703,310.25714
2025-07-28 01:00:00,2.057081,-1.9080497,3.0664148,0.2219987,7.356952,1.9131346,5.0314035,312.84753
2025-07-28 02:00:00,2.0718932,-2.0263531,3.161629,0.23930347,7.401226,1.9716729,5.224515,314.36334
2025-07-28 03:00:00,2.0686777,-2.1923606,3.2829087,0.6053423,7.2699537,2.1027293,5.2820973,316.66263
2025-07-28 04:00:00,2.060393,-2.318434,3.371928,0.6383877,7.3545465,2.1429284,5.3823576,318.3725
2025-07-28 05:00:00,2.138777,-2.4939806,3.5517616,0.54742295,7.8458915,2.3386579,5.611525,319.3844
2025-07-28 06:00:00,2.1844103,-2.6448946,3.6707957,0.84944016,8.442645,2.345864,5.5728445,320.4468
2025-07-28 07:00:00,2.2546177,-2.914237,3.899973,0.882522,8.568868,2.5491018,5.439746,322.27246
2025-07-28 08:00:00,2.350509,-2.938914,3.9607155,0.9032648,8.535011,2.7188268,5.4084105,321.3476
2025-07-28 09:00:00,2.5736694,-2.9809241,4.115217,1.0737808,8.415506,2.9281845,5.6257486,319.19333
2025-07-28 10:00:00,2.5208712,-2.8652084,4.006737,1.1420327,8.443944,2.389299,5.58449,318.658
2025-07-28 11:00:00,2.9487998,-2.97422,4.329297,1.3459389,8.369291,2.5270362,5.9675827,315.2459
2025-07-28 12:00:00,3.2421887,-3.0819466,4.5917077,1.5950656,8.772145,2.8021367,6.267136,313.54852
2025-07-28 13:00:00,3.450986,-3.2317138,4.829324,1.2174675,9.533223,3.067506,6.4571724,313.1207
2025-07-28 14:00:00,3.6221578,-3.336895,5.022806,1.2428486,10.236862,3.0833404,6.7184863,312.65265
2025-07-28 15:00:00,3.6581614,-3.3640635,5.059232,1.0321374,10.787429,3.2331378,6.7146235,312.6018
2025-07-28 16:00:00,3.6524575,-3.279094,4.9889436,0.965567,10.993839,3.2279325,6.888083,311.91678
2025-07-28 17:00:00,3.5658545,-2.9840462,4.7332997,0.6961927,10.866273,2.9684234,7.262011,309.9239
2025-07-28 18:00:00,3.4393668,-2.585415,4.3991284,0.73056525,10.453394,2.5497613,7.761648,306.93265
2025-07-28 19:00:00,3.3590171,-2.273268,4.165434,0.99409676,10.179202,2.2557774,8.067231,304.0888
2025-07-28 20:00:00,3.3617327,-2.024732,4.042619,0.6905982,10.565507,2.195302,7.990128,301.06006
2025-07-28 21:00:00,3.4397142,-1.8681406,4.031786,0.3854904,11.335837,2.169763,7.876113,298.5068
2025-07-28 22:00:00,3.4017763,-1.3738977,3.8094792,0.46782932,12.433048,1.8269948,7.7803473,291.9926
2025-07-28 23:00:00,3.5628533,-1.3262753,3.949625,0.4992792,12.525592,1.8138158,8.002662,290.41782
2025-07-29 00:00:00,3.6524246,-1.3403877,4.048188,0.9354653,12.813134,1.8757619,8.040908,290.1524
2025-07-29 01:00:00,3.644737,-1.3201755,4.0434694,0.83155817,12.847149,1.9063762,7.761707,289.9111
2025-07-29 02:00:00,3.629307,-1.2162727,3.9939158,0.68652004,12.619411,1.7892088,7.6998277,288.5273
2025-07-29 03:00:00,3.5299904,-1.0621655,3.8418975,0.80988044,11.8649,1.5704894,7.5850987,286.7464
2025-07-29 04:00:00,3.514467,-0.8460227,3.7688746,0.5922111,11.608351,1.4323474,7.680154,283.53503
2025-07-29 05:00:00,3.6166315,-0.75659883,3.8611777,0.090527296,11.674637,1.4953982,8.045206,281.81586
2025-07-29 06:00:00,3.95655,-0.99965525,4.264776,0.47066885,11.460309,1.4576088,8.356669,284.1795
2025-07-29 07:00:00,4.0296335,-1.1158476,4.3497863,0.4437287,11.66778,1.6314034,8.389771,285.47797
2025-07-29 08:00:00,4.050054,-1.0657027,4.349023,0.4082228,11.867899,1.6479222,8.346361,284.74222
2025-07-29 09:00:00,4.141715,-0.9483696,4.4185863,0.14480378,11.739839,1.8457516,8.34762,282.89725
2025-07-29 10:00:00,4.1163034,-0.8463098,4.3537917,0.014609962,11.445037,1.8852599,7.9241457,281.61807
2025-07-29 11:00:00,4.1943197,-0.8438345,4.4549026,0.3448327,11.420503,2.100139,8.094407,281.3752
2025-07-29 12:00:00,4.225066,-0.83771455,4.48712,0.4068564,11.246467,2.2779393,8.110146,281.21472
2025-07-29 13:00:00,4.2013073,-0.8523815,4.461219,0.47629467,11.310245,2.2592747,7.8606367,281.46878
2025-07-29 14:00:00,4.189016,-0.8468595,4.448218,0.3872138,11.403157,2.1909096,7.9159026,281.429
2025-07-29 15:00:00,4.1500626,-0.85705894,4.427131,0.30340448,11.31985,2.1062615,8.16813,281.66852
2025-07-29 16:00:00,4.020786,-0.84592456,4.3074017,0.033245288,10.607462,2.2727876,8.067374,281.88107
2025-07-29 17:00:00,3.731977,-0.725388,4.000354,0.22474726,10.475561,2.0226092,8.091997,280.99948
2025-07-29 18:00:00,3.1755998,-0.39102668,3.4024947,0.09671718,10.648497,1.4782465,7.6515975,277.01978
2025-07-29 19:00:00,2.8353112,-0.055434357,3.0848963,0.12388514,10.489993,1.3525516,7.408456,271.12006
2025-07-29 20:00:00,2.7270012,0.21625003,3.0208209,0.18639708,10.312696,1.344173,7.6189947,265.46594
2025-07-29 21:00:00,2.723782,0.41554755,3.0414362,0.315561,10.328478,1.3735313,7.6475325,261.32568
2025-07-29 22:00:00,2.554055,0.50582844,2.9865217,0.14659567,10.364626,1.2698151,7.019539,258.79758
2025-07-29 23:00:00,2.6057043,0.729199,3.0125504,0.23556885,10.272143,1.2216079,6.9494457,254.36588
2025-07-30 00:00:00,2.6572227,0.8912671,3.0875707,0.2878736,10.713979,1.3205502,7.104863,251.45789
2025-07-30 01:00:00,2.6780193,0.9659193,3.1551518,0.1350128,11.273257,1.4164861,7.3096733,250.16643
2025-07-30 02:00:00,2.6899335,1.0304421,3.1962802,0.1102999,11.591089,1.3828667,7.0776715,249.03949
2025-07-30 03:00:00,2.6705768,1.0406226,3.2063835,0.11907718,11.53789,1.3889601,7.2377176,248.71103
2025-07-30 04:00:00,2.6479728,1.1019589,3.2481453,0.51656854,11.431221,1.5219376,7.3802366,247.40527
2025-07-30 05:00:00,2.70429,1.1972924,3.3609548,0.42293695,11.45253,1.5880562,7.3536243,246.1192
2025-07-30 06:00:00,2.8721116,1.1547266,3.455011,0.20416425,11.973889,1.5222368,7.8140664,248.0975
2025-07-30 07:00:00,3.2491121,1.0074269,3.6993296,0.14423363,13.2112055,1.497935,7.8588986,252.77332
2025-07-30 08:00:00,3.4525282,0.9114879,3.8910437,0.24242075,13.494345,1.7461684,7.859881,255.21101
2025-07-30 09:00:00,3.6579924,0.94066846,4.1374884,0.61633694,14.158035,2.0610511,8.011111,255.57861
2025-07-30 10:00:00,3.360096,0.8113337,3.954696,0.10225395,13.681579,1.5949603,7.4511647,256.4251
2025-07-30 11:00:00,3.6337626,0.7998327,4.2120275,0.24238393,13.380605,1.9035763,7.5980234,257.5865
2025-07-30 12:00:00,3.8796444,0.7519292,4.4034796,0.28350717,13.538986,2.2426877,7.6054406,259.03128
2025-07-30 13:00:00,4.0471873,0.6101858,4.50841,0.20657136,13.430132,2.2975037,7.879584,261.4262
2025-07-30 14:00:00,4.1417494,0.4036993,4.587068,0.49923897,13.16008,2.3495579,7.8671064,264.43292
2025-07-30 15:00:00,4.2140417,0.22325258,4.639819,0.43771905,13.436674,2.3019667,8.227651,266.9674
2025-07-30 16:00:00,4.0894117,0.10166684,4.498429,0.29477245,13.537059,2.1244247,7.95043,268.57587
2025-07-30 17:00:00,3.7423937,0.18217139,4.122965,0.58220726,13.613289,1.7706832,7.7798553,267.21317
2025-07-30 18:00:00,3.2452173,0.38423282,3.6693957,0.23460914,13.582064,1.3614023,7.555137,263.24762
2025-07-30 19:00:00,2.9384422,0.6428771,3.470823,0.34797785,13.823929,1.398801,7.078161,257.65918
2025-07-30 20:00:00,2.8206139,0.8974197,3.4708965,0.31812456,14.001101,1.4554732,7.0994477,252.35077
2025-07-30 21:00:00,2.8048441,1.0753063,3.5453162,0.3484781,13.84958,1.579084,7.1981363,249.02444
2025-07-30 22:00:00,2.5897827,1.226167,3.430947,0.2529168,12.53051,1.5518316,6.5197906,244.66417
2025-07-30 23:00:00,2.7070503,1.3398511,3.5339231,0.15332423,13.097408,1.5713776,6.539192,243.66695
2025-07-31 00:00:00,2.8484917,1.3805892,3.6506443,0.19142589,12.945771,1.6279612,6.6717176,244.14175
2025-07-31 01:00:00,2.9160438,1.3091456,3.7072036,0.1215747,13.217704,1.6215838,6.7506595,245.82251
2025-07-31 02:00:00,2.8560927,1.2888122,3.6839893,0.26231855,13.170229,1.5795786,6.8329306,245.71272
2025-07-31 03:00:00,2.8046603,1.2417405,3.6441114,0.33069906,13.031806,1.5204291,6.738992,246.11902
2025-07-31 04:00:00,2.690588,1.2966387,3.594396,0.48244447,12.513838,1.5420259,6.5494585,244.26982
2025-07-31 05:00:00,2.6925738,1.3791083,3.6405158,0.39127445,11.673262,1.6542165,6.2713327,242.87895
2025-07-31 06:00:00,2.808477,1.433362,3.7382462,0.22686121,11.028936,1.8269552,6.0486217,242.96161
2025-07-31 07:00:00,3.2830143,1.3339254,4.092785,0.08490998,10.500451,2.1832037,6.3470583,247.88754
2025-07-31 08:00:00,3.544069,1.1865127,4.268739,0.5124199,10.079347,2.3998833,6.3016324,251.49007
2025-07-31 09:00:00,3.7248802,1.1169767,4.40304,0.56957144,9.957871,2.5504632,6.3089895,253.30763
2025-07-31 10:00:00,3.4733071,1.0869627,4.167006,0.7414457,9.310362,2.3694465,5.7070374,252.62262
2025-07-31 11:00:00,3.83088,1.0412375,4.4213414,1.1189716,9.61336,2.8490095,5.843657,254.79428
2025-07-31 12:00:00,4.1714125,0.9067387,4.6721544,1.3478584,9.9894705,3.0086758,6.0166883,257.73642
2025-07-31 13:00:00,4.341214,0.65699273,4.7458277,1.4377251,9.743891,3.036111,6.000429,261.39426
2025-07-31 14:00:00,4.2754517,0.4908901,4.6273193,1.1888156,9.899723,2.8089051,5.834559,263.45023
2025-07-31 15:00:00,4.2256656,0.30286264,4.530023,0.42689788,9.65733,2.8948753,5.6908517,265.9005
2025-07-31 16:00:00,3.9868004,0.17855793,4.2696,0.6223182,9.166191,2.6716163,5.450879,267.43558
2025-07-31 17:00:00,3.4415848,0.2048414,3.7329843,0.60120684,8.985839,2.1601708,5.0627956,266.5938
2025-07-31 18:00:00,2.9681306,0.36995265,3.3042192,0.03704529,8.633259,1.5259421,4.8882694,262.8952
2025-07-31 19:00:00,2.6203172,0.593915,3.0528207,0.16257705,8.177794,1.5192113,4.550315,257.22925
2025-07-31 20:00:00,2.4470513,0.7873733,2.9731255,0.18271151,8.123011,1.60566,4.3869634,252.1637
2025-07-31 21:00:00,2.40552,0.9174116,2.9989893,0.1374868,8.175686,1.6827425,4.328523,249.12427
2025-07-31 22:00:00,2.1744974,0.9271537,2.8452425,0.5080413,8.041724,1.6072533,4.251557,246.90776
2025-07-31 23:00:00,2.2047768,0.99371296,2.9396565,0.3519833,7.87601,1.6946042,4.4802084,245.73848
2025-08-01 00:00:00,2.317516,1.0074528,3.0042398,0.22447807,7.5552154,1.768086,4.506315,246.50482
2025-08-01 01:00:00,2.405621,0.99614817,3.0308177,0.5185476,7.8699403,1.7587941,4.563854,247.50595
2025-08-01 02:00:00,2.4297984,1.012914,3.0412905,0.2916921,7.962459,1.6878728,4.899506,247.37013
2025-08-01 03:00:00,2.5139432,0.95225275,3.0856693,0.24678247,7.807092,1.7253952,4.873267,249.25389
2025-08-01 04:00:00,2.5260122,0.9384716,3.0839233,0.19178607,7.6117764,1.7582481,4.706054,249.6188
2025-08-01 05:00:00,2.6585178,0.940772,3.1810005,0.46678162,7.140565,1.7802483,4.818878,250.51262
2025-08-01 06:00:00,2.895683,0.8549227,3.3450975,0.41044453,6.8506823,1.8665926,4.8669853,253.55127
2025-08-01 07:00:00,3.083487,0.6868513,3.4034312,0.17084773,7.4139476,1.9310822,4.967444,257.4423
2025-08-01 08:00:00,3.1336958,0.7017583,3.411304,0.12863785,7.466538,2.2639585,4.917792,257.37747
2025-08-01 09:00:00,3.3084197,0.6721538,3.5708454,0.20023742,7.1674185,2.482057,5.0441957,258.51584
2025-08-01 10:00:00,3.2697845,0.5279496,3.5392768,0.26432443,7.9438987,1.9586691,4.908359,260.828
2025-08-01 11:00:00,3.3707433,0.5215248,3.6432738,0.26821575,8.233189,2.121906,5.216828,261.20486
2025-08-01 12:00:00,3.4486966,0.39759207,3.6999168,0.22086863,8.197283,2.3471007,5.2828,263.42355
2025-08-01 13:00:00,3.5512588,0.24493574,3.776119,0.18264894,8.485681,2.4717605,5.391293,266.05447
2025-08-01 14:00:00,3.5380611,0.020722672,3.782395,0.35202253,9.311866,2.4381685,5.5115914,269.66443
2025-08-01 15:00:00,3.3883734,-0.17141394,3.7087748,0.1460718,10.272251,2.34418,5.3052874,272.89606
2025-08-01 16:00:00,3.220621,-0.36204734,3.6247947,0.083193354,10.461329,2.2608297,5.424468,276.414
2025-08-01 17:00:00,2.8803868,-0.38896963,3.3008568,0.09311289,9.814553,1.8171889,5.2226157,277.69073
2025-08-01 18:00:00,2.379581,-0.27404827,2.8249931,0.078918636,8.584557,1.2004237,4.818061,276.5696
2025-08-01 19:00:00,2.1020021,0.021130536,2.5759056,0.19796692,7.478932,1.3416064,4.195208,269.42404
2025-08-01 20:00:00,2.0454814,0.25667757,2.5276203,0.32680738,6.407168,1.3633167,4.0439005,262.84763
2025-08-01 21:00:00,2.0848026,0.40409026,2.566357,0.27031496,7.2600265,1.2998977,4.057938,259.03058
2025-08-01 22:00:00,2.1109004,0.4513484,2.5257173,0.04440931,6.0206995,1.4216923,3.9237998,257.93088
2025-08-01 23:00:00,2.1518056,0.43414348,2.5599952,0.041918896,6.594604,1.3415859,3.9510307,258.59326
2025-08-02 00:00:00,2.2141304,0.40026814,2.6383781,0.1713205,7.5079985,1.3277161,3.940075,259.7528
2025-08-02 01:00:00,2.1846302,0.35553104,2.6578639,0.19215979,8.21157,1.3140182,4.0693426,260.7566
2025-08-02 02:00:00,2.1544173,0.31600004,2.6801488,0.09569627,8.729067,1.3248937,4.460323,261.6556
2025-08-02 03:00:00,2.1188574,0.24015024,2.6746106,0.17787845,10.273788,1.2491539,4.44004,263.53372
2025-08-02 04:00:00,2.047273,0.2225214,2.6460092,0.21256904,10.675615,1.1326358,4.4829206,263.79678
2025-08-02 05:00:00,2.2294135,0.16792132,2.8844447,0.107630625,11.205205,1.0281689,4.6784916,265.69257
2025-08-02 06:00:00,2.4016526,-0.054937415,3.0551465,0.025874533,11.109735,0.9347932,5.008337,271.3104
2025-08-02 07:00:00,2.3940306,-0.16889624,3.0685797,0.12909128,11.193135,0.9769702,4.9504676,274.03546
2025-08-02 08:00:00,2.4215496,0.010691462,3.0365539,0.22005606,11.423594,0.90527767,5.002237,269.74704
2025-08-02 09:00:00,2.58154,0.11452258,3.1391287,0.17228478,11.277502,0.9522228,5.1659894,267.4599
2025-08-02 10:00:00,2.462748,0.006474263,3.141862,0.10131839,12.038686,1.0695252,5.4010453,269.84937
2025-08-02 11:00:00,2.6896565,-0.05565829,3.3865135,0.19174512,12.489206,1.1468645,5.565751,271.1855
2025-08-02 12:00:00,2.8661647,-0.15702243,3.5896187,0.1485168,12.667952,1.2988904,5.780416,273.1358
2025-08-02 13:00:00,3.0607378,-0.29846933,3.7062547,0.1876646,12.952322,1.4576054,5.8170233,275.5696
2025-08-02 14:00:00,3.1639078,-0.36541337,3.7491343,0.15099098,13.009964,1.5384921,5.6855197,276.58813
2025-08-02 15:00:00,3.2097816,-0.41147718,3.8117087,0.013162755,12.776323,1.6515725,5.7446527,277.30518
2025-08-02 16:00:00,3.2175152,-0.50817007,3.8131096,0.24339364,12.244042,1.552657,5.739095,278.97507
2025-08-02 17:00:00,3.0771642,-0.5557053,3.6525218,0.64509356,12.655752,1.4654676,5.357372,280.23672
2025-08-02 18:00:00,2.8301923,-0.43141463,3.4055579,0.6563519,11.920763,1.3645381,5.1485634,278.66705
2025-08-02 19:00:00,2.7002993,-0.2579193,3.2926757,0.24465038,11.172781,1.4480462,5.2803607,275.45605
2025-08-02 20:00:00,2.7588308,-0.080969736,3.3286793,0.3258773,11.112137,1.4554805,5.301561,271.68112
2025-08-02 21:00:00,2.8347023,-0.0029783507,3.366755,0.27958485,11.677868,1.5048661,5.3450212,270.0602
2025-08-02 22:00:00,2.7730415,0.32531697,3.3123472,0.23377703,12.931084,1.502005,5.5417104,263.309
2025-08-02 23:00:00,2.9409106,0.329968,3.4043596,0.5813658,12.426667,1.5496082,5.9805293,263.59824
2025-08-03 00:00:00,3.120273,0.31904024,3.4975574,0.2153129,11.707642,1.5517488,6.181928,264.16193
2025-08-03 01:00:00,3.3142016,0.31724712,3.6386864,0.4209667,11.955074,1.6598616,6.584427,264.5321
2025-08-03 02:00:00,3.3737953,0.29339972,3.687296,0.5180298,12.3059,1.6300474,6.914457,265.02982
2025-08-03 03:00:00,3.4111428,0.24077173,3.713164,0.558442,11.7587385,1.5660279,7.1804824,265.96252
2025-08-03 04:00:00,3.4047892,0.24757962,3.700948,0.5098756,12.074725,1.5920136,7.223037,265.84106
2025-08-03 05:00:00,3.4340065,0.27619398,3.760635,0.46609038,12.461375,1.6493071,7.2572036,265.40164
2025-08-03 06:00:00,3.6338613,0.10179509,4.0062666,0.39857787,12.108187,1.7498102,7.0975847,268.3954
2025-08-03 07:00:00,3.7257023,-0.0138388965,4.1293654,0.43743518,11.791927,1.8774865,7.3765564,270.21283
2025-08-03 08:00:00,3.7557864,0.06577693,4.1149707,0.7008563,11.658639,1.9968066,7.2542663,268.99664
2025-08-03 09:00:00,3.8619926,0.07500932,4.1889944,0.9134913,11.582912,2.1339831,7.031851,268.88733
2025-08-03 10:00:00,3.5324802,0.24429116,3.8076274,0.3238275,11.570251,1.6411799,6.7675285,266.04398
2025-08-03 11:00:00,3.8344913,0.33435926,4.1259346,0.49278995,11.30825,1.9211637,7.1229076,265.01654
2025-08-03 12:00:00,4.042344,0.37349558,4.3372083,0.48535228,11.214096,2.1769195,7.3971767,264.7211
2025-08-03 13:00:00,4.157197,0.32066882,4.455794,0.57856286,10.781124,2.3097284,7.3626604,265.58917
2025-08-03 14:00:00,4.1498184,0.32350242,4.471131,0.9882492,10.87634,2.4500206,7.313319,265.54248
2025-08-03 15:00:00,4.0474706,0.33475763,4.415208,1.3239846,10.806754,2.391758,7.3299866,265.27194
2025-08-03 16:00:00,3.8417425,0.44354042,4.2632565,0.9306858,10.535933,2.2058213,7.3020706,263.41418
2025-08-03 17:00:00,3.4561117,0.7355009,3.9409473,0.4090824,10.944275,1.8741174,7.164425,257.98602
2025-08-03 18:00:00,3.117703,1.0564781,3.6489556,0.07794389,10.606852,1.3532112,7.348744,251.28032
2025-08-03 19:00:00,2.8476205,1.4002154,3.4901717,0.062557034,10.645827,1.2667342,7.365764,243.81601
2025-08-03 20:00:00,2.7307212,1.7049301,3.5014381,0.19691114,9.824112,1.4097006,7.273893,238.02135
2025-08-03 21:00:00,2.719699,1.911054,3.6013756,0.17101301,10.283849,1.4764792,7.380466,234.9054
2025-08-03 22:00:00,2.607987,2.0624459,3.6853213,0.08242886,10.478036,1.607314,7.6097217,231.66238
2025-08-03 23:00:00,2.6764085,2.0683968,3.8268461,0.10977127,10.421851,1.5612236,7.5980983,232.30225
2025-08-04 00:00:00,2.757535,1.9798188,3.9489694,0.11567735,10.047472,1.7182834,7.6096563,234.3229
2025-08-04 01:00:00,2.866329,1.8634945,4.0086083,0.17297246,10.092206,1.7065458,7.5377345,236.97078
2025-08-04 02:00:00,2.867569,1.7874467,4.003257,0.41567847,10.268577,1.7048831,7.344241,238.0634
2025-08-04 03:00:00,2.8677714,1.7044884,3.9580977,0.47066608,10.054004,1.6913755,7.095587,239.27444
2025-08-04 04:00:00,2.860438,1.6189892,3.8979657,0.55630946,10.056082,1.6596954,6.8233294,240.49042
2025-08-04 05:00:00,2.9447231,1.5323215,3.8850164,0.47098893,9.689373,1.8941933,6.1762414,242.50925
2025-08-04 06:00:00,3.065237,1.359323,3.8850024,0.28832704,8.780997,1.970488,5.713803,246.08443
2025-08-04 07:00:00,3.25767,1.1931322,3.941787,0.10081379,8.173495,2.1186306,5.783314,249.88458
2025-08-04 08:00:00,3.425366,1.1446698,4.0110893,0.47873703,8.189973,2.359825,5.612818,251.52168
2025-08-04 09:00:00,3.6876621,1.2365636,4.2356544,0.426309,8.488026,2.6504588,5.7724566,251.46243
2025-08-04 10:00:00,3.5070066,1.5839802,4.1013656,0.23559825,7.6161613,2.7004833,5.4692545,245.69313
2025-08-04 11:00:00,3.7323868,1.6220188,4.3291984,0.39261147,9.894271,2.8431768,5.6413856,246.51123
2025-08-04 12:00:00,3.8507895,1.7147559,4.4679155,0.46461943,10.522713,2.8327389,5.8232927,245.9966
2025-08-04 13:00:00,3.8570664,1.7534629,4.5195827,0.67602086,11.367132,2.7939568,6.1231437,245.55296
2025-08-04 14:00:00,3.8258588,1.8060822,4.546791,0.4673548,12.473764,2.629836,6.206128,244.7293
2025-08-04 15:00:00,3.688498,1.9770731,4.4903035,0.35154554,13.930502,2.4676247,6.3396907,241.80823
2025-08-04 16:00:00,3.3668816,2.148928,4.269908,0.39898956,14.28411,2.3031695,6.336756,237.45175
2025-08-04 17:00:00,2.7262087,2.4187396,3.8398025,0.12824892,14.48321,1.7446386,6.700464,228.42001
2025-08-04 18:00:00,2.2968185,2.700595,3.7022681,0.13018304,14.420121,1.307589,6.922355,220.3807
2025-08-04 19:00:00,2.1674685,2.9394498,3.8731933,0.30227056,14.382696,1.5206802,7.3518705,216.40404
2025-08-04 20:00:00,2.2272239,3.0433342,4.127668,0.20623666,13.673933,1.6558491,7.820002,216.19804
2025-08-04 21:00:00,2.3781586,2.9674525,4.336411,0.6163187,12.603142,1.7072456,8.229867,218.70918
2025-08-04 22:00:00,2.5691912,2.7994475,4.3256574,0.13392876,12.387721,1.7369528,8.273113,222.54414
2025-08-04 23:00:00,2.6959069,2.7218566,4.331795,0.1332032,13.498823,1.6527202,7.9297047,224.72557
2025-08-05 00:00:00,2.8033838,2.5376554,4.3359303,0.1751165,14.243499,1.6946987,8.191731,227.84824
2025-08-05 01:00:00,2.8292794,2.3175514,4.268791,0.08815736,13.756433,1.7035404,8.361465,230.67802
2025-08-05 02:00:00,2.8387368,2.1181278,4.154472,0.2035997,14.14199,1.7270789,8.279789,233.27148
2025-08-05 03:00:00,2.847641,1.9615453,4.021276,0.13384481,14.367784,1.7156242,7.9290004,235.4397
2025-08-05 04:00:00,2.8562264,1.8260899,3.9620857,0.054877196,14.22252,1.7896069,7.7322774,237.40775
2025-08-05 05:00:00,2.9151084,1.7062333,3.9931805,0.11410756,14.122662,1.8892045,7.9538574,239.65927
2025-08-05 06:00:00,3.0506997,1.5790834,4.041124,0.26904142,13.860115,1.8405843,8.224686,242.6333
2025-08-05 07:00:00,3.4187887,1.3321863,4.182102,0.3676248,13.415657,1.437009,8.33416,248.71082
2025-08-05 08:00:00,3.774836,1.0554442,4.3422856,0.24912561,13.193426,1.5552711,8.482997,254.37901
2025-08-05 09:00:00,4.1584334,0.88558096,4.570499,0.36291224,13.152077,1.9776165,8.59215,257.97787
2025-08-05 10:00:00,3.8475065,0.7096306,4.2680078,0.20289813,11.632429,1.8795741,8.309198,259.54987
2025-08-05 11:00:00,4.3677535,0.5219854,4.7160053,0.16368279,12.055206,2.1706066,8.826124,263.18497
2025-08-05 12:00:00,4.8082724,0.23148449,5.100464,0.30713522,11.928878,2.437771,9.578138,267.24374
2025-08-05 13:00:00,5.110591,-0.14915343,5.391058,0.31816584,12.260216,2.7134569,10.030597,271.67172
2025-08-05 14:00:00,5.230682,-0.5452353,5.534871,0.54611695,12.29449,2.812598,10.066624,275.9509
2025-08-05 15:00:00,5.215084,-0.8249293,5.54978,0.80130017,12.372522,2.8793464,10.091284,278.98865
2025-08-05 16:00:00,5.084702,-1.0761563,5.4756103,0.6354272,12.803412,2.7117112,10.078982,281.95007
2025-08-05 17:00:00,4.699667,-1.1465322,5.1483006,0.50737494,12.421648,2.632147,9.64396,283.71008
2025-08-05 18:00:00,4.299381,-1.0458205,4.754509,0.34402215,12.484471,2.180958,9.62961,283.67163
2025-08-05 19:00:00,4.015463,-0.8911133,4.447112,0.50960547,12.085179,1.9200695,9.404871,282.51233
2025-08-05 20:00:00,3.8605087,-0.6851712,4.2335668,0.57623893,12.015267,1.9490924,9.146885,280.06418
2025-08-05 21:00:00,3.792728,-0.5084612,4.1061234,0.62486154,11.800701,1.920452,9.081511,277.63568
2025-08-05 22:00:00,3.6581535,-0.23825032,3.9516993,0.31562153,13.114748,1.4910107,9.539368,273.72632
2025-08-05 23:00:00,3.685543,-0.1813837,3.9654365,0.22166663,13.267652,1.5641813,9.083758,272.81754
2025-08-06 00:00:00,3.6286905,-0.16319811,3.913833,0.061938252,12.540781,1.4756026,9.472784,272.5751
2025-08-06 01:00:00,3.5459855,-0.07945499,3.8886223,0.43513322,12.098549,1.5758011,9.062566,271.2836
2025-08-06 02:00:00,3.4366455,0.04772867,3.8342805,0.23276293,12.577807,1.5696348,8.91444,269.2043
2025-08-06 03:00:00,3.3124843,0.1576435,3.7817664,0.295176,13.027609,1.5066293,9.124997,267.2753
2025-08-06 04:00:00,3.197963,0.24371874,3.7667017,0.34997705,13.108499,1.4639684,9.123519,265.64188
2025-08-06 05:00:00,3.14594,0.32777983,3.7434099,0.10528235,13.463693,1.1753721,9.058538,264.05173
2025-08-06 06:00:00,3.164405,0.36004555,3.8736725,0.121730104,13.431006,1.085948,9.085589,263.50882
2025-08-06 07:00:00,3.4828758,0.046249803,4.2684655,0.11551671,13.306071,1.1460617,9.294485,269.2392
2025-08-06 08:00:00,3.573301,-0.098872416,4.4530764,0.041604273,12.985294,1.2292783,9.432268,271.58496
2025-08-06 09:00:00,3.6599252,-0.14157104,4.577456,0.24851818,12.916274,1.3623853,9.613471,272.21518
2025-08-06 10:00:00,3.1184635,-0.017787624,4.235357,0.06839099,11.965284,1.2408327,8.485386,270.3268
2025-08-06 11:00:00,3.2025366,0.021152806,4.2909307,0.04230463,12.020611,1.2666749,8.605074,269.62155
2025-08-06 12:00:00,3.317879,-0.071658984,4.3664513,0.14684436,12.32642,1.2369404,8.728491,271.23727
2025-08-06 13:00:00,3.274327,-0.17282063,4.2927985,0.09817429,12.813076,1.188399,8.3260765,273.0213
2025-08-06 14:00:00,3.0386992,-0.28600702,4.1054115,0.024352768,13.265839,1.2017875,8.082902,275.37692
2025-08-06 15:00:00,2.7905483,-0.3508606,3.9287617,0.090868294,13.009341,1.243624,8.495139,277.1663
2025-08-06 16:00:00,2.4264617,-0.46806955,3.665047,0.04364974,12.476566,1.1780472,8.420991,280.91837
2025-08-06 17:00:00,1.9723185,-0.50018024,3.2153184,0.07284389,11.997425,1.0630857,7.9844995,284.23022
2025-08-06 18:00:00,1.6090566,-0.44766894,2.7745416,0.044566803,11.863167,0.85101265,7.69274,285.54755
2025-08-06 19:00:00,1.2186543,-0.4328799,2.7121818,0.09046473,11.194468,1.1071597,7.048773,289.5556
2025-08-06 20:00:00,0.87426305,-0.16944638,2.5726926,0.0179176,10.545846,1.0093784,6.382786,280.96884
2025-08-06 21:00:00,0.5893522,0.16878447,2.4409385,0.06389866,10.464015,0.9946325,5.5863433,254.01883
2025-08-06 22:00:00,0.3375772,0.57956386,2.2692661,0.13537605,9.573964,0.9852275,4.9898877,210.21942
2025-08-06 23:00:00,0.25144833,0.89529705,2.353383,0.06834683,9.74409,1.1465199,5.2821383,195.68765
2025-08-07 00:00:00,0.17610994,1.1272142,2.4593437,0.15700163,9.390733,1.2533822,5.3912287,188.8798
2025-08-07 01:00:00,0.16135427,1.2841752,2.526119,0.04507702,9.091917,1.3618324,5.3221765,187.16159
2025-08-07 02:00:00,0.114997245,1.4824153,2.5814736,0.09586385,8.745626,1.428594,5.603079,184.43579
2025-08-07 03:00:00,0.09951081,1.5788933,2.5326726,0.07248438,8.440037,1.364649,5.607405,183.60634
2025-08-07 04:00:00,0.082399525,1.7147534,2.556559,0.07395109,8.549972,1.3376112,5.652402,182.75114
2025-08-07 05:00:00,0.076171465,1.8944442,2.6302047,0.13929057,9.004042,1.2347817,5.5810184,182.30249
2025-08-07 06:00:00,0.10786191,2.0362792,2.604162,0.1298026,9.305682,1.1574205,5.581064,183.03214
2025-08-07 07:00:00,0.22181042,2.1379569,2.5583367,0.109708086,8.810173,0.91710955,5.4085355,185.92319
2025-08-07 08:00:00,0.45676526,2.362538,2.7240381,0.06043286,8.817867,0.9741058,5.3572845,190.94238
2025-08-07 09:00:00,0.7934381,2.4425647,2.855771,0.008371959,8.886247,1.0544871,5.263311,197.99577
2025-08-07 10:00:00,0.8583597,2.2138474,2.729876,0.12156178,8.5395355,1.1305785,4.6384964,201.19247
2025-08-07 11:00:00,1.2068931,2.322299,3.0235837,0.1773578,8.266174,1.2767632,5.053566,207.46078
2025-08-07 12:00:00,1.4207718,2.3670993,3.160731,0.30164087,8.657276,1.4458953,5.0775833,210.97287
2025-08-07 13:00:00,1.5883735,2.3046508,3.1784208,0.135296,9.00633,1.5731627,5.020715,214.57475
2025-08-07 14:00:00,1.7276859,2.196122,3.193961,0.25904927,9.177297,1.6446176,5.094841,218.19208
2025-08-07 15:00:00,1.775591,2.0518968,3.130588,0.3047307,8.708953,1.5851322,4.4714518,220.87099
2025-08-07 16:00:00,1.715219,1.8131644,2.9282937,0.28465834,8.8217945,1.5262543,4.0833993,223.40993
2025-08-07 17:00:00,1.3098676,1.3280046,2.3439705,0.090757675,8.933854,1.0525589,3.604052,224.60606
2025-08-07 18:00:00,0.88333046,1.1559886,2.1049812,0.026242029,8.722364,1.0408709,3.5277398,217.38469
2025-08-07 19:00:00,0.7669484,1.3089979,2.2794318,0.08871621,8.315554,0.90952307,3.7239037,210.36626
2025-08-07 20:00:00,0.7174633,1.5524029,2.31379,0.020842321,7.9360447,0.89760745,4.119026,204.80464
2025-08-07 21:00:00,0.7700777,1.7279143,2.3592474,0.03471636,8.126622,0.9433613,4.4354672,204.02106
2025-08-07 22:00:00,0.88264793,1.8187358,2.4542851,0.119624674,8.256601,1.2130215,4.4788785,205.8877
2025-08-07 23:00:00,0.9820998,1.8739322,2.491767,0.0824514,8.318725,1.2756604,4.6279693,207.65836
2025-08-08 00:00:00,1.0376171,1.8875308,2.4623773,0.0849084,7.550585,1.2720412,4.5847445,208.79857
2025-08-08 01:00:00,1.0839217,1.878371,2.4447258,0.048722696,7.383356,1.2812898,4.4750113,209.98727
2025-08-08 02:00:00,1.160306,1.9442081,2.5049753,0.051856965,7.75299,1.205213,4.4856777,210.82881
2025-08-08 03:00:00,1.2924038,1.8945556,2.51847,0.12795568,8.1885605,1.2150775,4.302198,214.30054
2025-08-08 04:00:00,1.372359,1.8249272,2.5279915,0.094503835,7.792944,1.1703111,4.1932445,216.94345
2025-08-08 05:00:00,1.4357882,1.7762897,2.5524552,0.045683473,7.5210066,1.1652088,4.163249,218.94887
2025-08-08 06:00:00,1.5287286,1.8107296,2.6328666,0.039407603,7.119273,1.193096,4.3096247,220.1731
2025-08-08 07:00:00,1.6711216,1.5753697,2.5191555,0.059537224,6.70812,0.7629417,4.4899697,226.68939
2025-08-08 08:00:00,2.058393,1.4807748,2.744391,0.072524406,6.5668087,0.7017091,4.709217,234.26938
2025-08-08 09:00:00,2.475877,1.374007,3.0403314,0.14137673,7.0532947,0.9817169,4.7503266,240.97159
2025-08-08 10:00:00,2.100717,1.1952721,2.726699,0.03853946,7.279063,1.1293396,4.1956463,240.36087
2025-08-08 11:00:00,2.5349748,1.1396942,3.0787656,0.301419,7.623795,1.3773003,4.501483,245.79189
2025-08-08 12:00:00,2.940597,0.87683886,3.3357368,0.27807045,7.60252,1.5728976,4.8222103,253.39627
2025-08-08 13:00:00,3.302427,0.54871595,3.544789,0.2617715,7.4739037,1.7457229,5.149725,260.5662
2025-08-08 14:00:00,3.3188345,0.14444754,3.4892952,0.22182949,7.793257,1.8856491,4.859552,267.50784
2025-08-08 15:00:00,3.1072025,-0.2482143,3.2850187,0.12671088,7.7225494,1.7835321,5.0778837,274.5673
2025-08-08 16:00:00,2.7201686,-0.5392419,2.9754367,0.118832916,7.8614497,1.4729688,5.023594,281.21286
2025-08-08 17:00:00,2.0670257,-0.7581404,2.4786873,0.032559242,7.646613,0.99553937,4.7399287,290.14194
2025-08-08 18:00:00,1.6360515,-0.858836,2.2581913,0.085798115,7.531122,0.9726592,4.417107,297.69696
2025-08-08 19:00:00,1.3017706,-1.0012541,2.2270696,0.040348098,7.496183,0.9837502,4.277896,307.5656
2025-08-08 20:00:00,0.99392825,-0.9335793,2.1214051,0.03167461,7.154318,0.87863934,3.9499304,313.2067
2025-08-08 21:00:00,0.7188028,-0.82898235,2.0473542,0.021935968,6.741652,0.85913634,3.7657337,319.07175
2025-08-08 22:00:00,0.5005811,-0.48440635,1.8407931,0.095338255,6.2693095,0.72411853,3.1225784,314.0592
2025-08-08 23:00:00,0.39791745,-0.26110882,1.8062526,0.09512234,6.5101295,0.78846663,3.0117545,303.27243
2025-08-09 00:00:00,0.22909999,-0.07393254,1.792032,0.026180742,6.5096993,0.8334978,3.0405521,287.88535
2025-08-09 01:00:00,0.100517064,0.048915554,1.7706099,0.04551306,6.6387024,0.78627425,3.0569632,244.05063
2025-08-09 02:00:00,-0.014988667,0.2362844,1.7769009,0.018698243,6.3054414,0.7700353,3.183715,176.37032
2025-08-09 03:00:00,-0.13642718,0.35604364,1.810123,0.07868868,6.098498,0.79462814,3.352448,159.0344
2025-08-09 04:00:00,-0.25019673,0.51487154,1.843687,0.04842893,6.4442525,0.8527458,3.513118,154.08304
2025-08-09 05:00:00,-0.3363169,0.66220176,1.8530438,0.02651203,7.2494974,0.7640272,3.5220697,153.07504
2025-08-09 06:00:00,-0.46904033,0.84914005,1.8856755,0.046761874,8.119777,0.72588587,3.6410484,151.08502
2025-08-09 07:00:00,-0.40139854,1.0109987,1.7618625,0.048419204,8.927373,0.5594717,3.5013323,158.34537
2025-08-09 08:00:00,-0.28679267,1.1875672,1.8160502,0.090955295,9.8224125,0.52039254,3.4409106,166.42325
2025-08-09 09:00:00,-0.048221897,1.3978878,1.9751785,0.011561944,10.221062,0.5997777,3.5304074,178.02429
2025-08-09 10:00:00,0.06336975,1.1503688,1.8077435,0.06958989,9.74874,0.6097961,3.2047477,183.15305
2025-08-09 11:00:00,0.40559882,1.2977691,2.0316331,0.020454548,9.139634,0.8032648,3.6420066,197.35588
2025-08-09 12:00:00,0.81312394,1.3938743,2.29049,0.051608413,8.620171,1.0599415,3.8993487,210.25739
2025-08-09 13:00:00,1.2397045,1.3372065,2.5399024,0.15582448,8.140177,1.3069799,3.945552,222.83315
2025-08-09 14:00:00,1.5764663,1.1771076,2.7316995,0.08394731,8.163558,1.4197768,4.0225883,233.25223
2025-08-09 15:00:00,1.8861616,0.8901907,2.8797343,0.09925839,8.572814,1.4095296,4.146106,244.73462
2025-08-09 16:00:00,1.9878857,0.4513896,2.9096138,0.038838368,9.143928,1.1111246,4.516451,257.20676
2025-08-09 17:00:00,1.7009128,-0.13455942,2.6379304,0.018714318,9.016682,0.69265616,4.7773247,274.52325
2025-08-09 18:00:00,1.4229649,-0.36928374,2.6425455,0.049586985,8.6983595,0.84285146,4.771425,284.5483
2025-08-09 19:00:00,1.380127,-0.51675624,2.8019025,0.08175437,8.568244,1.0938993,4.641609,290.52722
2025-08-09 20:00:00,1.493983,-0.56811774,2.89925,0.01893138,8.140106,1.3052403,4.84095,290.82034
2025-08-09 21:00:00,1.6197964,-0.5920163,2.9398944,0.122262105,8.814911,1.3595889,5.0932646,290.07675
2025-08-09 22:00:00,1.7353499,-0.70989704,2.84755,0.110286824,8.294607,1.3523663,4.7036405,292.24847
2025-08-09 23:00:00,1.9966159,-0.8050917,2.9413457,0.13525867,8.67366,1.4080652,5.1899405,291.9607
2025-08-10 00:00:00,2.2176294,-0.9451257,3.0346918,0.06238964,8.792857,1.4719942,5.3956175,293.0831
2025-08-10 01:00:00,2.3493896,-1.1342056,3.1439838,0.126649,9.042287,1.4193531,5.654609,295.76968
2025-08-10 02:00:00,2.399716,-1.2663496,3.2255144,0.22694875,9.286473,1.4277107,6.2651396,297.82098
2025-08-10 03:00:00,2.4001288,-1.3926305,3.2677655,0.16760048,9.893357,1.4646246,6.5829425,300.12366
2025-08-10 04:00:00,2.3093097,-1.4265417,3.2325008,0.15211612,10.67234,1.4895432,6.6114836,301.70508
2025-08-10 05:00:00,2.2436287,-1.4895427,3.2658794,0.27465352,10.550311,1.3089411,6.6204853,303.58014
2025-08-10 06:00:00,2.2030742,-1.6277655,3.384589,0.095085576,10.123555,1.416321,6.4669113,306.45926
2025-08-10 07:00:00,2.1273754,-1.8943889,3.5309052,0.35001537,9.946021,1.4048136,6.3519115,311.68448
2025-08-10 08:00:00,2.1042476,-2.0075736,3.6316648,0.40459007,9.768099,1.5849496,6.2877126,313.65314
2025-08-10 09:00:00,2.153213,-2.0248368,3.7121346,0.43928578,9.562707,1.840926,6.3769336,313.24005
2025-08-10 10:00:00,2.033463,-1.7248173,3.5445251,0.07432751,8.947014,1.8281646,6.366814,310.30518
2025-08-10 11:00:00,2.3596,-2.03249,3.844826,0.25671527,9.685402,2.0528407,6.775515,310.74063
2025-08-10 12:00:00,2.4549103,-2.330613,4.035047,0.49673954,10.189941,2.2851589,6.866332,313.51215
2025-08-10 13:00:00,2.3851528,-2.5315878,4.1210475,1.0391235,10.364136,2.4415426,6.797278,316.70593
2025-08-10 14:00:00,2.1375303,-2.7226872,4.1345887,1.1023859,10.275195,2.522197,6.4916806,321.8652
2025-08-10 15:00:00,1.791266,-2.8335881,4.060498,1.2260269,10.037037,2.4584286,6.129476,327.70078
2025-08-10 16:00:00,1.4100531,-2.832508,3.8917153,1.3724252,9.83948,2.4027762,5.5607047,333.53537
2025-08-10 17:00:00,0.9481263,-2.6466436,3.515387,0.9388167,9.551555,2.255935,5.0146523,340.2906
2025-08-10 18:00:00,0.6310326,-2.2122917,2.926525,0.72614694,8.943052,1.4808224,4.4422984,344.07977
2025-08-10 19:00:00,0.30090952,-2.1145902,2.7837133,0.81229794,8.394333,1.784193,3.9741669,351.9011
2025-08-10 20:00:00,-0.037442595,-1.9742794,2.6944664,0.56189173,7.8073134,1.7551268,3.859688,1.0864868
2025-08-10 21:00:00,-0.33340907,-1.725218,2.5711608,0.20109464,7.7863555,1.6462855,3.6803834,10.937927
2025-08-10 22:00:00,-0.35136208,-1.5418574,2.5014846,0.20517606,7.9370036,1.4282626,3.6623225,12.837463
2025-08-10 23:00:00,-0.5278374,-1.2628673,2.4247277,0.115772754,7.3280735,1.2136431,3.6986213,22.68335
2025-08-11 00:00:00,-0.69703424,-0.97417676,2.3514698,0.045193147,6.489332,1.189393,3.681515,35.584137
2025-08-11 01:00:00,-0.74715114,-0.70116156,2.2843518,0.124362975,6.214584,1.2415777,3.5836482,46.818756
2025-08-11 02:00:00,-0.743807,-0.38265908,2.2313094,0.21247225,5.912611,1.2349702,3.441651,62.776
2025-08-11 03:00:00,-0.692827,-0.195981,2.2100613,0.17804535,6.0560474,1.2511917,3.4556105,74.20529
2025-08-11 04:00:00,-0.6978545,-0.05310306,2.1852,0.15129665,6.181055,1.2011706,3.408871,85.64847
2025-08-11 05:00:00,-0.71610445,0.04014175,2.1803386,0.21314313,6.4171185,0.9945244,3.4608302,93.208405
2025-08-11 06:00:00,-0.8174756,0.13174728,2.1702542,0.033159796,6.6072307,0.75543636,3.674986,99.15527
2025-08-11 07:00:00,-0.8731195,0.31043223,2.2887428,0.08636405,6.6449795,0.82631487,3.9340398,109.57254
2025-08-11 08:00:00,-0.84577775,0.4801376,2.4878364,0.06467046,6.8567424,0.9297353,4.078698,119.58305
2025-08-11 09:00:00,-0.7681728,0.45595035,2.5703897,0.053681843,7.2353554,0.8369096,4.190245,120.69133
2025-08-11 10:00:00,-0.65416986,0.2600873,2.4215388,0.018411005,7.897782,0.7415703,4.0347557,111.68198
2025-08-11 11:00:00,-0.61463475,0.023260169,2.4317837,0.040609542,7.8456974,0.7509869,4.062193,92.16727
2025-08-11 12:00:00,-0.601904,-0.19362083,2.4014466,0.031236945,7.443858,0.74854696,3.9337862,72.16803
2025-08-11 13:00:00,-0.6767471,-0.39743537,2.3803506,0.08437708,7.1424284,0.7564977,3.8004572,59.57544
2025-08-11 14:00:00,-0.7796606,-0.57284176,2.419944,0.060498297,6.6325483,0.9331906,3.8051453,53.69409
2025-08-11 15:00:00,-0.9700771,-0.6734875,2.465879,0.117665924,6.43649,1.0145737,3.8016381,55.229248
2025-08-11 16:00:00,-1.1170089,-0.72829044,2.4762535,0.06821362,6.677086,1.1253777,3.732375,56.89563
2025-08-11 17:00:00,-1.1057649,-0.7559571,2.309123,0.035540942,6.8528132,1.13185,3.4032624,55.64148
2025-08-11 18:00:00,-1.0159714,-0.7781694,2.1227472,0.15287629,6.8909383,1.3090812,3.077222,52.55017
2025-08-11 19:00:00,-1.3076155,-0.7296572,2.3400333,0.27074823,6.8017,1.6666136,3.0207765,60.838196
2025-08-11 20:00:00,-1.4559603,-0.49930468,2.3856542,0.07923061,6.676718,1.6813462,3.2192183,71.07117
2025-08-11 21:00:00,-1.5235827,-0.176644,2.3845387,0.18558767,6.57478,1.597045,3.3000956,83.38666
2025-08-11 22:00:00,-1.4437643,-0.098239794,2.2692423,0.09747018,5.6709514,1.3920722,3.255935,86.10736
2025-08-11 23:00:00,-1.4624465,0.16331111,2.2418642,0.29068986,5.2202897,1.446777,3.1904387,96.371826
2025-08-12 00:00:00,-1.448928,0.33152318,2.1973634,0.08840392,4.4964952,1.4356782,3.1297739,102.88777
2025-08-12 01:00:00,-1.4272498,0.43973726,2.1630454,0.15531127,4.646707,1.4561319,3.034287,107.12413
2025-08-12 02:00:00,-1.4121761,0.5558863,2.1460993,0.047947653,4.7624598,1.4081174,3.0685527,111.486496
2025-08-12 03:00:00,-1.3704178,0.57437384,2.0941963,0.10081763,4.735608,1.3284327,2.891391,112.7397
2025-08-12 04:00:00,-1.3655647,0.59923697,2.077792,0.1148863,4.6983657,1.3500595,2.8715324,113.69284
2025-08-12 05:00:00,-1.4570935,0.58651155,2.1007364,0.054549377,4.907943,1.240802,3.073145,111.92586
2025-08-12 06:00:00,-1.5815822,0.62199074,2.1631265,0.2144477,5.3236938,1.1239442,3.2951314,111.46829
2025-08-12 07:00:00,-1.5776751,0.67338395,2.0967011,0.08964889,5.792429,0.99823505,3.2549372,113.113785
2025-08-12 08:00:00,-1.743623,0.82936877,2.29967,0.10815419,6.426742,1.0095893,3.56328,115.43849
2025-08-12 09:00:00,-1.901196,0.9596327,2.519625,0.14411762,6.9250207,1.1122212,3.7751002,116.782455
2025-08-12 10:00:00,-1.7772884,1.1788054,2.5609672,0.14998421,6.4993863,1.2926025,3.7179508,123.55475
2025-08-12 11:00:00,-1.7984879,1.1237047,2.6088638,0.13638216,6.7822156,1.2036643,3.7659347,121.99736
2025-08-12 12:00:00,-1.7958151,1.085933,2.6375794,0.1066714,7.0537524,1.1559387,3.919382,121.16144
2025-08-12 13:00:00,-1.8213893,1.0114115,2.6403167,0.049416095,6.567426,1.122061,3.859635,119.043274
2025-08-12 14:00:00,-1.8948262,0.93062776,2.6578965,0.20048465,6.6954165,1.1067395,3.776254,116.15758
2025-08-12 15:00:00,-1.9852818,0.91410786,2.7181046,0.023826025,6.954715,1.0958904,3.8346028,114.72334
2025-08-12 16:00:00,-2.010519,0.74168396,2.6834517,0.10110529,7.0635734,0.99992466,3.7348645,110.249115
2025-08-12 17:00:00,-1.985566,0.29535738,2.436582,0.051503807,7.1035686,1.062493,3.7570634,98.460846
2025-08-12 18:00:00,-2.1476011,0.05019688,2.4328206,0.08537894,7.3100777,1.1477282,3.9926596,91.338974
2025-08-12 19:00:00,-2.4275355,0.21398431,2.735892,0.12802817,7.6838965,1.3701112,4.213991,95.03754
2025-08-12 20:00:00,-2.4585102,0.44253457,2.8493888,0.08036699,7.8105965,1.434199,4.3806715,100.20404
2025-08-12 21:00:00,-2.3999774,0.6648432,2.908358,0.5683662,7.72601,1.5483953,4.5106096,105.48384
2025-08-12 22:00:00,-2.213466,0.8926478,2.9309077,0.34376702,7.263111,1.522707,5.0370493,111.96327
2025-08-12 23:00:00,-2.0220122,0.9575628,2.8070078,0.1260761,7.5728683,1.397144,5.081632,115.340805
2025-08-13 00:00:00,-1.8853409,0.98590624,2.7395456,0.114621244,7.671473,1.3608501,5.1003575,117.60655
2025-08-13 01:00:00,-1.7396376,0.93411255,2.6585183,0.13775706,7.5374813,1.3312839,5.0698137,118.23395
2025-08-13 02:00:00,-1.650728,0.8834744,2.6046698,0.17496833,7.7607036,1.2418098,4.874645,118.15584
2025-08-13 03:00:00,-1.5772343,0.85779923,2.5210428,0.19215727,7.626622,1.1481597,4.752199,118.540146
2025-08-13 04:00:00,-1.548699,0.8573885,2.4533045,0.2732812,7.185434,1.1018368,4.727412,118.96973
2025-08-13 05:00:00,-1.5530837,0.8272969,2.4224658,0.055644203,7.140753,0.9672334,4.8377876,118.04335
2025-08-13 06:00:00,-1.4711725,0.8995959,2.501415,0.06339072,7.0729995,0.95173097,5.0427475,121.44505
2025-08-13 07:00:00,-1.3023554,0.8100664,2.2528849,0.18418196,7.1451216,0.75936675,4.966145,121.88165
2025-08-13 08:00:00,-1.0821941,0.6941285,2.154618,0.004769,6.8835306,0.6742846,4.942185,122.67647
2025-08-13 09:00:00,-0.93834996,0.5093858,2.1175482,0.048885908,6.3843107,0.7003354,4.73783,118.49545
2025-08-13 10:00:00,-0.88421714,0.3418748,1.9811946,0.057973996,6.631697,0.5427922,4.335982,111.138565
2025-08-13 11:00:00,-0.9151966,0.19782154,2.1205182,0.029002443,6.8539615,0.6269429,4.718086,102.19696
2025-08-13 12:00:00,-0.8385686,0.1238857,2.1991172,0.079599306,6.8046207,0.6369498,4.891053,98.40379
2025-08-13 13:00:00,-0.76053804,-0.0062965187,2.1860263,0.030139677,7.6191626,0.54259735,4.7762794,89.525635
2025-08-13 14:00:00,-0.76587534,-0.17791954,2.1453269,0.023982283,8.162623,0.5363416,4.6243615,76.92166
2025-08-13 15:00:00,-0.8869666,-0.33933938,2.1454492,0.036715887,8.49869,0.58425593,4.6070523,69.063934
2025-08-13 16:00:00,-1.0765191,-0.5106457,2.152312,0.027739959,8.333779,0.70173746,4.6770616,64.62271
2025-08-13 17:00:00,-1.264636,-0.607833,2.0908256,0.092700884,8.2194395,0.76001173,4.6035614,64.329254
2025-08-13 18:00:00,-1.4937389,-0.704038,2.3169582,0.07106197,8.1020565,1.0501572,4.6392097,64.76428
2025-08-13 19:00:00,-1.8477964,-0.6450282,2.6172686,0.14630501,8.062916,1.2798654,4.934687,70.75696
2025-08-13 20:00:00,-1.9335934,-0.42822638,2.638887,0.08910642,7.8934984,1.1375899,5.0900764,77.51245
2025-08-13 21:00:00,-1.9022415,-0.17931387,2.578457,0.088131465,7.6950583,1.044509,4.98526,84.61493
2025-08-13 22:00:00,-1.6029168,0.1938188,2.3779573,0.08308981,7.476645,0.87935555,4.728814,96.89453
2025-08-13 23:00:00,-1.4825369,0.29198807,2.333878,0.018520758,7.1990333,0.8895813,4.714059,101.14191
2025-08-14 00:00:00,-1.2896274,0.4032234,2.2670095,0.099807166,7.0539045,0.92281073,4.605138,107.36273
2025-08-14 01:00:00,-1.1063097,0.5046449,2.2094133,0.008420557,6.866377,0.88241243,4.4923725,114.52017
2025-08-14 02:00:00,-0.89945364,0.5654433,2.1759567,0.070540674,6.5659122,0.8497795,4.4289064,122.15561
2025-08-14 03:00:00,-0.6784062,0.53129166,2.0833733,0.051855665,6.751436,0.8273114,4.182584,128.06616
2025-08-14 04:00:00,-0.59901714,0.44633567,1.9859774,0.046288237,6.0704384,0.8546943,3.653668,126.69029
2025-08-14 05:00:00,-0.70409745,0.41081485,1.8756273,0.08009233,5.730766,0.70227736,3.385182,120.26199
2025-08-14 06:00:00,-0.82419485,0.44558716,1.8514091,0.10459877,5.9661922,0.6457152,3.21037,118.39714
2025-08-14 07:00:00,-0.90597284,0.37682694,1.6227583,0.012069306,6.173678,0.42627376,3.0598464,112.5842
2025-08-14 08:00:00,-1.0098295,0.30869684,1.6451854,0.02498436,6.3214126,0.44901615,3.2010674,106.997986
2025-08-14 09:00:00,-1.1386509,0.25636417,1.7415173,0.041999396,6.760159,0.4672002,3.2396445,102.688416
2025-08-14 10:00:00,-1.2380078,0.02440169,1.9374226,0.0020567693,7.829319,0.5113384,4.2588863,91.12918
2025-08-14 11:00:00,-1.3235494,0.05233311,2.135827,0.082925566,7.602905,0.70894843,4.6583247,92.26431
2025-08-14 12:00:00,-1.2533273,0.12421809,2.1887543,0.10660564,8.288972,0.82059205,4.5251245,95.66014
2025-08-14 13:00:00,-1.2067987,0.095244534,2.1383648,0.06456871,7.1149964,0.79139656,4.0905066,94.512634
2025-08-14 14:00:00,-1.1581008,0.025024002,2.0677538,0.119347766,6.958867,0.83243185,3.816657,91.237854
2025-08-14 15:00:00,-1.0909919,-0.05023152,2.030268,0.09266074,7.075845,0.9172591,3.5291018,87.36383
2025-08-14 16:00:00,-1.0496838,-0.2625852,2.0628648,0.1364328,6.938301,0.9575276,3.2726111,75.95532
2025-08-14 17:00:00,-0.87072134,-0.38600364,1.9305812,0.053895123,7.009988,0.8662547,3.1301003,66.09155
2025-08-14 18:00:00,-0.83612925,-0.40486228,1.975766,0.06053459,7.042973,0.9073482,3.0388756,64.16327
2025-08-14 19:00:00,-0.79824126,-0.37815693,2.226893,0.058938984,6.8481026,0.99969304,3.7581446,64.651306
2025-08-14 20:00:00,-0.66478294,-0.21335705,2.3209624,0.19904745,6.801266,0.9396085,4.1376314,72.20636
2025-08-14 21:00:00,-0.4484422,-0.051804826,2.3894029,0.067282066,6.7787356,1.084081,4.1912985,83.41028
2025-08-14 22:00:00,-0.20656317,0.28403288,2.2847257,0.10786082,6.8012,0.86771685,4.164699,143.97345
2025-08-14 23:00:00,0.011175619,0.30015233,2.4450295,0.06206185,7.218133,0.9483447,4.4676213,182.13232
2025-08-15 00:00:00,0.2477516,0.3169795,2.4341006,0.05680587,7.8175006,0.95167834,4.66651,218.01123
2025-08-15 01:00:00,0.4772809,0.30188152,2.3619027,0.09182934,7.738112,0.97857654,4.637616,237.68654
2025-08-15 02:00:00,0.6336608,0.23755296,2.3492064,0.13587514,7.74234,0.840891,4.7605033,249.4495
2025-08-15 03:00:00,0.8542097,0.2005937,2.3470902,0.11604551,7.352034,0.8395729,4.781184,256.7847
2025-08-15 04:00:00,0.9711015,0.11653838,2.3473432,0.041422382,7.185562,0.87501067,4.7426925,263.15686
2025-08-15 05:00:00,1.1114593,0.023858972,2.3405938,0.08881163,7.6258273,0.8387488,4.781483,268.77026
2025-08-15 06:00:00,1.2228369,-0.1437782,2.3559067,0.056213453,7.0182104,0.79407215,4.7865334,276.7059
2025-08-15 07:00:00,1.2897995,-0.38880053,2.2409248,0.032845836,7.3661494,0.55686927,4.757993,286.77505
2025-08-15 08:00:00,1.373016,-0.57527447,2.3499436,0.0055939853,7.1158504,0.630884,4.8191795,292.733
2025-08-15 09:00:00,1.4658616,-0.7764278,2.4941769,0.07634422,6.9337907,0.76297444,4.938667,297.90897
2025-08-15 10:00:00,1.2344496,-0.77895087,2.4527786,0.10251527,7.490074,0.77766466,5.028023,302.25235
2025-08-15 11:00:00,1.5660442,-1.1410469,2.7400556,0.08283081,7.333135,0.80691457,5.4937787,306.07773
2025-08-15 12:00:00,1.8100965,-1.5520585,2.993115,0.1409966,7.890821,0.85498065,6.062655,310.61127
2025-08-15 13:00:00,1.9571248,-1.9484578,3.3087394,0.11718081,9.208205,1.0241393,6.247082,314.87286
2025-08-15 14:00:00,1.9606129,-2.2752404,3.5509334,0.054089867,9.726987,1.1831083,6.471811,319.248
2025-08-15 15:00:00,1.8966906,-2.5520258,3.713614,0.10515458,9.571068,1.3479736,6.3928995,323.3799
2025-08-15 16:00:00,1.7595116,-2.673854,3.6855605,0.09070546,9.653973,1.3653967,6.0913806,326.65335
2025-08-15 17:00:00,1.6411175,-2.5354948,3.4755962,0.06339636,9.398131,1.0921178,5.852656,327.08673
2025-08-15 18:00:00,1.5871083,-2.361752,3.30196,0.13755791,8.885472,1.2207775,5.965531,326.09872
2025-08-15 19:00:00,1.515731,-2.3545194,3.2966504,0.09331847,8.448764,1.3769197,6.085576,327.22842
2025-08-15 20:00:00,1.4243032,-2.3980114,3.370042,0.09656016,8.666596,1.3919557,6.3769073,329.29172
2025-08-15 21:00:00,1.3663977,-2.4302895,3.3825557,0.023761423,9.130208,1.340127,6.63063,330.65372
2025-08-15 22:00:00,1.1714771,-2.4227753,3.3699648,0.12386518,9.2228985,1.4506873,6.7069736,334.19498
2025-08-15 23:00:00,1.2210801,-2.3756855,3.2473505,0.026000297,9.06804,1.2810688,6.8501635,332.79724
2025-08-16 00:00:00,1.346843,-2.3174834,3.180811,0.0982373,9.81567,1.3168652,6.922237,329.8363
2025-08-16 01:00:00,1.4080687,-2.3668349,3.2140415,0.16296776,10.519035,1.3130965,7.1275883,329.2509
2025-08-16 02:00:00,1.429254,-2.4608257,3.3311818,0.3590211,10.538743,1.3843622,7.8112264,329.85187
2025-08-16 03:00:00,1.4300311,-2.528084,3.4064338,0.10789448,10.93215,1.4055961,8.087341,330.50497
2025-08-16 04:00:00,1.3945985,-2.5917623,3.4563122,0.101941526,11.15242,1.3115494,7.9853,331.7158
2025-08-16 05:00:00,1.3547598,-2.6786737,3.5201635,0.102493115,10.798158,1.2316799,7.9257383,333.17163
2025-08-16 06:00:00,1.3072906,-2.7777302,3.6110196,0.17603074,10.418367,1.2269458,7.7628675,334.79678
2025-08-16 07:00:00,1.1893286,-2.8556135,3.6549704,0.06553765,10.388026,1.1203016,7.4330373,337.38885
2025-08-16 08:00:00,1.2611827,-2.8680122,3.7070274,0.12520756,10.345734,1.481134,7.073772,336.26294
2025-08-16 09:00:00,1.36022,-2.9381657,3.8147058,0.058859155,10.275255,1.6303197,7.142306,335.15826
2025-08-16 10:00:00,1.4748564,-2.4488533,3.5743194,0.15497601,10.320355,1.2794868,7.113777,328.94095
2025-08-16 11:00:00,1.7607595,-2.5252786,3.7188258,0.0602071,10.588876,1.1832197,7.0930624,325.1137
2025-08-16 12:00:00,1.939294,-2.7357895,3.8852267,0.24279058,10.617514,1.2213439,7.270514,324.66867
2025-08-16 13:00:00,2.0365527,-3.0399723,4.1522403,0.13013895,10.696665,1.7015668,7.52839,326.18088
2025-08-16 14:00:00,1.9694952,-3.2716572,4.3107924,0.0073330193,10.580461,2.118522,7.588263,328.9526
2025-08-16 15:00:00,1.9067754,-3.4513855,4.4407916,0.17407954,10.960537,2.0694525,7.5192327,331.0808
2025-08-16 16:00:00,1.7807567,-3.5289679,4.4654045,0.18311769,11.166632,1.8557804,7.2057796,333.22397
2025-08-16 17:00:00,1.6820407,-3.4796093,4.3679695,0.08225388,11.01607,1.5335553,7.349207,334.2009
2025-08-16 18:00:00,1.5293941,-3.2054698,4.010132,0.2241798,10.988596,1.2772853,7.3059964,334.49326
2025-08-16 19:00:00,1.4652286,-2.9993703,3.7921963,0.13941762,11.40641,1.3419547,7.1365037,333.96393
2025-08-16 20:00:00,1.4262613,-2.927766,3.695113,0.052298505,11.427944,1.2527862,7.082177,334.02698
2025-08-16 21:00:00,1.370085,-2.8677967,3.5884805,0.045911647,11.512956,1.3075902,6.842739,334.46393
2025-08-16 22:00:00,1.375838,-2.6778362,3.3933716,0.087499216,11.99908,1.3631754,6.36793,332.8065
2025-08-16 23:00:00,1.297301,-2.692012,3.3949661,0.18141463,11.43636,1.429739,6.299231,334.27023
2025-08-17 00:00:00,1.2645487,-2.6267436,3.3647187,0.29289883,10.84811,1.4066335,6.0253563,334.2932
2025-08-17 01:00:00,1.2403086,-2.6028357,3.3431802,0.23063727,10.630343,1.5349654,5.7476096,334.52118
2025-08-17 02:00:00,1.2298567,-2.465057,3.2313836,0.17946532,10.440942,1.5208626,5.411563,333.48465
2025-08-17 03:00:00,1.2272949,-2.4257593,3.227656,0.14570512,10.393398,1.6106466,5.355505,333.1632
2025-08-17 04:00:00,1.1281903,-2.4034874,3.186401,0.124002844,10.390797,1.6461685,5.3666205,334.85477
2025-08-17 05:00:00,1.0841951,-2.5007918,3.2368324,0.065365605,10.351608,1.7692587,5.2448845,336.56128
2025-08-17 06:00:00,0.9016006,-2.7098382,3.3339202,0.4222333,10.148221,1.9105526,4.7854285,341.597
2025-08-17 07:00:00,0.7662535,-2.737004,3.2806876,0.43419468,9.667151,1.9513083,4.809713,344.35983
2025-08-17 08:00:00,0.7525338,-2.7517345,3.2287169,0.50425136,9.436775,1.7960885,4.883393,344.70496
2025-08-17 09:00:00,0.818625,-2.7514772,3.1686828,0.9113672,9.195772,1.7438632,4.722061,343.4311
2025-08-17 10:00:00,0.755699,-2.3795245,2.7913957,0.08176062,8.737823,1.4298037,4.0054374,342.38098
2025-08-17 11:00:00,0.91990495,-2.5087821,2.9243894,0.07184996,8.151202,1.8723618,4.044777,339.86334
2025-08-17 12:00:00,1.0178536,-2.67604,3.0884547,0.08564497,7.707464,2.1240087,4.223583,339.1753
2025-08-17 13:00:00,0.9875146,-2.8538811,3.216029,0.6104496,7.2644525,2.2939317,4.335287,340.9131
2025-08-17 14:00:00,0.907382,-2.995332,3.3126295,1.1200718,7.3433514,2.2689915,4.283054,343.14676
2025-08-17 15:00:00,0.7746401,-3.0852513,3.3577309,1.480864,7.5562453,2.2549756,4.3939614,345.9056
2025-08-17 16:00:00,0.5835043,-3.0944936,3.3314006,1.2006518,7.348972,2.1439414,4.456567,349.32156
2025-08-17 17:00:00,0.32946324,-2.962651,3.1981716,0.114057235,7.0966635,1.8932433,4.438003,353.65445
2025-08-17 18:00:00,0.14228368,-2.5177217,2.802167,0.08386706,7.053127,1.3419017,4.2023063,356.7655
2025-08-17 19:00:00,-0.036081262,-2.251068,2.6163795,0.067906134,7.09874,1.2707212,4.0160494,0.9182739
2025-08-17 20:00:00,-0.21388945,-2.0590143,2.5079088,0.12930168,6.860114,1.2157968,3.8293722,5.9305725
2025-08-17 21:00:00,-0.40947866,-1.9178891,2.4220178,0.1776881,6.688029,1.207091,3.683293,12.051971
2025-08-17 22:00:00,-0.46773386,-1.6236519,2.093707,0.15115058,5.867778,1.1248394,3.1043308,16.070374
2025-08-17 23:00:00,-0.5165842,-1.4665143,1.9643085,0.0815283,5.460184,1.0870274,3.0920582,19.404968
2025-08-18 00:00:00,-0.59381557,-1.4049191,1.9368566,0.03944527,5.0420437,1.0896865,3.0772638,22.912262
2025-08-18 01:00:00,-0.6277668,-1.3505859,1.9002951,0.079998076,4.782695,1.1057456,2.9800365,24.929504
2025-08-18 02:00:00,-0.652465,-1.2406616,1.8331738,0.030110968,4.68891,1.1390076,2.8049061,27.73993
2025-08-18 03:00:00,-0.61988294,-1.2020214,1.7794738,0.1308519,4.7939615,1.0439398,2.6613548,27.280182
2025-08-18 04:00:00,-0.6368833,-1.1010556,1.7398919,0.16070338,4.7971163,0.9897762,2.5945187,30.046356
2025-08-18 05:00:00,-0.6812979,-1.0599303,1.761681,0.17846388,4.89354,0.9134879,2.6994886,32.731934
2025-08-18 06:00:00,-0.8052859,-0.97175807,1.7283698,0.085553885,4.8736577,0.7820747,2.8633502,39.648193
2025-08-18 07:00:00,-1.0614344,-0.8631918,1.8276684,0.056483977,4.7033753,0.6355105,3.1440105,50.88089
2025-08-18 08:00:00,-1.1983721,-0.8464046,1.9366812,0.0646687,4.3668265,0.67800653,3.3442824,54.7666
2025-08-18 09:00:00,-1.3411713,-0.8601961,2.0807116,0.0738183,4.040009,0.8353997,3.4177055,57.32483
2025-08-18 10:00:00,-1.3236134,-0.80340946,2.118133,0.08563276,4.7053437,0.7561005,3.3133082,58.74298
2025-08-18 11:00:00,-1.384018,-0.8933295,2.2371926,0.12518318,4.734445,0.9030531,3.3222103,57.159332
2025-08-18 12:00:00,-1.413227,-1.0163219,2.343651,0.011374708,4.7081156,1.1395104,3.366162,54.2782
2025-08-18 13:00:00,-1.4489342,-1.1218612,2.4213235,0.12098437,4.8044424,1.2962908,3.412142,52.25058
2025-08-18 14:00:00,-1.504357,-1.1971023,2.478814,0.019970538,5.0128913,1.435929,3.3622131,51.48871
2025-08-18 15:00:00,-1.5547667,-1.2632537,2.5268562,0.14325102,5.331005,1.5628195,3.3345053,50.906006
2025-08-18 16:00:00,-1.6388838,-1.2625637,2.578039,0.0175222,5.358586,1.6153424,3.3288023,52.390045
2025-08-18 17:00:00,-1.5134311,-1.2207134,2.4679835,0.1590804,5.1196113,1.5110393,3.3709555,51.11081
2025-08-18 18:00:00,-1.1076038,-1.1161219,2.1030686,0.031093732,4.8622923,1.3413329,3.2758195,44.780518
2025-08-18 19:00:00,-1.169472,-1.1252103,2.2563195,0.1613145,5.082437,1.4451635,3.3327024,46.10504
2025-08-18 20:00:00,-1.2677163,-0.91129035,2.312689,0.108316034,5.241696,1.4380734,3.4539762,54.289734
2025-08-18 21:00:00,-1.2826225,-0.6611361,2.3542511,0.022647005,5.6065526,1.5147952,3.5617263,62.730835
2025-08-18 22:00:00,-1.201724,-0.541894,2.3129306,0.2925342,5.543184,1.40401,3.4586396,65.727905
2025-08-18 23:00:00,-1.1621679,-0.29992017,2.283035,0.46890813,5.3547306,1.4323976,3.3925238,75.52942
2025-08-19 00:00:00,-0.967314,-0.15794414,2.1963909,0.07365783,5.229197,1.4388939,3.2446377,80.7265
2025-08-19 01:00:00,-0.8004847,-0.06750612,2.1444414,0.26353753,5.391301,1.4446871,3.4863656,85.179565
2025-08-19 02:00:00,-0.6230114,0.036499437,2.1004362,0.04570466,5.8791823,1.4037911,3.6718748,93.352875
2025-08-19 03:00:00,-0.45444468,0.027754087,2.0745993,0.13246319,6.3181615,1.2936244,3.7632072,93.49486
2025-08-19 04:00:00,-0.308442,0.04448267,2.0659456,0.036316227,6.440095,1.1850902,3.6693907,98.20647
2025-08-19 05:00:00,-0.16900429,0.022018021,2.0602198,0.088,6.6817904,0.9944162,3.9918487,97.422745
2025-08-19 06:00:00,-0.16584943,0.009700053,2.1180542,0.07930468,6.821103,0.8920063,4.4033027,93.34726
2025-08-19 07:00:00,-0.030684188,0.013369174,2.0178046,0.051075496,7.2217755,0.59963816,4.6736355,113.54288
2025-08-19 08:00:00,0.03264556,0.034859736,2.1533332,0.1871288,7.4114246,0.58777153,5.036591,223.12137
2025-08-19 09:00:00,0.13511369,0.010910034,2.2699964,0.04701748,7.7789598,0.7724147,5.327498,265.38354
2025-08-19 10:00:00,0.2832955,0.015500455,2.2748604,0.10216985,7.991985,0.78901994,4.82691,266.8682
2025-08-19 11:00:00,0.3892315,-0.056049656,2.2528343,0.06145298,8.615448,0.60769534,4.955444,278.1943
2025-08-19 12:00:00,0.646046,-0.019445883,2.216032,0.012030759,8.942322,0.61035496,5.1425395,271.72406
2025-08-19 13:00:00,0.8988924,-0.19950867,2.202722,0.06775844,9.212534,0.560127,5.3847885,282.51392
2025-08-19 14:00:00,1.0730054,-0.47839603,2.2566464,0.049929418,9.229696,0.5376437,5.6229124,294.02954
2025-08-19 15:00:00,1.2232513,-0.7818232,2.3507912,0.05642329,9.060195,0.5198295,5.853124,302.58408
2025-08-19 16:00:00,1.224253,-1.1235859,2.4858677,0.07432443,8.934766,0.62408113,5.956691,312.54486
2025-08-19 17:00:00,1.1106983,-1.3761501,2.5508003,0.058323,9.4169235,0.7220289,6.0133786,321.0928
2025-08-19 18:00:00,0.8473655,-1.5114268,2.6343806,0.1472481,9.681144,0.90003,5.949725,330.7233
2025-08-19 19:00:00,0.6053871,-1.5448521,2.7798395,0.10078227,9.7558975,0.9989382,5.836479,338.60107
2025-08-19 20:00:00,0.48751006,-1.4100865,2.7496378,0.20196427,9.51443,0.95288056,5.592521,340.92816
2025-08-19 21:00:00,0.4525662,-1.2887805,2.6927285,0.07699471,9.295244,0.9292137,5.290918,340.65085
2025-08-19 22:00:00,0.4945188,-1.4150708,2.606412,0.048694547,9.573942,0.8934349,5.192942,340.73724
2025-08-19 23:00:00,0.40673622,-1.3919612,2.5788536,0.060409036,9.076188,1.0049948,5.4571157,343.71143
2025-08-20 00:00:00,0.26110715,-1.3815345,2.5218105,0.06078909,8.606137,1.0438821,5.3534355,349.29745
2025-08-20 01:00:00,0.119747266,-1.3493397,2.4532309,0.121552214,8.939196,1.0277315,5.0378265,354.92856
2025-08-20 02:00:00,0.0053364523,-1.3534184,2.4730246,0.08783765,9.747267,0.966672,5.478365,359.77408
2025-08-20 03:00:00,-0.058278263,-1.403539,2.5583696,0.05082753,9.960447,0.98675096,5.964593,2.3776855
2025-08-20 04:00:00,-0.12702776,-1.4433701,2.599016,0.15824056,10.294847,0.9187996,6.3875628,5.0295105
2025-08-20 05:00:00,-0.26062095,-1.5656116,2.6779091,0.0579176,10.472108,0.86283493,6.7783318,9.451111
2025-08-20 06:00:00,-0.4716434,-1.7003471,2.747593,0.13499038,10.456144,0.80803424,7.112715,15.502991
2025-08-20 07:00:00,-0.7601232,-1.9326279,2.790844,0.032622654,10.336099,0.53608257,7.3731375,21.470245
2025-08-20 08:00:00,-0.9851511,-2.0423317,2.9058902,0.017192377,10.232952,0.60085076,7.3756576,25.751068
2025-08-20 09:00:00,-1.0948907,-2.129828,2.9946685,0.07259442,9.990412,0.6317751,7.1157312,27.206543
2025-08-20 10:00:00,-1.3716443,-1.7675174,2.856876,0.059834663,8.653981,0.692905,6.5017114,37.81247
2025-08-20 11:00:00,-1.2724824,-1.934687,2.8756878,0.051738404,7.9717255,0.6505578,5.8762655,33.33371
2025-08-20 12:00:00,-1.130633,-2.0489783,2.8183045,0.050131205,7.664812,0.65788394,5.349042,28.890045
2025-08-20 13:00:00,-1.0203197,-2.1897805,2.814692,0.033771142,7.5325603,0.8285333,5.1458783,24.982971
2025-08-20 14:00:00,-0.9485342,-2.3711119,2.925785,0.10710001,7.96419,1.0477198,5.024741,21.803284
2025-08-20 15:00:00,-0.9415056,-2.4703636,3.0032516,0.06690171,7.8128223,0.98253363,4.795512,20.862854
2025-08-20 16:00:00,-0.9674951,-2.529807,3.1057167,0.12765715,7.946798,0.8856015,4.717811,20.928772
2025-08-20 17:00:00,-0.94665736,-2.4624667,3.152755,0.08480751,8.608732,0.9422941,4.7538967,21.028473
2025-08-20 18:00:00,-0.80692065,-2.2260013,2.9686668,0.11663789,9.043343,0.8843438,4.4561124,19.925476
2025-08-20 19:00:00,-0.86792034,-2.134246,2.962092,0.07186136,9.069835,0.9805861,4.4135857,22.129791
2025-08-20 20:00:00,-0.93881476,-2.0046012,2.9287057,0.12717415,8.867649,1.0072476,4.3727736,25.095093
2025-08-20 21:00:00,-1.0020059,-1.8341336,2.825267,0.12717202,8.4881735,1.0768962,4.170593,28.648224
2025-08-20 22:00:00,-0.9876391,-1.5528454,2.6421208,0.15533687,8.164471,1.1676099,3.9328194,32.457123
2025-08-20 23:00:00,-0.9008608,-1.463998,2.4938483,0.115971625,7.19841,1.106741,3.6427307,31.605774
2025-08-21 00:00:00,-0.72166276,-1.4725251,2.343801,0.165811,6.873445,1.0279126,3.3954308,26.108765
2025-08-21 01:00:00,-0.5978699,-1.4564209,2.2600105,0.07430302,7.1810946,1.064739,3.233128,22.31845
2025-08-21 02:00:00,-0.46638405,-1.452786,2.2662647,0.10989816,7.6202765,1.046063,3.2632804,17.798035
2025-08-21 03:00:00,-0.3415449,-1.4729185,2.3184342,0.30415455,8.035413,1.1030333,3.4151425,13.055176
2025-08-21 04:00:00,-0.22060084,-1.4978968,2.3721504,0.35051802,8.030287,1.1727064,3.499665,8.37793
2025-08-21 05:00:00,-0.13602881,-1.5713909,2.4486365,0.1276399,8.235136,1.0285548,3.6877244,4.94751
2025-08-21 06:00:00,-0.09654071,-1.6592135,2.5404313,0.049855724,8.790741,1.0029238,4.044985,3.329956
2025-08-21 07:00:00,-0.10726681,-1.7680545,2.6979833,0.13145286,9.078871,1.0770005,4.6664476,3.4718323
2025-08-21 08:00:00,0.009144139,-1.997333,2.884204,0.19527176,9.166845,1.2396958,5.193806,359.73767
2025-08-21 09:00:00,0.13779676,-2.2637064,3.123282,0.031055382,9.330464,1.3221545,5.6266985,356.51657
2025-08-21 10:00:00,0.25586927,-2.0296805,2.9166503,0.10613876,9.193934,1.0552197,4.9881597,352.81497
2025-08-21 11:00:00,0.6668957,-2.2169483,3.113181,0.06519785,9.661188,1.1628882,5.4244156,343.2578
2025-08-21 12:00:00,1.0697467,-2.4639983,3.3762097,0.13124853,10.037131,1.4632558,6.077395,336.5319
2025-08-21 13:00:00,1.3570416,-2.7872427,3.673384,0.26382738,10.187548,1.5467205,6.681921,334.03967
2025-08-21 14:00:00,1.504171,-3.095282,3.9540823,0.20438825,9.953695,1.6559935,6.971766,334.08228
2025-08-21 15:00:00,1.5732809,-3.344705,4.169568,0.5000521,10.0061245,1.7827089,6.899735,334.80865
2025-08-21 16:00:00,1.5678406,-3.4726708,4.270522,0.1589203,10.451359,1.6925843,6.8087397,335.70178
2025-08-21 17:00:00,1.5488607,-3.4371982,4.1871376,0.3968916,10.340038,1.4732293,6.8202147,335.74286
2025-08-21 18:00:00,1.4952013,-3.2301219,3.9459121,0.23736535,10.296264,1.4189724,6.55125,335.1609
2025-08-21 19:00:00,1.4603136,-3.196801,3.89442,0.43687433,10.12368,1.55475,6.3730764,335.44885
2025-08-21 20:00:00,1.448587,-3.151634,3.8439388,0.25583336,9.880339,1.6768246,6.193386,335.31506
2025-08-21 21:00:00,1.4621937,-3.0681527,3.768702,0.24632119,9.563277,1.7637677,6.0897527,334.51886
2025-08-21 22:00:00,1.5869961,-2.8975728,3.7016098,0.11835512,10.012975,1.9642576,6.306745,331.29053
2025-08-21 23:00:00,1.6720965,-2.9173844,3.7484481,0.4678413,10.019518,2.0229874,6.467385,330.18085
2025-08-22 00:00:00,1.7997539,-2.8734288,3.7538934,0.7037062,10.265314,2.0496762,6.5946665,327.9393
2025-08-22 01:00:00,1.8844333,-2.7752736,3.7026343,0.6808325,10.297,2.0421026,6.7283444,325.82318
2025-08-22 02:00:00,1.9801161,-2.685605,3.655807,0.7351716,10.316022,2.0591054,6.9894094,323.5984
2025-08-22 03:00:00,2.085003,-2.5491507,3.5845234,0.8056359,10.454639,1.969492,7.233919,320.71954
2025-08-22 04:00:00,2.1725678,-2.3469753,3.4922721,0.8226244,10.917219,1.8749297,7.408352,317.20993
2025-08-22 05:00:00,2.3208969,-2.2209778,3.5349493,0.6514462,11.382414,1.8100803,7.707572,313.73972
2025-08-22 06:00:00,2.491185,-2.3048587,3.7837677,0.6008856,11.4426,1.9647532,7.8932357,312.77518
2025-08-22 07:00:00,2.6292164,-2.5263581,4.0744867,0.6212202,11.399399,2.1238322,8.085612,313.85706
2025-08-22 08:00:00,2.856188,-2.6095405,4.2868996,0.7075274,11.149952,2.1481307,8.330051,312.4162
2025-08-22 09:00:00,3.217379,-2.6173096,4.4985943,0.8092705,11.459971,2.0695548,8.585134,309.12805
2025-08-22 10:00:00,3.5594506,-2.4122858,4.5354214,0.2580365,11.942452,1.8719593,8.774886,304.126
2025-08-22 11:00:00,3.9060872,-2.5430992,4.861272,1.0678215,12.336232,2.313328,9.087483,303.06656
2025-08-22 12:00:00,4.0822883,-2.6115315,5.0386095,1.557233,12.559655,2.602788,9.060396,302.60797
2025-08-22 13:00:00,4.195913,-2.6335251,5.14096,1.5011679,12.589782,2.7898538,9.049734,302.11404
2025-08-22 14:00:00,4.208143,-2.693945,5.1906843,1.2956206,12.782601,2.9574847,9.177627,302.6263
2025-08-22 15:00:00,4.1436973,-2.7460203,5.1664395,1.2216057,12.928973,3.0272772,9.351671,303.53235
2025-08-22 16:00:00,3.9604797,-2.7704992,5.03853,1.2701771,12.72763,2.9321148,9.318367,304.97418
2025-08-22 17:00:00,3.651158,-2.6795542,4.758704,0.84716415,12.22483,2.7022288,9.354307,306.27463
2025-08-22 18:00:00,3.261795,-2.3871043,4.2936435,0.6670399,11.621893,2.0246768,9.233012,306.19806
2025-08-22 19:00:00,2.9600472,-2.1153219,3.9301,0.23175462,11.3034315,1.6884272,8.847758,305.55054
2025-08-22 20:00:00,2.8688343,-1.9588507,3.7733512,0.11655954,11.176588,1.6906341,8.728327,304.3254
2025-08-22 21:00:00,2.787038,-1.7097089,3.5702865,0.3156272,11.218892,1.5618801,8.520907,301.52704
2025-08-22 22:00:00,2.6120474,-1.4288957,3.2387433,0.1882019,12.025536,1.0489738,8.694273,298.68045
2025-08-22 23:00:00,2.6981144,-1.2631564,3.2871268,0.20831732,11.445116,1.0727639,8.6109915,295.08725
2025-08-23 00:00:00,2.8069096,-1.1780717,3.3658683,0.031469304,11.342452,1.1815221,8.369432,292.768
2025-08-23 01:00:00,2.8741913,-1.1659195,3.4103684,0.16645366,11.332136,1.1937689,8.181677,292.08
2025-08-23 02:00:00,2.8936348,-1.1329148,3.4279587,0.16987443,11.329095,1.1896393,7.9934635,291.38132
2025-08-23 03:00:00,2.9134352,-1.1871898,3.4772067,0.17619003,11.344785,1.2126555,7.940733,292.1703
2025-08-23 04:00:00,2.9274101,-1.1857156,3.4825168,0.10417733,11.250712,1.1838421,7.813635,292.04987
2025-08-23 05:00:00,2.952436,-1.2021625,3.5350144,0.22212183,11.294231,1.141939,7.8366094,292.155
2025-08-23 06:00:00,3.025364,-1.3369986,3.69459,0.036932733,11.106878,1.1988221,7.5831857,293.84207
2025-08-23 07:00:00,3.2323647,-1.687773,4.014194,0.48473614,10.903469,1.2955484,7.1991615,297.57123
2025-08-23 08:00:00,3.3341255,-2.094604,4.3134456,0.053333484,10.89611,1.5321467,7.2257204,302.13834
2025-08-23 09:00:00,3.3979566,-2.3039715,4.5042725,0.40897098,10.738335,1.7481345,7.143604,304.1391
2025-08-23 10:00:00,3.1033425,-2.7068627,4.436087,0.7097045,10.410021,1.7681948,8.040775,311.09625
2025-08-23 11:00:00,3.3429956,-2.828031,4.6664467,0.8005069,10.713998,2.1788874,7.738073,310.2298
2025-08-23 12:00:00,3.4761345,-2.995411,4.884121,0.40068996,10.231934,2.5083945,8.096809,310.7517
2025-08-23 13:00:00,3.4877968,-3.1696398,4.9972944,0.719649,10.664015,2.6127772,7.9081793,312.26392
2025-08-23 14:00:00,3.4070299,-3.2503567,4.958189,0.32813376,9.07451,2.7368069,7.5041914,313.65186
2025-08-23 15:00:00,3.1949716,-3.326209,4.808925,0.26827008,9.737141,2.7606,7.302809,316.1529
2025-08-23 16:00:00,2.876362,-3.3320594,4.563057,0.08159638,9.85269,2.660805,7.263964,319.19797
2025-08-23 17:00:00,2.4769678,-3.0951154,4.1197762,0.10633375,9.756317,2.314718,6.9498954,321.33032
2025-08-23 18:00:00,2.1152735,-2.568055,3.4921503,0.031437095,9.969914,1.7952859,6.5059996,320.52216
2025-08-23 19:00:00,1.8884187,-2.2261055,3.1353056,0.22588143,10.41208,1.4924456,6.1903143,319.69186
2025-08-23 20:00:00,1.7786927,-1.961382,2.9272203,0.18800618,10.36013,1.4206294,5.679041,317.79648
2025-08-23 21:00:00,1.6412168,-1.7565621,2.7433991,0.1413706,9.787187,1.3818618,5.361233,316.94427
2025-08-23 22:00:00,1.4843173,-1.4832582,2.555768,0.119964905,10.588236,1.1149601,5.3608546,314.97955
2025-08-23 23:00:00,1.5046593,-1.2490833,2.4593341,0.034429878,9.882685,1.0741024,5.2262697,309.69754
2025-08-24 00:00:00,1.549747,-1.1135184,2.455435,0.10014968,9.48166,1.0589964,5.444384,305.69785
2025-08-24 01:00:00,1.5439948,-0.9691884,2.4664435,0.050683267,9.714979,1.0350509,5.6404324,302.1171
2025-08-24 02:00:00,1.5184487,-0.832602,2.4775977,0.06084929,9.898686,0.97667956,5.5407825,298.73703
2025-08-24 03:00:00,1.5009799,-0.7347029,2.4732997,0.08262394,10.013586,0.94063705,5.5117145,296.08093
2025-08-24 04:00:00,1.5089581,-0.6059562,2.488438,0.031361025,9.527052,0.9087411,5.659319,291.87903
2025-08-24 05:00:00,1.552065,-0.55111486,2.5175076,0.068601266,9.412646,0.8186024,5.790228,289.5492
2025-08-24 06:00:00,1.6435295,-0.54075,2.6184397,0.06891971,9.755615,0.70115125,6.133204,288.2121
2025-08-24 07:00:00,1.7789909,-0.66316676,2.7189186,0.09916871,9.920994,0.54019785,6.540076,290.4443
2025-08-24 08:00:00,2.042485,-0.96770746,3.0030906,0.06596073,10.096825,0.5594449,6.810859,295.3511
2025-08-24 09:00:00,2.2557893,-1.2269555,3.2087471,0.08883114,10.233204,0.7628256,6.9244657,298.5424
2025-08-24 10:00:00,2.0133321,-1.1110831,2.9855537,0.030642718,9.558762,0.67153144,6.366687,298.89267
2025-08-24 11:00:00,2.359961,-1.245462,3.2689712,0.06386427,10.338973,1.0941669,6.6446905,297.8227
2025-08-24 12:00:00,2.670241,-1.4570782,3.5380137,0.1662868,10.934174,1.4068733,6.88008,298.6201
2025-08-24 13:00:00,2.823961,-1.6317815,3.6834407,0.5333121,11.044898,1.4946147,7.059076,300.02078
2025-08-24 14:00:00,2.8065162,-1.799172,3.7295144,0.2424179,11.013966,1.6590637,7.042903,302.6627
2025-08-24 15:00:00,2.736877,-1.8965256,3.7165139,0.21346617,10.868087,1.7331396,6.921766,304.72012
2025-08-24 16:00:00,2.5162392,-1.9580965,3.6158476,0.17753136,10.587628,1.7496482,6.802421,307.88947
2025-08-24 17:00:00,2.150184,-1.8556284,3.3125947,0.18413971,10.37536,1.5312141,6.567592,310.7945
2025-08-24 18:00:00,1.832315,-1.5229809,2.8693168,0.21433973,10.523803,1.2048604,6.153242,309.73264
2025-08-24 19:00:00,1.5895151,-1.4600554,2.8334558,0.23235646,10.380407,1.3048768,5.803727,312.56915
2025-08-24 20:00:00,1.5350825,-1.2738144,2.7738369,0.15630524,10.492325,1.1577702,5.639896,309.68594
2025-08-24 21:00:00,1.5113616,-1.1347998,2.7563148,0.12824097,10.46106,1.0918733,5.560212,306.9009
2025-08-24 22:00:00,1.510738,-0.9426039,2.6948204,0.035738286,11.391573,0.8912962,5.5879183,301.96152
2025-08-24 23:00:00,1.4647564,-0.7588559,2.6034846,0.07081241,11.197569,0.9473402,5.532571,297.3876
2025-08-25 00:00:00,1.5036205,-0.65448576,2.5596514,0.04359735,10.819275,0.8850354,5.6106343,293.52222
2025-08-25 01:00:00,1.5547931,-0.5583599,2.5287414,0.069669895,10.283017,0.7570333,5.697876,289.7543
2025-08-25 02:00:00,1.559466,-0.4658805,2.5110397,0.15818,9.997903,0.7675558,5.5322413,286.63318
2025-08-25 03:00:00,1.5756886,-0.41614637,2.509918,0.03514636,10.420913,0.7653854,5.5338345,284.79428
2025-08-25 04:00:00,1.5379936,-0.35116413,2.4735665,0.099137515,10.630607,0.73673546,5.3986607,282.86163
2025-08-25 05:00:00,1.5373654,-0.22391944,2.4364405,0.07078841,10.494783,0.66651213,5.2536387,278.28693
2025-08-25 06:00:00,1.6171231,-0.10822646,2.507308,0.039488792,10.071188,0.623479,5.386634,273.82883
2025-08-25 07:00:00,1.8232397,-0.25587174,2.4648185,0.032510962,9.587017,0.43117666,6.0395346,277.98865
2025-08-25 08:00:00,2.1473536,-0.4985434,2.738365,0.04753616,9.481874,0.49148506,6.269217,283.0706
2025-08-25 09:00:00,2.5388217,-0.7447897,3.0875914,0.11945427,9.385532,0.61118376,6.2093096,286.3496
2025-08-25 10:00:00,2.2828481,-0.76705724,2.858008,0.09965486,9.554526,0.68427145,5.841733,288.5728
2025-08-25 11:00:00,2.388476,-0.7245442,2.931539,0.03344844,9.295785,0.7270708,5.718684,286.87518
2025-08-25 12:00:00,2.5075767,-0.7131731,3.0092473,0.06906,9.888153,0.770121,6.143878,285.87613
2025-08-25 13:00:00,2.5908961,-0.75941056,3.0377357,0.06106991,10.320465,0.7901356,6.0656433,286.33624
2025-08-25 14:00:00,2.5644493,-0.8865843,2.9789705,0.0399333,10.2711,0.71388924,5.995104,289.07135
2025-08-25 15:00:00,2.4996693,-1.0143969,2.911952,0.076735854,10.06831,0.6148309,5.8021073,292.08792
2025-08-25 16:00:00,2.2215815,-1.1013229,2.7226348,0.07726747,9.71258,0.732472,5.1739607,296.3694
2025-08-25 17:00:00,1.6960189,-1.0439078,2.3354485,0.03003256,9.271746,0.770708,4.634223,301.6125
2025-08-25 18:00:00,1.2319328,-1.012196,2.1918259,0.026141388,8.714887,0.95499873,3.8722422,309.40762
2025-08-25 19:00:00,0.83438814,-0.93654364,2.168976,0.08247106,8.529629,0.84809947,3.4993634,318.30142
2025-08-25 20:00:00,0.5810019,-0.74267906,2.1169364,0.09481228,8.427715,0.80816334,3.1916637,321.96375
2025-08-25 21:00:00,0.40465403,-0.4748069,2.0431237,0.032540288,8.38741,0.84447664,3.1232092,319.56073
2025-08-25 22:00:00,0.3028416,-0.13422208,1.9016128,0.03790604,6.9248967,0.95971453,2.8899748,293.90335
2025-08-25 23:00:00,0.35754478,0.17387061,1.9002976,0.15312241,6.971139,0.9169689,3.0150375,244.06679
2025-08-26 00:00:00,0.40798703,0.31651595,1.8951983,0.086283386,6.6730046,0.93766046,3.051415,232.19572
2025-08-26 01:00:00,0.46593496,0.4464969,1.8863529,0.050757118,6.0921364,0.92141646,3.0843093,226.22043
2025-08-26 02:00:00,0.4790035,0.5691578,1.8999027,0.045702364,6.4612036,0.9242615,3.2654438,220.08398
2025-08-26 03:00:00,0.505607,0.63953835,1.9329046,0.111320496,6.8864255,0.8468482,3.544904,218.32924
2025-08-26 04:00:00,0.4484826,0.7794973,1.9858677,0.09947495,6.8880453,0.8953088,3.8493512,209.91391
2025-08-26 05:00:00,0.3900126,0.8874821,2.014286,0.07179264,6.6431375,0.83280575,3.8144703,203.72356
2025-08-26 06:00:00,0.29548728,1.1192243,2.1599758,0.09056878,6.7506204,0.85714895,3.7562797,194.78926
2025-08-26 07:00:00,0.3664584,1.0832379,1.9885339,0.025721956,6.8773866,0.5914558,3.7071826,198.69064
2025-08-26 08:00:00,0.5332044,1.2725595,2.175375,0.08624251,6.931008,0.7384363,3.8409016,202.73376
2025-08-26 09:00:00,0.8076477,1.3425598,2.4196608,0.0054861237,7.084104,0.97854686,3.887888,211.02998
2025-08-26 10:00:00,0.8041163,1.0347248,2.4052453,0.1582593,7.0093493,1.0662205,3.849991,217.85187
2025-08-26 11:00:00,0.91929376,1.2523515,2.5429604,0.048653495,7.3861904,1.4127649,3.931422,216.28069
2025-08-26 12:00:00,1.0580531,1.460252,2.6686633,0.22188634,7.638023,1.5726695,3.9419816,215.92592
2025-08-26 13:00:00,1.1592147,1.5182157,2.7338653,0.5441072,8.044375,1.649301,3.935742,217.3631
2025-08-26 14:00:00,1.0952412,1.541292,2.7333767,0.24180646,8.645826,1.5327314,3.9772515,215.39758
2025-08-26 15:00:00,0.9133445,1.5059538,2.6084232,0.21320271,8.9517145,1.3712268,3.7821512,211.23636
2025-08-26 16:00:00,0.5453388,1.2995226,2.2963321,0.07694498,9.057174,1.0736026,3.3534992,202.76514
2025-08-26 17:00:00,-0.28022683,1.0334568,1.7941685,0.07892005,8.97727,0.5916233,3.2370732,164.82877
2025-08-26 18:00:00,-0.8516334,1.205698,2.1148398,0.050759736,9.125707,0.7625259,3.2717707,144.7649
2025-08-26 19:00:00,-1.1918434,1.530309,2.463078,0.18839961,9.093717,1.1810771,3.752193,142.08765
2025-08-26 20:00:00,-1.1722099,1.842371,2.724444,0.111848734,8.744511,1.4446464,4.0940166,147.53342
2025-08-26 21:00:00,-1.0154753,2.0953088,2.9361978,0.13268127,8.371112,1.554895,4.423972,154.14322
2025-08-26 22:00:00,-0.5519533,2.0962853,3.0232399,0.118329555,8.776531,1.6097015,4.6507616,165.2488
2025-08-26 23:00:00,-0.31785253,2.2154744,3.1115499,0.073120646,9.557363,1.7074912,4.8136964,171.83554
2025-08-27 00:00:00,-0.15655436,2.1935627,3.046712,0.080364354,9.137986,1.6085771,4.626586,175.91772
2025-08-27 01:00:00,-0.05193968,2.1842384,2.9804833,0.32547945,8.6627035,1.5204662,4.523084,178.63782
2025-08-27 02:00:00,0.024554279,2.1824696,2.9319658,0.057356194,8.975692,1.4821267,4.536911,180.64459
2025-08-27 03:00:00,0.06468201,2.201376,2.9042032,0.07624437,9.316649,1.4506568,4.6950164,181.68301
2025-08-27 04:00:00,0.11661798,2.2412941,2.898107,0.13048764,9.519514,1.4912739,4.74357,182.97852
2025-08-27 05:00:00,0.12507671,2.2765837,2.8870685,0.22826695,9.380109,1.4131249,4.684204,183.14471
2025-08-27 06:00:00,0.1885673,2.4849474,3.047091,0.28228915,9.056851,1.4718206,5.105781,184.33951
2025-08-27 07:00:00,0.4041418,2.5420086,3.1112657,0.1419894,8.92053,1.362455,5.2585983,189.03358
2025-08-27 08:00:00,0.7023633,2.6524365,3.3225853,0.11025738,8.913058,1.300263,5.863748,194.83148
2025-08-27 09:00:00,0.894144,2.7569296,3.4605322,0.30263746,8.46503,1.2151167,6.0103717,197.96924
2025-08-27 10:00:00,0.4735293,2.5543942,3.0940688,0.14563651,8.7977295,1.2636353,5.306013,190.50218
2025-08-27 11:00:00,0.6355562,2.7078705,3.290055,0.047348656,9.527203,1.1285566,5.30898,193.20865
2025-08-27 12:00:00,0.8828822,2.7792041,3.475522,0.12633374,9.36263,1.3405979,5.45008,197.62372
2025-08-27 13:00:00,1.0627004,2.7057488,3.5157313,0.084400505,9.050439,1.5244381,5.494844,201.44275
2025-08-27 14:00:00,1.1994426,2.565718,3.4153724,0.094908856,8.515165,1.5879427,5.302716,205.05554
2025-08-27 15:00:00,1.1903946,2.317515,3.1565356,0.18524988,7.7711935,1.3999753,4.9011965,207.18736
2025-08-27 16:00:00,0.9161398,1.9174685,2.685597,0.023231685,6.983417,0.9540157,4.427697,205.53783
2025-08-27 17:00:00,0.3861909,1.3931715,2.1025424,0.04756991,6.8904886,0.8275053,3.6048043,195.49353
2025-08-27 18:00:00,0.013472274,1.1886411,2.0023613,0.06567297,6.657098,1.0467871,3.0303178,180.64938
2025-08-27 19:00:00,-0.321181,1.1574472,2.056302,0.05321354,6.349527,1.1853615,3.025865,164.49115
2025-08-27 20:00:00,-0.46927127,1.2085221,2.0751762,0.12292688,6.2028637,1.2025223,3.1609306,158.77873
2025-08-27 21:00:00,-0.57213575,1.2594494,2.0949597,0.17200097,6.286632,1.256155,3.3086073,155.56891
2025-08-27 22:00:00,-0.37435788,1.0214242,2.0386837,0.082122885,5.4605846,1.0102315,3.291763,159.87183
2025-08-27 23:00:00,-0.6039639,0.978794,2.0054815,0.012974547,6.3809223,0.92191046,3.1196203,148.32338
2025-08-28 00:00:00,-0.7859398,0.9742052,2.1052055,0.044727776,6.8766146,1.0791988,3.0467443,141.10516
2025-08-28 01:00:00,-0.8875984,1.0615985,2.1825743,0.15527982,7.1364393,1.1869768,3.0955422,140.10115
2025-08-28 02:00:00,-0.9107167,1.1483402,2.2461638,0.16778705,7.184398,1.3198978,3.1809826,141.58305
2025-08-28 03:00:00,-0.8839404,1.2426523,2.2536356,0.24698094,7.1833186,1.2572937,3.1912613,144.5745
2025-08-28 04:00:00,-0.8578219,1.351202,2.265455,0.14652365,7.318168,1.2333868,3.1816466,147.59024
2025-08-28 05:00:00,-0.8144486,1.4345431,2.3417463,0.09793356,6.842704,1.3000926,3.508583,150.41467
2025-08-28 06:00:00,-0.74218047,1.6295764,2.5146537,0.18610749,6.5005784,1.406,3.8295953,155.5134
2025-08-28 07:00:00,-0.54405874,1.6616459,2.4694436,0.06704387,6.286886,1.2792196,3.9419463,161.87044
2025-08-28 08:00:00,-0.34675267,1.7326891,2.5197184,0.06905585,6.385291,1.1426059,4.060455,168.68324
2025-08-28 09:00:00,-0.07038591,1.7878695,2.6152418,0.16712812,6.3781304,1.065813,4.2180963,177.74551
2025-08-28 10:00:00,0.4381326,1.5537192,2.5064888,0.042752948,5.860716,1.3054851,3.8751903,195.7479
2025-08-28 11:00:00,0.5390691,1.5021976,2.6554387,0.09213866,6.270664,1.4251641,4.0162582,199.74072
2025-08-28 12:00:00,0.63330245,1.487021,2.7994523,0.17384844,6.2405477,1.4631747,4.190704,203.06851
2025-08-28 13:00:00,0.7797381,1.4918493,2.8855162,0.1789708,5.8857937,1.5035009,4.3773537,207.59451
2025-08-28 14:00:00,0.8626705,1.517553,2.9687705,0.115514114,6.444119,1.451408,4.417182,209.61658
2025-08-28 15:00:00,0.9306954,1.5053463,2.9612136,0.046720378,6.611126,1.440045,4.2686586,211.72684
2025-08-28 16:00:00,0.8912123,1.4815204,2.8618662,0.0779043,5.878977,1.4580587,4.3037467,211.02911
2025-08-28 17:00:00,0.9025281,1.4952269,2.7776155,0.15187755,6.1902585,1.4006686,4.2842855,211.11545
2025-08-28 18:00:00,0.8853137,1.4889003,2.5821214,0.15053685,7.1461306,1.17689,4.2818346,210.7361
2025-08-28 19:00:00,0.8967627,1.5644964,2.482699,0.079266556,7.6123757,1.1525586,4.299071,209.82115
2025-08-28 20:00:00,1.0906157,1.5631487,2.4371479,0.2154017,7.523318,1.059657,3.787291,214.90366
2025-08-28 21:00:00,1.2646451,1.5742204,2.45615,0.17626104,7.496428,0.9744266,3.764683,218.77655
2025-08-28 22:00:00,1.0190277,1.6029098,2.1993022,0.09699919,7.671257,1.1768909,3.589847,212.4456
2025-08-28 23:00:00,1.1180935,1.7126151,2.3707495,0.16519387,7.902975,1.0888277,3.886303,213.13881
2025-08-29 00:00:00,1.2212117,1.736623,2.5190353,0.10361753,7.497596,1.2723488,4.3695254,215.1153
2025-08-29 01:00:00,1.2754092,1.7296163,2.5947394,0.1002339,8.37265,1.0660957,4.2791166,216.40485
2025-08-29 02:00:00,1.3504581,1.7437224,2.6801329,0.15291427,9.625391,1.2334948,4.591614,217.75665
2025-08-29 03:00:00,1.4475803,1.6491451,2.6593947,0.16219996,10.135699,1.2062979,4.5741115,221.2759
2025-08-29 04:00:00,1.4720768,1.6057191,2.6206176,0.16596775,9.4882765,1.1295536,4.2629147,222.5137
2025-08-29 05:00:00,1.4731025,1.6341487,2.6530175,0.087113895,9.0701275,1.1527565,4.225162,222.03307
2025-08-29 06:00:00,1.4746221,1.7465465,2.7862654,0.082873486,9.665855,1.1520367,4.4612303,220.17465
2025-08-29 07:00:00,1.4759909,1.7104113,2.8237154,0.051311024,9.367302,1.0354795,4.6802735,220.79239
2025-08-29 08:00:00,1.5960475,1.7725203,3.0025733,0.20812818,8.723933,1.1007985,5.382226,222.00113
2025-08-29 09:00:00,1.5764011,1.7837929,3.0851204,0.105815955,8.40033,1.1339176,5.556061,221.46817
2025-08-29 10:00:00,1.2032343,1.7469016,2.8565269,0.11112532,8.586046,0.96632135,5.108596,214.55838
2025-08-29 11:00:00,1.1206821,1.9053068,2.923549,0.05720092,7.893502,0.88785005,5.409662,210.46362
2025-08-29 12:00:00,0.96384615,2.1114478,2.9293785,0.10298416,6.991383,0.7851809,5.6392593,204.53604
2025-08-29 13:00:00,0.75291896,2.1724741,2.941204,0.13555147,7.3035502,0.7799395,5.687771,199.1149
2025-08-29 14:00:00,0.535169,2.2281222,2.9561286,0.12728056,7.262187,0.7556887,5.549625,193.50595
2025-08-29 15:00:00,0.30570242,2.2177107,2.9310155,0.039908174,7.2744484,0.77634794,5.320358,187.84854
2025-08-29 16:00:00,0.071576096,2.1519585,2.8091094,0.06419136,7.086222,0.8010472,5.084565,181.90501
2025-08-29 17:00:00,-0.16091713,1.8346813,2.4451518,0.03247845,7.267519,0.51106864,4.791833,174.9875
2025-08-29 18:00:00,-0.33622164,1.7491175,2.4783585,0.04813735,7.8977,0.85411936,4.388206,169.11913
2025-08-29 19:00:00,-0.37279615,1.8719256,2.6129856,0.146142,9.0764065,1.0947218,4.302074,168.73685
2025-08-29 20:00:00,-0.30649504,2.0382204,2.7572153,0.21047305,9.940052,1.3257525,4.2590837,171.4483
2025-08-29 21:00:00,-0.16934657,2.1698966,2.8537524,0.08305359,10.023135,1.3278997,4.262144,175.53748
2025-08-29 22:00:00,0.10988638,2.158575,2.8463356,0.26306832,9.81261,1.3485715,4.242788,182.91425
2025-08-29 23:00:00,0.37575674,2.2011347,2.8339744,0.043973025,9.080016,1.1982548,4.3580675,189.6876
2025-08-30 00:00:00,0.61775124,2.2109594,2.873301,0.11929436,9.321692,1.0802814,4.5520844,195.6106
2025-08-30 01:00:00,0.807072,2.2082152,2.8584645,0.0687974,9.759882,1.0440605,4.4229465,200.07666
2025-08-30 02:00:00,0.96302795,2.2189224,2.8884315,0.14856935,9.819572,1.2326255,4.2597136,203.46118
2025-08-30 03:00:00,1.1626166,2.166795,2.9111156,0.19832295,8.739395,1.4239666,4.135606,208.21625
2025-08-30 04:00:00,1.2391926,2.1630607,2.924047,0.16015129,8.857122,1.4168407,4.204342,209.8079
2025-08-30 05:00:00,1.3332825,2.1690223,2.9544969,0.1284484,8.408856,1.3931462,4.3752313,211.57875
2025-08-30 06:00:00,1.668763,2.269292,3.1987069,0.030098518,8.800953,1.6985158,4.7563004,216.32954
2025-08-30 07:00:00,2.3081076,2.263813,3.5929074,0.45602804,9.07779,1.9073244,5.2504983,225.55508
2025-08-30 08:00:00,2.7214203,2.1306157,3.7953665,0.72336686,9.318829,2.2394905,5.263749,231.9424
2025-08-30 09:00:00,2.8377585,2.0983276,3.8351831,0.7435495,9.091994,2.3323908,5.2609057,233.51962
2025-08-30 10:00:00,2.6050286,1.9198716,3.5317032,0.6829038,9.191904,2.0332038,4.8664756,233.61028
2025-08-30 11:00:00,2.7184374,1.8636706,3.6011345,0.43621573,8.356106,2.128635,4.991209,235.56676
2025-08-30 12:00:00,2.8500082,1.8170912,3.6333013,0.35592452,8.6652975,2.0793412,5.0661974,237.47948
2025-08-30 13:00:00,2.966043,1.6721373,3.6627774,1.2439966,8.795809,2.1734676,5.0208554,240.58743
2025-08-30 14:00:00,2.9067085,1.5902714,3.5875115,0.9528463,8.172407,2.233881,4.855583,241.31676
2025-08-30 15:00:00,2.8604758,1.4341571,3.4625266,1.1695112,8.030757,2.155519,4.830712,243.37218
2025-08-30 16:00:00,2.5899727,1.3178014,3.1581886,0.36759412,7.9175563,1.8265029,4.5467553,243.0326
2025-08-30 17:00:00,1.902667,1.2591372,2.5243387,0.39272308,7.4100647,1.2621973,3.735736,236.50441
2025-08-30 18:00:00,1.3103473,1.3109741,2.111714,0.06387423,7.398959,1.3545419,3.0426676,224.9863
2025-08-30 19:00:00,0.9779865,1.5113348,2.1100407,0.14995073,7.8722544,1.4596069,2.8426878,212.90695
2025-08-30 20:00:00,0.8714785,1.7190263,2.2921941,0.23206843,8.558614,1.5479019,3.1081772,206.88321
2025-08-30 21:00:00,0.761727,1.8673652,2.4275308,0.3172095,8.96725,1.5328622,3.4715652,202.19131
2025-08-30 22:00:00,0.7660572,2.0249734,2.6221035,0.12618956,8.791568,1.4570318,4.1713533,200.72186
2025-08-30 23:00:00,0.63358945,2.1166816,2.7077172,0.107546255,9.601501,1.413714,4.2919292,196.6641
2025-08-31 00:00:00,0.56335735,2.2299726,2.820417,0.18861294,10.220532,1.4532334,4.4702086,194.17798
2025-08-31 01:00:00,0.41462335,2.3099666,2.8458776,0.18650529,10.58401,1.4211311,4.6301775,190.17584
2025-08-31 02:00:00,0.29360837,2.447906,2.9028816,0.03349605,10.791098,1.4164847,4.762355,186.83954
2025-08-31 03:00:00,0.2318111,2.5686505,2.969001,0.31759498,10.997759,1.4373691,4.8328004,185.15677
2025-08-31 04:00:00,0.12275984,2.6473851,2.9964645,0.14151485,11.317867,1.4035132,4.9115176,182.65492
2025-08-31 05:00:00,-0.008031896,2.7490473,3.0380378,0.23686276,11.215451,1.2632564,5.0376415,179.83261
2025-08-31 06:00:00,-0.039191168,2.9317434,3.2059824,0.117105395,11.510613,1.2910413,5.030653,179.23413
2025-08-31 07:00:00,0.03237915,2.8474624,3.1343656,0.09405097,11.4514475,0.97874165,5.099766,180.65149
2025-08-31 08:00:00,0.16149284,2.874006,3.207432,0.11962556,10.914074,0.94782513,5.11737,183.21613
2025-08-31 09:00:00,0.33352703,2.9519036,3.3312647,0.010070812,10.107444,0.9771141,5.3587995,186.44635
2025-08-31 10:00:00,0.28508368,2.6428766,3.0005634,0.03784309,9.427009,0.9562731,4.8991194,186.15662
2025-08-31 11:00:00,0.40604258,2.71987,3.0856729,0.04818455,8.767293,0.9246049,4.9666066,188.49084
2025-08-31 12:00:00,0.41816586,2.7003026,3.0944653,0.057933852,8.275393,0.98648053,4.8343983,188.80284
2025-08-31 13:00:00,0.2309327,2.5618756,2.9539294,0.124004915,7.9136486,1.0279901,4.7766156,185.15085
2025-08-31 14:00:00,-0.07012074,2.4019833,2.8104434,0.10075145,7.5482216,1.043142,4.6010785,178.32785
2025-08-31 15:00:00,-0.38058513,2.1977167,2.6669602,0.14312324,7.0657277,1.1035684,4.3191648,170.17535
2025-08-31 16:00:00,-0.78876185,1.798979,2.4177513,0.14089021,6.646045,1.0954537,4.0212727,156.32497
2025-08-31 17:00:00,-1.1954778,1.3802242,2.186003,0.14314684,6.3854704,1.0005897,3.9981995,139.10262
2025-08-31 18:00:00,-1.6807284,1.2991519,2.4122865,0.45083722,7.0728316,1.3793709,4.3926454,127.70293
2025-08-31 19:00:00,-1.9532962,1.4390985,2.662758,0.26354724,7.9530587,1.6082067,4.8635254,126.38109
2025-08-31 20:00:00,-1.9951898,1.6318899,2.8079402,0.45458457,8.742325,1.5870379,5.173045,129.28017
2025-08-31 21:00:00,-1.9545923,1.802748,2.905998,0.3286373,8.864958,1.6296024,5.5501523,132.68579
2025-08-31 22:00:00,-1.6696229,2.0172033,3.09636,0.24028371,9.432253,1.7706534,5.7072587,140.38573
2025-08-31 23:00:00,-1.4677953,2.0445647,3.0414176,0.27925292,8.901052,1.7455015,5.6703596,144.32541
2025-09-01 00:00:00,-1.2918833,2.0733242,3.0035462,0.32416344,8.807174,1.6661472,5.4754033,148.07306
2025-09-01 01:00:00,-1.1252173,1.999616,2.9405453,0.22553894,8.553791,1.6263332,5.2434807,150.63281
2025-09-01 02:00:00,-1.0380039,1.9366373,2.9232886,0.13964373,8.449143,1.5215939,5.1175423,151.80948
2025-09-01 03:00:00,-0.9530916,1.9079705,2.903378,0.41549402,9.455555,1.4556574,5.114131,153.45644
2025-09-01 04:00:00,-0.8940372,1.914566,2.8704612,0.34860706,9.744183,1.3521299,5.0632825,154.96902
2025-09-01 05:00:00,-0.83789885,1.9297061,2.8990211,0.39480862,9.859079,1.2837265,4.5808864,156.529
2025-09-01 06:00:00,-0.7600889,2.047028,3.038326,0.14289469,9.7337265,1.4677119,4.5646462,159.62936
2025-09-01 07:00:00,-0.5833109,2.103068,3.0587783,0.048284117,9.541563,1.5574846,4.692955,164.49802
2025-09-01 08:00:00,-0.38293788,2.256164,3.2244008,0.067551196,9.581321,1.5558611,4.883181,170.36702
2025-09-01 09:00:00,-0.09327945,2.3721337,3.4109993,0.03776664,9.408119,1.518437,5.160941,177.74812
2025-09-01 10:00:00,0.13842073,2.0077791,3.1549067,0.17011853,8.23957,1.2060981,5.055258,183.94386
2025-09-01 11:00:00,0.39067945,2.09313,3.247326,0.0931894,8.710859,1.2630521,5.3529863,190.57251
2025-09-01 12:00:00,0.65608793,1.9944648,3.2080436,0.029403212,8.529798,1.4594992,5.109768,198.20885
2025-09-01 13:00:00,0.86874473,1.8981348,3.172819,0.2105827,8.626316,1.428813,5.129854,204.59279
2025-09-01 14:00:00,0.9489507,1.6829809,3.052636,0.024531957,9.243921,1.3316212,4.511146,209.41653
2025-09-01 15:00:00,0.948669,1.4516469,2.8877966,0.087464206,9.274999,1.2034488,4.454432,213.16512
2025-09-01 16:00:00,0.7312416,1.2411722,2.6479475,0.08561404,9.089328,1.0881344,4.2035785,210.50464
2025-09-01 17:00:00,0.38108,1.0552698,2.3530436,0.0770317,9.005489,0.97427213,3.8849711,199.85571
2025-09-01 18:00:00,0.13646677,1.0393252,2.27322,0.05410623,8.48818,1.0508134,3.6046367,187.48035
2025-09-01 19:00:00,0.08902761,1.1706436,2.3200097,0.06806065,8.656919,1.0631273,3.5437477,184.349
2025-09-01 20:00:00,0.17404464,1.3500271,2.3715606,0.101998545,9.036015,1.0473454,3.760933,187.34602
2025-09-01 21:00:00,0.3811493,1.437919,2.4448967,0.106355436,9.226936,1.1215122,3.9317157,194.84598
2025-09-01 22:00:00,0.59854454,1.3925625,2.4768202,0.074007645,8.967634,1.0039268,4.1193175,203.25876
2025-09-01 23:00:00,0.68727523,1.3157716,2.4625268,0.0930192,8.837072,1.0768459,3.774063,207.57971
2025-09-02 00:00:00,0.8527436,1.3014642,2.4442103,0.04012812,8.942773,1.1147437,3.684513,213.23357
2025-09-02 01:00:00,0.8823469,1.3059642,2.414524,0.061499935,7.883146,1.1960926,3.6096768,214.0441
2025-09-02 02:00:00,0.9312035,1.3042264,2.3642094,0.09262653,7.255725,1.2118249,3.415568,215.52643
2025-09-02 03:00:00,0.97911155,1.3082572,2.351912,0.15272844,7.1901054,1.1758468,3.4284914,216.81152
2025-09-02 04:00:00,1.0193824,1.3377166,2.3386178,0.035088982,7.2781234,0.99990267,3.422968,217.30855
2025-09-02 05:00:00,1.0927755,1.375718,2.4315295,0.044379342,7.394303,1.013752,3.5250306,218.46121
2025-09-02 06:00:00,1.2583231,1.5221789,2.6731408,0.10302001,8.374831,1.1974723,3.82879,219.57915
2025-09-02 07:00:00,1.6733081,1.5404514,3.0065308,0.19060872,9.2176695,1.3656298,4.3700023,227.36726
2025-09-02 08:00:00,1.9846843,1.5504802,3.240115,0.051932175,9.447351,1.4559588,4.892,232.00224
2025-09-02 09:00:00,2.06047,1.5800905,3.2307596,0.22017111,9.438718,1.50176,4.843055,232.51688
2025-09-02 10:00:00,1.9913446,1.539347,3.0555668,0.18240373,9.569977,1.3694216,4.7091975,232.2953
2025-09-02 11:00:00,2.080129,1.7091014,3.1988375,0.22254425,10.1108885,1.4676052,4.8954263,230.59236
2025-09-02 12:00:00,2.1063244,1.7597013,3.257806,0.2595171,9.8255625,1.6635567,4.9411006,230.12338
2025-09-02 13:00:00,2.1080694,1.8774188,3.3018122,0.07127477,9.695421,1.6099703,4.9056497,228.31216
2025-09-02 14:00:00,1.9984708,1.91647,3.235201,0.3066428,9.135489,1.4760728,4.9353833,226.19992
2025-09-02 15:00:00,1.9138765,1.9370204,3.1781888,0.13234733,8.819702,1.465622,4.792949,224.65567
2025-09-02 16:00:00,1.6885958,1.8707544,2.954502,0.030772138,8.282905,1.2910811,4.4701476,222.07031
2025-09-02 17:00:00,1.2188865,1.7097943,2.4808388,0.07422836,7.6233573,1.0129589,3.8310726,215.4845
2025-09-02 18:00:00,0.8227461,1.7608052,2.2881968,0.06867447,6.991658,1.1578197,3.7683692,205.04459
2025-09-02 19:00:00,0.57894194,1.9806985,2.363639,0.06768426,6.8381066,1.2424457,3.9507482,196.29321
2025-09-02 20:00:00,0.48925123,2.2238305,2.5561454,0.27006182,6.9224153,1.3871658,4.4160175,192.40762
2025-09-02 21:00:00,0.4170495,2.40484,2.7290566,0.30605307,7.0979104,1.4614931,4.8331513,189.83844
2025-09-02 22:00:00,0.35043582,2.5876765,2.9334047,0.28235844,8.2837715,1.3503667,5.417302,187.71236
2025-09-02 23:00:00,0.38513473,2.7843876,3.165288,0.23764348,8.7332115,1.4876658,5.7483044,187.87515
2025-09-03 00:00:00,0.3970279,2.8905282,3.2846797,0.25856203,9.070445,1.5587167,5.3940144,187.82092
2025-09-03 01:00:00,0.37087145,2.9985616,3.393235,0.23054224,9.879493,1.6610316,5.2355266,187.05072
2025-09-03 02:00:00,0.34899944,3.1210887,3.4995687,0.52161425,10.527385,1.6396599,5.331812,186.38031
2025-09-03 03:00:00,0.35260794,3.2196548,3.5783334,0.23543736,11.663942,1.6201236,5.435041,186.24997
2025-09-03 04:00:00,0.27584964,3.3643155,3.649531,0.21311016,11.698307,1.6580777,5.3613057,184.68736
2025-09-03 05:00:00,0.16450253,3.5834038,3.7930806,0.2577664,12.110403,1.687356,5.4050474,182.62842
2025-09-03 06:00:00,0.17174798,3.8556795,4.041956,0.21981822,12.667259,1.7993417,5.8678775,182.5505
2025-09-03 07:00:00,0.22219643,4.0512466,4.243582,0.06329534,12.776448,1.6309756,6.543474,183.13933
2025-09-03 08:00:00,0.69313174,4.593248,4.874733,0.25349852,13.057615,1.731144,8.0079155,188.58133
2025-09-03 09:00:00,1.2311962,4.891153,5.3202844,0.106645204,13.112376,1.7114844,8.234512,194.1289
2025-09-03 10:00:00,1.2841121,4.5140905,5.0322495,0.10640492,13.423572,1.3033713,7.5106072,195.87933
2025-09-03 11:00:00,1.2489178,4.671869,5.2066646,0.08082661,15.585343,1.7871754,7.5318203,194.96675
2025-09-03 12:00:00,1.2528133,4.7650857,5.322343,0.02164133,15.036677,1.9987952,7.920339,194.73056
2025-09-03 13:00:00,1.2842457,4.8505235,5.445983,0.048431158,15.302094,1.8736969,8.182302,194.82962
2025-09-03 14:00:00,1.2372915,4.7840996,5.3270288,0.07695672,14.963771,1.7081118,8.103164,194.50044
2025-09-03 15:00:00,0.9996767,4.5869246,5.0152116,0.11903317,15.289283,1.6976628,7.9795694,192.29483
2025-09-03 16:00:00,0.67456466,4.359048,4.6762886,0.35729748,14.408788,1.460983,7.9293914,188.79678
2025-09-03 17:00:00,0.23555611,4.018407,4.230431,0.2319751,13.434104,1.1724501,7.7380085,183.3548
2025-09-03 18:00:00,-0.07304506,4.0494523,4.186464,0.29755458,13.931599,1.5705783,7.69345,178.9666
2025-09-03 19:00:00,-0.23017718,4.151615,4.2695513,0.26787376,15.309869,1.6469071,7.8140264,176.82661
2025-09-03 20:00:00,-0.092800654,4.29759,4.4312663,0.17458613,15.358807,1.7003303,7.960677,178.76297
2025-09-03 21:00:00,0.16894202,4.33422,4.5064487,0.19161004,15.565504,1.6809032,8.15058,182.23218
2025-09-03 22:00:00,0.356588,4.2182074,4.4417176,0.31274506,14.601454,1.7348304,8.528715,184.83203
2025-09-03 23:00:00,0.5737144,4.113876,4.362104,0.123225644,13.98796,1.7283589,8.553329,187.93918
2025-09-04 00:00:00,0.82447153,4.0099516,4.29827,0.29190782,13.268706,1.704649,8.318598,191.61847
2025-09-04 01:00:00,0.98621225,3.8509686,4.194847,0.34347522,12.258285,1.688975,8.087244,194.36443
2025-09-04 02:00:00,1.1339837,3.7185223,4.130725,0.025671523,11.877918,1.6477085,7.8740497,196.95938
2025-09-04 03:00:00,1.2721066,3.5275297,4.0129347,0.103302374,11.762065,1.5679632,7.8975677,199.83044
2025-09-04 04:00:00,1.3311092,3.372654,3.8836625,0.17863469,11.217417,1.4900554,7.679889,201.53802
2025-09-04 05:00:00,1.2879536,3.232782,3.7155766,0.11595086,10.488279,1.4314145,7.4854875,201.72253
2025-09-04 06:00:00,1.3720014,3.266041,3.7315652,0.14327627,10.765056,1.4291008,7.340186,202.78635
2025-09-04 07:00:00,1.4767634,3.1740751,3.643015,0.011186701,10.886688,1.0776465,7.1351514,204.95058
2025-09-04 08:00:00,1.900999,3.1786585,3.8757567,0.13132025,10.612231,0.8994678,7.0743103,210.88156
2025-09-04 09:00:00,2.0464332,3.0469072,3.904271,0.020607868,10.675679,0.9799402,6.5433254,213.887
2025-09-04 10:00:00,2.0341759,2.6016574,3.6775472,0.05420794,9.880629,1.1419497,6.1182528,218.02103
2025-09-04 11:00:00,1.8247025,2.6789484,3.6813433,0.088674486,10.555513,1.3766476,5.960435,214.25981
2025-09-04 12:00:00,1.6100703,2.668911,3.6290655,0.23451175,10.063778,1.3513486,5.7798586,211.10127
2025-09-04 13:00:00,1.4618312,2.5883489,3.5790641,0.12109576,9.502207,1.479858,5.6387086,209.45662
2025-09-04 14:00:00,1.2482808,2.4037561,3.3778155,0.2665976,9.495558,1.3989326,5.3420897,207.44305
2025-09-04 15:00:00,0.9273851,2.1122832,3.0446372,0.1527341,8.884778,1.2336094,4.665756,203.70358
2025-09-04 16:00:00,0.54833037,1.6355904,2.5579138,0.29674476,7.756518,1.1172059,4.185719,198.53369
2025-09-04 17:00:00,0.117429994,1.2537054,2.2377295,0.15669888,6.684475,1.0409956,3.769878,185.35107
2025-09-04 18:00:00,-0.13795389,1.214965,2.3496816,0.16495743,7.580481,1.1536785,3.6517785,173.52206
2025-09-04 19:00:00,-0.1946007,1.310459,2.5602186,0.06954225,8.544161,1.3264757,3.8990037,171.5534
2025-09-04 20:00:00,-0.032089647,1.4817113,2.778305,0.2693209,9.196398,1.4114316,4.1191187,178.75934
2025-09-04 21:00:00,0.22301462,1.6205527,2.931229,0.33778036,9.605991,1.5373191,4.309856,187.83563
2025-09-04 22:00:00,0.5381746,1.783477,2.8315613,0.45385838,8.85592,1.4637008,4.6670136,196.7915
2025-09-04 23:00:00,0.8827242,1.7960432,2.8846378,0.08269375,8.811088,1.6206117,4.640225,206.17332
2025-09-05 00:00:00,1.2705771,1.7771809,2.957964,0.045788493,8.71266,1.5414662,4.3139267,215.56248
2025-09-05 01:00:00,1.5398045,1.7066448,2.9600978,0.26190913,8.674126,1.6616027,4.123419,222.05807
2025-09-05 02:00:00,1.8331782,1.6501461,3.0333664,0.02381745,8.666784,1.8605394,4.2172766,228.00786
2025-09-05 03:00:00,2.1032896,1.5539774,3.0850089,0.044692002,8.630373,1.8724533,4.2273984,233.54184
2025-09-05 04:00:00,2.3847582,1.3518409,3.071409,0.16878098,8.136416,1.8255744,4.1648064,240.45253
2025-09-05 05:00:00,2.6502318,1.1309625,3.1119726,0.25044733,8.513469,1.7230573,4.1806026,246.89008
2025-09-05 06:00:00,2.999383,0.9666525,3.3280838,0.18129978,8.651038,2.0582824,4.4353814,252.13672
2025-09-05 07:00:00,3.4041674,0.6058432,3.6095436,0.41886216,8.7526,2.328888,5.05357,259.90866
2025-09-05 08:00:00,3.6998072,0.28781912,3.8288004,0.3727779,8.81093,2.516591,5.093015,265.55176
2025-09-05 09:00:00,3.7751486,0.079352714,3.8789375,0.5368538,8.735476,2.5207033,5.3635826,268.79584
2025-09-05 10:00:00,3.2585595,0.14455806,3.4594777,0.30105984,8.189348,2.067632,5.0868034,267.45987
2025-09-05 11:00:00,3.4612267,0.15526024,3.646107,0.67288846,7.857725,2.265302,5.193734,267.4316
2025-09-05 12:00:00,3.5493948,0.107777774,3.747081,0.67920244,7.706922,2.294378,5.314719,268.26074
2025-09-05 13:00:00,3.577062,0.009482719,3.7681646,0.71976864,7.2810373,2.1836793,5.5546484,269.8481
2025-09-05 14:00:00,3.5157921,-0.17275588,3.706908,0.38251957,7.354879,2.1522896,5.501892,272.81308
2025-09-05 15:00:00,3.386521,-0.29180455,3.579686,0.17677112,7.7609363,1.9983759,5.511687,274.9248
2025-09-05 16:00:00,3.104964,-0.33172733,3.3022866,0.18026836,7.884735,1.7164786,5.4399834,276.0982
2025-09-05 17:00:00,2.6531463,-0.2592233,2.8394263,0.12702237,7.748552,1.248947,5.2756453,275.58032
2025-09-05 18:00:00,2.3450127,-0.15856563,2.55476,0.05280095,7.799115,1.2708879,5.110736,273.86835
2025-09-05 19:00:00,2.2160108,-0.09813464,2.502074,0.07265935,7.7058277,1.3366057,5.14404,272.53564
2025-09-05 20:00:00,2.1482499,-0.070687786,2.489064,0.17927022,7.565922,1.3907616,4.965807,271.8846
2025-09-05 21:00:00,2.049855,-0.07776827,2.4059346,0.13719644,7.206831,1.3038282,4.875978,272.17267
2025-09-05 22:00:00,1.911269,-0.022735596,2.3482997,0.14556316,8.445356,1.0532035,4.428511,270.68152
2025-09-05 23:00:00,1.6793852,-0.0775596,2.2164295,0.10023345,8.230185,0.9659837,4.0997825,272.64423
2025-09-06 00:00:00,1.5059444,-0.06429064,2.1257424,0.12888272,8.029572,0.99496704,3.711626,272.44455
2025-09-06 01:00:00,1.3528042,-0.020176243,2.0489764,0.02128833,7.844214,1.0369935,3.508945,270.85446
2025-09-06 02:00:00,1.2168398,0.04149277,1.9887056,0.00338212,7.568133,1.0480815,3.34988,268.04703
2025-09-06 03:00:00,1.0968487,0.115157254,1.9688704,0.058166724,7.004919,1.0016774,3.3690453,264.00653
2025-09-06 04:00:00,0.92883426,0.10786067,1.9031923,0.020155128,7.002772,0.83963776,3.0488021,263.37622
2025-09-06 05:00:00,0.82873535,0.11738174,1.9403514,0.15688428,7.3375034,0.9580953,2.9227273,261.93826
2025-09-06 06:00:00,0.7596052,0.08535973,2.0435126,0.19129398,7.603992,0.9497012,3.0446572,263.58835
2025-09-06 07:00:00,0.6928228,-0.1589904,1.8747753,0.067090414,7.1598573,0.6976464,3.4460773,282.92456
2025-09-06 08:00:00,0.4278486,-0.2606692,1.9656872,0.009591092,7.0821924,0.67438823,3.4837067,301.3521
2025-09-06 09:00:00,0.1953393,-0.22292638,2.0686154,0.03218866,6.8172307,0.67348117,3.5710788,318.77353
2025-09-06 10:00:00,-0.08507352,-0.0073011243,1.8879493,0.022487402,6.7796764,0.59237516,3.32794,85.09482
2025-09-06 11:00:00,-0.3258102,-0.06735807,1.8892438,0.06632557,6.0268016,0.5017577,3.4207525,78.319214
2025-09-06 12:00:00,-0.58914554,-0.14633344,1.9080452,0.025873277,4.839553,0.5528996,3.5150948,76.050995
2025-09-06 13:00:00,-0.8451678,-0.2080841,1.9518094,0.071549445,4.64304,0.6234613,3.5287204,76.16861
2025-09-06 14:00:00,-1.1585896,-0.23879428,2.0755398,0.030625818,4.633953,0.76811576,3.544747,78.35394
2025-09-06 15:00:00,-1.4090828,-0.17514162,2.2277212,0.0636194,5.189459,1.0141113,3.5679147,82.914764
2025-09-06 16:00:00,-1.5559078,-0.17213893,2.2524977,0.10991602,5.515941,1.1119804,3.5062962,83.68671
2025-09-06 17:00:00,-1.4048507,-0.22303443,1.9384512,0.12687978,5.940142,0.99412286,3.1023333,80.979004
2025-09-06 18:00:00,-1.7050352,-0.2499237,2.2300289,0.42669275,6.9145865,1.4231505,3.25453,81.66098
2025-09-06 19:00:00,-1.9943192,-0.00034682816,2.4576273,0.17377265,7.5657077,1.4917661,3.5741217,89.99002
2025-09-06 20:00:00,-2.2181866,0.28172138,2.6576958,0.45897597,7.94143,1.615726,3.7884343,97.23811
2025-09-06 21:00:00,-2.2741356,0.51658714,2.7300797,0.11478294,8.195818,1.6507776,3.9896421,102.798004
2025-09-06 22:00:00,-2.3486006,0.6256594,2.7969422,0.1988588,8.222428,1.6353843,3.9801767,104.91699
2025-09-06 23:00:00,-2.2568429,0.78301877,2.7511108,0.058781803,8.492011,1.5588572,3.8895795,109.134384
2025-09-07 00:00:00,-2.1678488,0.83743036,2.717324,0.021423932,8.603849,1.495794,3.8767936,111.12134
2025-09-07 01:00:00,-2.1315517,0.8550613,2.7114704,0.23672983,8.752848,1.4486516,3.9543953,111.85794
2025-09-07 02:00:00,-2.1293545,0.8527754,2.7033355,0.11828734,8.870852,1.3572335,3.938533,111.82539
2025-09-07 03:00:00,-2.1168892,0.81451994,2.690986,0.22713244,8.655061,1.3550874,4.007475,111.04535
2025-09-07 04:00:00,-2.16254,0.8491673,2.7575214,0.06630105,8.647446,1.413078,4.24268,111.43852
2025-09-07 05:00:00,-2.2443612,0.911386,2.8362465,0.24267735,8.783994,1.3021703,4.339197,112.10101
2025-09-07 06:00:00,-2.4894233,1.0376616,3.0905018,0.14751977,9.391998,1.2990781,4.8268466,112.62775
2025-09-07 07:00:00,-2.5430954,1.1251835,3.0861232,0.22826007,9.694039,1.0717076,4.937849,113.86684
2025-09-07 08:00:00,-2.7242713,1.3110694,3.2742035,0.19400747,9.822114,1.0344192,5.3349495,115.69942
2025-09-07 09:00:00,-2.8679624,1.4292611,3.4607475,0.10258949,9.9579315,1.1758503,5.6204057,116.48956
2025-09-07 10:00:00,-2.6174197,1.3243504,3.1942074,0.0864372,9.640092,0.86643815,5.0614395,116.8383
2025-09-07 11:00:00,-2.8878343,1.3413899,3.5044613,0.051843327,10.168365,1.0863035,5.651185,114.914734
2025-09-07 12:00:00,-3.0405526,1.293902,3.7005208,0.31626403,11.03263,1.3786623,6.0172725,113.05211
2025-09-07 13:00:00,-3.1522171,1.2312453,3.8212981,0.012240497,11.720414,1.6893595,6.1378007,111.33545
2025-09-07 14:00:00,-3.3156297,1.1420214,3.920001,0.07408504,12.053057,1.9010335,6.3200245,109.005554
2025-09-07 15:00:00,-3.4206424,1.0970913,3.946419,0.23148957,12.078068,1.8349372,6.1214943,107.78244
2025-09-07 16:00:00,-3.379251,0.88931936,3.775365,0.3079743,12.174729,1.7396021,5.936934,104.74425
2025-09-07 17:00:00,-3.1558194,0.64641345,3.458761,0.1831474,12.272604,1.4177799,5.7118063,101.5759
2025-09-07 18:00:00,-3.2360144,0.6967765,3.518328,0.090311386,12.332537,1.6766576,5.725627,102.15138
2025-09-07 19:00:00,-3.2452738,0.9214263,3.586146,0.36342725,12.250864,1.5457193,5.9893527,105.85077
2025-09-07 20:00:00,-3.150342,1.1420857,3.580862,0.117565945,12.413641,1.5161207,6.1440873,109.92699
2025-09-07 21:00:00,-2.9932477,1.2497501,3.4851508,0.042759757,12.654749,1.5582597,6.1630964,112.66167
2025-09-07 22:00:00,-2.8598719,1.4446849,3.4834545,0.2413354,12.779872,1.5281184,6.061548,116.80095
2025-09-07 23:00:00,-2.6013258,1.4676749,3.314424,0.058972504,12.561805,1.4554551,5.7287197,119.43181
2025-09-08 00:00:00,-2.4289238,1.3939556,3.193544,0.07839373,12.469084,1.3771274,5.673657,119.851456
2025-09-08 01:00:00,-2.300037,1.3522347,3.0895743,0.18946855,12.323244,1.3404571,5.6085033,120.45207
2025-09-08 02:00:00,-2.137467,1.3507493,2.996502,0.075696394,12.317037,1.2724067,5.4876695,122.290405
2025-09-08 03:00:00,-1.9367247,1.2829833,2.873901,0.0503704,12.106861,1.2052567,5.2037425,123.52249
2025-09-08 04:00:00,-1.8450825,1.2580063,2.8232994,0.272901,11.491073,1.24673,5.2088666,124.28679
2025-09-08 05:00:00,-1.8040656,1.207609,2.748258,0.10583243,11.234597,1.1519799,5.094693,123.79765
2025-09-08 06:00:00,-1.8390619,1.2863427,2.7727113,0.053497788,10.919455,0.9898887,5.2492123,124.9711
2025-09-08 07:00:00,-1.6816732,1.2743587,2.6002383,0.051490773,10.850549,0.7865982,5.2134533,127.15457
2025-09-08 08:00:00,-1.4865248,1.280358,2.5828626,0.0568169,10.445991,0.66981345,5.0942492,130.73863
2025-09-08 09:00:00,-1.3336247,1.1887904,2.6879296,0.101763375,9.875446,0.8106535,4.8908362,131.71376
2025-09-08 10:00:00,-1.0707448,0.8918259,2.4513938,0.023433546,8.725683,0.7242419,4.532595,129.791
2025-09-08 11:00:00,-0.83707905,0.81653905,2.516057,0.043575265,8.598386,0.67840385,4.534651,134.28836
2025-09-08 12:00:00,-0.52629375,0.5754782,2.540092,0.019836754,8.351597,0.8067817,4.5433073,137.55608
2025-09-08 13:00:00,-0.22041197,0.24829102,2.528248,0.08246024,7.2371035,0.9792959,4.4229016,138.40402
2025-09-08 14:00:00,-0.1733617,-0.10643253,2.4583776,0.017264819,6.26487,1.1084142,4.355206,58.45282
2025-09-08 15:00:00,-0.07062757,-0.40225056,2.3062496,0.0858064,6.4787245,1.1026187,3.7856128,9.958527
2025-09-08 16:00:00,-0.20436344,-0.58892244,2.0268476,0.12585515,6.7642574,1.0050124,3.447967,19.13739
2025-09-08 17:00:00,-0.35349664,-0.5920303,1.8564072,0.011841804,6.238759,0.7820264,3.447649,30.841095
2025-09-08 18:00:00,-0.54100615,-0.67872906,2.0076513,0.102184504,6.026049,1.0249205,3.7563667,38.55789
2025-09-08 19:00:00,-0.68069744,-0.6667633,2.0657232,0.08223251,6.1563272,1.0418559,3.7062936,45.59247
2025-09-08 20:00:00,-0.6613279,-0.6147329,2.0235388,0.04264697,6.082755,0.9450982,3.6235416,47.091187
2025-09-08 21:00:00,-0.67252123,-0.5890573,1.9868364,0.0621085,6.0275006,0.89586973,3.491948,48.785065
2025-09-08 22:00:00,-0.76281697,-0.5785708,1.9536879,0.067186944,5.6175294,0.92998224,3.4585342,52.820923
2025-09-08 23:00:00,-0.82706267,-0.6632505,1.9947728,0.06328756,6.1972566,0.8902477,3.6030698,51.272644
2025-09-09 00:00:00,-0.80783945,-0.74932534,2.0127585,0.027113099,6.1278906,0.8937129,3.5177746,47.152008
2025-09-09 01:00:00,-0.76147175,-0.8012968,2.028295,0.086973526,5.7571583,0.99676466,3.469037,43.540222
2025-09-09 02:00:00,-0.7767128,-0.86196035,2.0565443,0.19235861,5.8336616,1.0485603,3.4601488,42.022034
2025-09-09 03:00:00,-0.84379166,-0.91071916,2.1127684,0.14901924,6.127318,1.2137084,3.5309312,42.81546
2025-09-09 04:00:00,-0.9546546,-0.91818523,2.223104,0.12777996,6.0521007,1.3205134,3.5448563,46.11554
2025-09-09 05:00:00,-1.0762572,-0.8640479,2.3659997,0.044080194,6.595353,1.368981,3.7758074,51.241577
2025-09-09 06:00:00,-1.2660972,-0.76364136,2.6226933,0.2787471,7.3310046,1.4583158,4.188494,58.90387
2025-09-09 07:00:00,-1.2332071,-0.62471294,2.619204,0.1780713,7.386818,1.3851612,4.4690247,63.13434
2025-09-09 08:00:00,-1.3090899,-0.5028975,2.7308667,0.12572607,8.031443,1.5568217,4.454066,68.98529
2025-09-09 09:00:00,-1.3177725,-0.39859504,2.8785105,0.29319823,8.03539,1.717131,4.4608064,73.170654
2025-09-09 10:00:00,-0.88191926,-0.1737308,2.7135289,0.15590328,6.5208726,1.2340071,4.2031813,78.855896
2025-09-09 11:00:00,-0.71155113,-0.21119608,2.807331,0.18123578,6.6111093,1.3502034,4.2572045,73.46854
2025-09-09 12:00:00,-0.5793655,-0.2786424,2.907463,0.104000956,7.759363,1.340141,4.605043,64.31506
2025-09-09 13:00:00,-0.4546212,-0.28621653,2.9141397,0.07971657,8.6380205,1.3008633,4.6393385,57.80664
2025-09-09 14:00:00,-0.39481127,-0.41175967,2.8640647,0.13425775,8.754873,1.2062837,4.715359,43.796204
2025-09-09 15:00:00,-0.31599715,-0.5463018,2.7349298,0.056456704,8.506379,1.0976955,4.741336,30.046356
2025-09-09 16:00:00,-0.2276232,-0.67775625,2.4896405,0.10124018,8.721691,0.8502345,4.633987,18.564514
2025-09-09 17:00:00,-0.2588138,-0.5564872,2.2471118,0.07137255,9.185226,0.73249006,4.617352,24.942413
2025-09-09 18:00:00,-0.36522612,-0.33945897,2.2464657,0.10050106,9.366381,0.9373366,4.7248316,47.094116
2025-09-09 19:00:00,-0.45442116,-0.026709067,2.2308588,0.15120842,8.645721,0.9678192,4.6096706,86.63623
2025-09-09 20:00:00,-0.47867358,0.23145768,2.2546558,0.07709236,8.187212,1.0282784,4.2995777,115.80562
2025-09-09 21:00:00,-0.48275882,0.45810142,2.2502427,0.12313153,8.303168,1.0213188,4.304325,133.49878
2025-09-09 22:00:00,-0.24834298,0.5355637,2.115848,0.086973794,8.055177,1.0402724,3.97616,155.12268
2025-09-09 23:00:00,-0.217446,0.7340158,2.0615776,0.05089314,7.6090846,0.9578468,4.100804,163.49854
2025-09-10 00:00:00,-0.19249128,0.86593544,2.054835,0.10261652,7.972608,0.8915527,4.3137455,167.46735
2025-09-10 01:00:00,-0.1766242,0.9125993,2.0123026,0.08969718,8.091301,0.8158482,4.4924216,169.04642
2025-09-10 02:00:00,-0.18460041,0.98300916,1.9985256,0.053582925,8.020133,0.75238675,4.358735,169.36423
2025-09-10 03:00:00,-0.17459106,1.0012962,2.006384,0.027200738,7.8145466,0.7037693,4.3715043,170.10907
2025-09-10 04:00:00,-0.19684704,0.98284787,2.1337428,0.056089934,7.732022,0.82660425,4.5102296,168.67451
2025-09-10 05:00:00,-0.2915571,0.9315899,2.2078068,0.0044497624,8.090553,0.83808124,4.7289476,162.6216
2025-09-10 06:00:00,-0.3444783,1.0045005,2.2864316,0.089085996,8.961658,0.8369218,4.7419486,161.07138
2025-09-10 07:00:00,-0.40263698,1.018718,2.2584624,0.08937857,9.320595,0.8964471,4.3875756,158.43414
2025-09-10 08:00:00,-0.43221346,1.0743153,2.321019,0.16350879,9.12841,0.98874116,4.1870046,158.08432
2025-09-10 09:00:00,-0.5385804,1.2423579,2.3661995,0.04181519,8.998483,1.0561385,3.8678193,156.56256
2025-09-10 10:00:00,-0.14941901,1.2054353,2.2013626,0.096138865,8.369021,0.7610047,3.7853036,172.93399
2025-09-10 11:00:00,-0.3167473,1.3512033,2.2496295,0.080608666,8.431527,0.97466564,3.4744034,166.80702
2025-09-10 12:00:00,-0.3975599,1.4356022,2.303991,0.013816747,8.244081,0.9670204,3.5844402,164.52106
2025-09-10 13:00:00,-0.38631254,1.4699332,2.3348572,0.076816835,7.8812304,0.8967373,3.8114126,165.27512
2025-09-10 14:00:00,-0.3956542,1.4816272,2.3366795,0.14290069,7.7012305,0.8804815,3.8680015,165.0486
2025-09-10 15:00:00,-0.34715602,1.426686,2.3319304,0.03724329,7.937742,0.90771925,3.796154,166.32397
2025-09-10 16:00:00,-0.38330162,1.2779883,2.1944196,0.08769108,8.52228,0.8610405,3.6946483,163.30466
2025-09-10 17:00:00,-0.44367692,1.1231455,1.9958098,0.06516243,8.170421,0.8015331,3.5345888,158.44446
2025-09-10 18:00:00,-0.46566236,1.1913975,2.131707,0.1012257,7.8404717,0.9952524,3.6774583,158.65176
2025-09-10 19:00:00,-0.4291757,1.3992771,2.3531654,0.09901195,8.43321,1.131956,3.942781,162.94858
2025-09-10 20:00:00,-0.24097711,1.5907131,2.5703018,0.08606902,9.033474,1.1949601,4.1688876,171.38577
2025-09-10 21:00:00,-0.031890456,1.7696575,2.7944705,0.26591137,9.586108,1.2966093,4.3424296,178.9676
2025-09-10 22:00:00,0.1103128,1.912787,2.7910883,0.11563574,9.980026,1.3252392,4.4991546,183.30067
2025-09-10 23:00:00,0.25376728,1.9578058,2.8229504,0.22578193,10.528585,1.224829,4.4450464,187.3854
2025-09-11 00:00:00,0.41261292,2.0693824,2.971449,0.2425852,10.852562,1.3699058,4.547912,191.2763
2025-09-11 01:00:00,0.604366,2.228353,3.1833522,0.35715425,10.684369,1.5932215,4.6311293,195.17453
2025-09-11 02:00:00,0.71734494,2.4480426,3.3520687,0.19458345,10.626564,1.5827849,4.8680058,196.33206
2025-09-11 03:00:00,0.8745905,2.7188432,3.5888004,0.036106657,10.789811,1.7281775,5.227682,197.83182
2025-09-11 04:00:00,1.0804443,2.9439692,3.7600775,0.390819,10.826241,1.8474348,5.480748,200.15327
2025-09-11 05:00:00,1.396538,3.1515496,4.0003448,0.32430166,12.103642,2.064949,5.745611,203.89944
2025-09-11 06:00:00,1.8508837,3.2984462,4.2872477,0.15720819,11.975244,2.2624712,6.1149054,209.29845
2025-09-11 07:00:00,2.3724756,3.2664542,4.4711585,0.19187723,12.125402,2.4653168,6.2449074,215.99149
2025-09-11 08:00:00,2.9994738,3.3108237,4.8234663,0.13551106,11.61757,2.7707505,6.4629955,222.17532
2025-09-11 09:00:00,3.655909,3.3467674,5.200439,0.078116044,11.616189,3.1935143,6.7227063,227.52776
2025-09-11 10:00:00,3.531453,2.9247918,4.839162,0.13983339,11.230585,2.7731872,6.7482343,230.36804
2025-09-11 11:00:00,3.9265723,3.1070094,5.2439356,0.14491409,10.770111,3.2314653,6.8727064,231.64621
2025-09-11 12:00:00,4.151055,3.1337528,5.4470167,0.20302656,10.390059,3.4350166,7.2707963,232.94977
2025-09-11 13:00:00,4.179535,3.0688987,5.4630427,0.1840397,9.364038,3.595233,7.376876,233.71136
2025-09-11 14:00:00,4.096689,3.039231,5.3951073,0.2599937,10.570838,3.4644308,7.2420707,233.42921
2025-09-11 15:00:00,3.9208477,2.958364,5.1985273,0.22898945,10.983437,3.26298,7.28536,232.96466
2025-09-11 16:00:00,3.5717902,2.8919685,4.836757,0.2717939,10.971736,2.8538742,7.392255,231.00397
2025-09-11 17:00:00,3.151057,2.82675,4.4054985,0.0753831,11.1551075,2.181683,6.6244254,228.10536
2025-09-11 18:00:00,2.7715561,2.9017434,4.161811,0.274346,10.999869,1.8394789,6.3096714,223.68546
2025-09-11 19:00:00,2.527819,3.0696237,4.108432,0.1860218,10.794129,1.8335522,6.3179836,219.47128
2025-09-11 20:00:00,2.405157,3.2071922,4.13576,0.053311694,11.267221,1.7652686,6.4815316,216.86719
2025-09-11 21:00:00,2.2999873,3.3363433,4.179858,0.014421429,11.303934,1.8130375,6.7631693,214.58136
2025-09-11 22:00:00,2.3151848,3.3061378,4.2235937,0.053064857,12.203827,1.7739285,6.877642,215.00235
2025-09-11 23:00:00,2.1584692,3.347945,4.184616,0.29211873,12.853599,1.797636,7.131673,212.81047
2025-09-12 00:00:00,2.03265,3.4216433,4.135753,0.16992615,12.304746,1.8034813,7.5189214,210.71272
2025-09-12 01:00:00,1.891277,3.4487684,4.0731287,0.1078503,11.283682,1.712052,7.6718082,208.74002
2025-09-12 02:00:00,1.8571621,3.530656,4.1341023,0.07835952,11.876188,1.6601554,7.7082644,207.74484
2025-09-12 03:00:00,1.9992642,3.5548928,4.246211,0.10584732,12.26629,1.6742387,8.192551,209.35332
2025-09-12 04:00:00,2.1246536,3.5121353,4.2999573,0.20623627,12.974684,1.8626416,8.475676,211.17169
2025-09-12 05:00:00,2.2006948,3.4639492,4.3135962,0.30357626,12.535303,1.9254928,8.454004,212.42836
2025-09-12 06:00:00,2.3151007,3.5666895,4.4692082,0.23494956,12.459714,2.0127277,8.427258,212.98718
2025-09-12 07:00:00,2.5045562,3.6125715,4.629519,0.26824516,12.296341,2.0480423,8.336077,214.73315
2025-09-12 08:00:00,3.3628314,3.7757556,5.300325,0.06525038,12.775179,2.3952842,8.718431,221.68948
2025-09-12 09:00:00,3.7867737,3.6209338,5.4605455,0.19062746,13.194954,2.575963,8.694737,226.2825
2025-09-12 10:00:00,3.7597718,3.1802392,5.1658945,0.40688014,12.9707155,2.9672415,8.3354225,229.77347
2025-09-12 11:00:00,3.8220482,3.1446233,5.1940255,0.21143411,13.226119,2.8105235,8.151021,230.55386
2025-09-12 12:00:00,3.770288,3.1133654,5.1535306,0.21925135,12.312025,2.7624867,8.169696,230.45135
2025-09-12 13:00:00,3.7034783,3.0512583,5.0830584,0.014477576,11.554591,2.511252,8.068455,230.51524
2025-09-12 14:00:00,3.700601,2.9911985,5.02882,0.12030258,11.840533,2.4218926,8.029168,231.05136
2025-09-12 15:00:00,3.5951345,2.801931,4.809058,0.24743257,11.8316,2.2212877,7.857143,232.06831
2025-09-12 16:00:00,3.0952454,2.5576544,4.231464,0.0785056,11.332783,1.9884915,7.862762,230.4325
2025-09-12 17:00:00,2.3237147,2.3475082,3.5043516,0.08508488,11.714902,1.3266093,7.2474833,224.70816
2025-09-12 18:00:00,1.7294353,2.3997142,3.168593,0.113932155,11.682365,1.302006,6.7411904,215.7797
2025-09-12 19:00:00,1.3547409,2.547088,3.097801,0.19381855,11.215245,1.2747505,6.5175333,208.00754
2025-09-12 20:00:00,1.0828136,2.692874,3.1118894,0.10613847,10.604097,1.2165256,6.4105406,201.90523
2025-09-12 21:00:00,0.88339275,2.8340216,3.1728318,0.09607255,11.027925,1.2011969,6.2999773,197.31277
2025-09-12 22:00:00,1.0244747,3.0950673,3.4192863,0.051635854,13.04697,1.0830928,6.86811,198.31467
2025-09-12 23:00:00,0.8456058,3.077955,3.3794417,0.03950573,12.43336,1.0104996,7.037606,195.36185
2025-09-13 00:00:00,0.65612835,3.0332787,3.3250413,0.04386488,12.247758,1.0371871,6.564172,192.2056
2025-09-13 01:00:00,0.45853814,3.0177877,3.2815914,0.03802844,12.219202,1.0492132,6.1335692,188.63974
2025-09-13 02:00:00,0.22730358,3.0869148,3.3384418,0.07971969,12.027991,1.1756212,5.989426,184.21136
2025-09-13 03:00:00,0.12633494,3.1473014,3.3941095,0.07480216,12.186207,1.1702654,6.3010397,182.29866
2025-09-13 04:00:00,-0.024505615,3.171571,3.417521,0.014512263,11.550584,1.169404,6.2659197,179.55731
2025-09-13 05:00:00,-0.1240387,3.238704,3.4668188,0.24249247,11.138071,1.142848,6.62739,177.8067
2025-09-13 06:00:00,-0.24378183,3.4329681,3.6493711,0.26348504,10.870455,1.2432693,7.0849533,175.93814
2025-09-13 07:00:00,-0.2866978,3.536394,3.7371182,0.17396876,11.24572,1.2400032,7.1498804,175.36514
2025-09-13 08:00:00,-0.12589532,3.8161874,4.0161033,0.03955665,11.672101,1.3446448,7.403213,178.1105
2025-09-13 09:00:00,0.11308949,4.0692782,4.2975965,0.12515646,11.843039,1.5287709,7.6370015,181.59192
2025-09-13 10:00:00,0.29127213,3.6951838,3.9587295,0.03796568,12.168082,1.0320826,7.0532084,184.50702
2025-09-13 11:00:00,0.5012125,3.9279423,4.2358356,0.07534345,12.193599,1.2215099,7.2711215,187.27176
2025-09-13 12:00:00,0.7495744,4.050376,4.4616666,0.0514664,11.946064,1.3244383,7.574081,190.48471
2025-09-13 13:00:00,0.9359568,4.0323973,4.517833,0.02239354,12.447584,1.2021694,7.5020266,193.0675
2025-09-13 14:00:00,0.97731185,3.9297383,4.413744,0.09299289,11.798187,1.0707779,7.1932244,193.96593
2025-09-13 15:00:00,0.8682486,3.7272673,4.1720963,0.05408282,11.332996,1.0621835,6.8753867,193.11293
2025-09-13 16:00:00,0.49759653,3.3547556,3.7362766,0.2112386,11.090048,1.1288749,6.760477,188.43694
2025-09-13 17:00:00,0.24079813,3.0979874,3.480007,0.32658252,10.670267,1.2307031,6.50737,184.44452
2025-09-13 18:00:00,0.115716055,3.1104295,3.4731565,0.113217026,10.418307,1.4320465,6.3358107,182.13058
2025-09-13 19:00:00,0.19296636,3.1980677,3.4954562,0.09656862,10.041805,1.486993,6.4801574,183.45296
2025-09-13 20:00:00,0.3497628,3.2557468,3.5277817,0.015890231,10.145149,1.5235947,6.540202,186.13174
2025-09-13 21:00:00,0.5877199,3.1993585,3.5064194,0.038783044,10.428082,1.4817188,6.466131,190.40915
2025-09-13 22:00:00,0.62990797,2.9829617,3.3874342,0.15015708,10.397801,1.4436437,6.279237,191.92389
2025-09-13 23:00:00,0.77147734,2.906012,3.3757114,0.20163417,9.711203,1.4912832,6.1202607,194.86772
2025-09-14 00:00:00,0.87572914,2.8492804,3.3344486,0.079580344,10.017322,1.5646261,6.278696,197.08487
2025-09-14 01:00:00,1.0046263,2.7985725,3.2892277,0.37181476,9.87809,1.4619416,6.248951,199.74702
2025-09-14 02:00:00,1.1979353,2.6915514,3.265194,0.10763635,8.796311,1.289317,6.055777,203.99252
2025-09-14 03:00:00,1.5098097,2.5336168,3.2877038,0.07078376,8.378574,1.3626935,5.9992094,210.79117
2025-09-14 04:00:00,1.7939411,2.3316567,3.2652705,0.1243334,7.9670835,1.5110657,5.602921,217.57414
2025-09-14 05:00:00,2.028762,2.1087105,3.2323527,0.22005004,8.395259,1.6618762,5.175373,223.893
2025-09-14 06:00:00,2.3143384,2.008363,3.3546655,0.39749044,8.223975,1.7585919,5.1773605,229.04884
2025-09-14 07:00:00,2.6950576,1.8374366,3.5375772,0.48544493,7.987453,1.8684916,5.164495,235.71461
2025-09-14 08:00:00,3.1354852,1.6313877,3.783767,0.5268034,8.175746,2.3108883,5.252428,242.51212
2025-09-14 09:00:00,3.3630333,1.5104494,3.899336,0.7065943,7.4606495,2.595318,5.4649434,245.81358
2025-09-14 10:00:00,3.1509411,1.4440403,3.6386826,0.05464268,7.070829,2.4328399,5.160212,245.37856
2025-09-14 11:00:00,3.429918,1.4125655,3.8796494,0.76029533,7.7047553,2.5707946,5.32692,247.61635
2025-09-14 12:00:00,3.6976154,1.3084056,4.1123266,0.78487915,8.226596,2.773711,5.416966,250.51361
2025-09-14 13:00:00,3.8116348,1.2124704,4.200513,0.51644385,8.084713,2.8039675,5.6470923,252.35428
2025-09-14 14:00:00,3.764445,1.11565,4.152214,0.826091,8.2094145,2.7237425,6.001089,253.49202
2025-09-14 15:00:00,3.5010128,1.1223933,3.9814548,0.44845405,7.717176,2.6475105,6.0463443,252.22462
2025-09-14 16:00:00,2.680333,1.2419982,3.360748,0.118658535,7.672353,2.0019164,5.6119556,245.1382
2025-09-14 17:00:00,1.7327856,1.4656211,2.7505836,0.010794178,8.00594,1.2337238,5.488122,229.77487
2025-09-14 18:00:00,1.1757182,1.9475518,2.7884536,0.102453746,8.676173,1.4235969,5.420942,211.11897
2025-09-14 19:00:00,0.9087133,2.446447,3.069584,0.26203498,9.833627,1.5856186,5.703462,200.37712
2025-09-14 20:00:00,0.76233774,2.9279864,3.4447317,0.23301634,10.630395,1.742738,5.9644213,194.59367
2025-09-14 21:00:00,0.64613056,3.352048,3.817237,0.31398794,11.468683,1.9078714,6.2869296,190.91035
2025-09-14 22:00:00,0.8462294,3.5781794,4.0194583,0.44573557,11.303638,1.9410014,6.5726895,193.30582
2025-09-14 23:00:00,0.6290518,3.8803434,4.3011217,0.61327654,11.964142,1.9948897,6.663713,189.20825
2025-09-15 00:00:00,0.6021473,4.2122765,4.679719,0.20708962,14.182839,2.1309273,6.8054943,188.13535
2025-09-15 01:00:00,0.5749842,4.4659576,4.98852,0.20289496,15.622207,2.171441,7.120645,187.33638
2025-09-15 02:00:00,0.72157454,4.745781,5.319438,0.35494304,15.502986,2.3522835,7.787941,188.64536
2025-09-15 03:00:00,1.0369031,4.9018717,5.5686684,0.45715544,15.005028,2.4762444,8.556712,191.94383
2025-09-15 04:00:00,1.5976274,4.9915757,5.8671722,0.6183902,14.674922,2.5290108,9.194597,197.74805
2025-09-15 05:00:00,2.1086833,4.9596124,6.072603,0.5634035,14.949379,2.4986773,9.742697,203.0338
2025-09-15 06:00:00,2.6327968,4.9700074,6.2849774,0.61514384,15.3247795,2.6714277,10.406671,207.91183
2025-09-15 07:00:00,3.069783,4.903719,6.3447556,0.7975311,14.941212,2.5905757,11.093385,212.04703
2025-09-15 08:00:00,3.5430336,4.816795,6.4356136,0.99059016,15.279338,2.6696622,11.194334,216.33665
2025-09-15 09:00:00,4.2112503,4.737378,6.7480655,0.4823546,16.15068,3.2268195,11.396323,221.63522
2025-09-15 10:00:00,3.884531,3.9473453,5.9419546,0.15876873,15.93779,3.0358472,9.820932,224.54048
2025-09-15 11:00:00,4.571398,4.1960664,6.5316057,0.118192576,16.425755,3.236823,10.554846,227.45132
2025-09-15 12:00:00,5.1657615,4.1703997,6.8854876,0.10365504,16.23506,3.6095755,10.673178,231.08553
2025-09-15 13:00:00,5.56807,3.9849994,7.0292993,0.0877712,16.532143,3.7777557,10.791525,234.40916
2025-09-15 14:00:00,5.584998,3.7524521,6.8834624,0.1313653,16.910515,3.616822,10.584469,236.1036
2025-09-15 15:00:00,5.330038,3.508304,6.5405517,0.046571776,16.979328,3.2079492,10.093901,236.64655
2025-09-15 16:00:00,5.0037518,3.3063347,6.1758647,0.10703337,16.3574,2.5627537,10.266376,236.54442
2025-09-15 17:00:00,4.7337008,3.1809883,5.9343247,0.051596023,16.508345,1.8609703,9.744317,236.0994
2025-09-15 18:00:00,4.5533447,3.254261,5.842466,0.1296358,16.789164,1.9065094,9.374671,234.44673
2025-09-15 19:00:00,4.5935717,3.3580406,5.92598,0.2177476,16.920383,1.9680264,9.705042,233.83206
2025-09-15 20:00:00,4.7452397,3.4085693,6.0518394,0.09797309,17.133383,2.1901457,9.894621,234.30981
2025-09-15 21:00:00,4.8524766,3.4980264,6.1829147,0.37815276,17.22605,2.4663594,9.949026,234.21313
2025-09-15 22:00:00,4.893867,3.5340028,6.2599316,0.25414643,17.848663,2.9362152,10.480171,234.16586
2025-09-15 23:00:00,5.0061507,3.593724,6.439474,0.69250107,17.74236,3.1778681,10.877034,234.32689
2025-09-16 00:00:00,5.264568,3.5885856,6.656648,0.7220807,17.342571,3.2374306,11.540972,235.71976
2025-09-16 01:00:00,5.5025635,3.6601562,6.8765306,0.5681994,17.176254,3.416273,12.419124,236.36923
2025-09-16 02:00:00,5.715345,3.6174536,7.0295343,0.56517965,16.65955,3.6183436,12.991713,237.66876
2025-09-16 03:00:00,5.927221,3.5402675,7.1857038,0.70148283,17.58875,3.6602688,13.346734,239.15057
2025-09-16 04:00:00,5.941841,3.4025128,7.1551704,0.6993335,16.45364,3.561806,13.402166,240.20299
2025-09-16 05:00:00,6.0094914,3.317141,7.1754193,0.52377087,16.699043,3.3615122,13.385827,241.10202
2025-09-16 06:00:00,6.1322575,3.2553372,7.2285295,0.55874187,16.45293,3.474813,13.004127,242.0382
2025-09-16 07:00:00,6.3501143,3.1513891,7.3421903,0.6448645,16.2439,3.746409,12.398224,243.60605
2025-09-16 08:00:00,7.207766,2.960742,8.01407,0.8118376,16.481234,4.829496,11.769125,247.66856
2025-09-16 09:00:00,7.531481,2.694468,8.1830225,0.8980908,16.699862,5.107496,11.511209,250.31479
2025-09-16 10:00:00,6.719252,2.2145233,7.308525,1.0628299,16.651379,5.357991,10.422686,251.75888
2025-09-16 11:00:00,6.901251,2.2848568,7.4937744,1.0948033,16.317606,5.3945346,10.098817,251.6814
2025-09-16 12:00:00,7.047459,2.11855,7.5746684,0.24619581,16.699265,5.2036257,9.427965,253.2686
2025-09-16 13:00:00,7.086807,1.8242171,7.52574,0.38072318,16.567333,5.0925303,9.472564,255.56485
2025-09-16 14:00:00,6.9330115,1.5052499,7.3149247,0.35063064,15.834906,4.827556,9.7425,257.75043
2025-09-16 15:00:00,6.573657,1.2226179,6.9125295,0.22710524,15.555753,4.4310145,10.422722,259.46408
2025-09-16 16:00:00,6.041588,1.034371,6.3492627,0.23141466,14.801124,3.64407,10.359891,260.28467
2025-09-16 17:00:00,5.5527825,0.93709546,5.8431015,0.35558847,13.98922,3.1494813,10.113746,260.42093
2025-09-16 18:00:00,5.329222,0.9481638,5.5875063,0.11646512,13.418455,2.8159711,9.857736,259.91162
2025-09-16 19:00:00,5.1750383,0.9427346,5.4102283,0.66239566,13.027599,2.5293245,9.861801,259.67566
2025-09-16 20:00:00,5.0188313,0.98358566,5.257032,0.6428167,12.646459,2.3291335,9.52134,258.91177
2025-09-16 21:00:00,4.9248533,1.0508959,5.181225,0.08883507,12.718979,2.2842221,9.480287,257.95453
2025-09-16 22:00:00,4.7925315,1.0818964,5.06739,0.25358,13.313711,2.0348742,9.31697,257.27893
2025-09-16 23:00:00,4.71536,1.096365,5.0029345,0.5089591,13.878298,1.9870851,9.48585,256.91077
2025-09-17 00:00:00,4.6724434,1.0973581,4.9669356,0.3197745,13.53275,2.0588932,9.512309,256.7832
2025-09-17 01:00:00,4.5137906,1.1796253,4.844629,0.22821933,12.979305,1.9839892,9.508203,255.354
2025-09-17 02:00:00,4.392686,1.2709132,4.7603965,0.3293753,13.234383,1.8422303,9.631342,253.86353
2025-09-17 03:00:00,4.379197,1.3666399,4.7732234,0.20891008,13.721813,2.0061362,9.692877,252.66814
2025-09-17 04:00:00,4.2564974,1.4484097,4.67014,0.23377593,13.653628,1.8314488,9.811924,251.20749
2025-09-17 05:00:00,4.119506,1.5523995,4.586456,0.1305047,13.626309,1.8890728,9.932257,249.35153
2025-09-17 06:00:00,4.176787,1.6043891,4.660176,0.18327126,13.5105,1.9510721,9.767984,248.9872
2025-09-17 07:00:00,4.424895,1.6319667,4.893945,0.22688518,13.4405365,2.1439567,9.811507,249.75528
2025-09-17 08:00:00,5.0900245,1.3787206,5.442867,0.42534533,13.389907,2.5339797,10.205178,254.84413
2025-09-17 09:00:00,5.3819313,1.2048863,5.693181,0.52236867,13.424428,2.734761,10.174787,257.38092
2025-09-17 10:00:00,4.6231737,1.4003589,5.018295,0.27330625,13.160893,2.3803892,9.135416,253.14844
2025-09-17 11:00:00,4.8970776,1.5027454,5.3304076,0.48675564,13.971433,2.843935,9.358852,252.94055
2025-09-17 12:00:00,5.004276,1.6312095,5.462475,0.7766965,14.169,3.2000155,9.584392,251.94594
2025-09-17 13:00:00,4.9216366,1.604512,5.424021,0.8665284,13.950355,3.1675758,9.522601,251.94342
2025-09-17 14:00:00,4.6497636,1.6105372,5.2462354,0.79911935,14.342129,2.664412,9.4367075,250.89546
2025-09-17 15:00:00,4.221943,1.6772152,4.9365454,0.9772885,13.565091,2.30981,9.19026,248.33398
2025-09-17 16:00:00,3.543335,1.828789,4.4002438,0.74674076,13.095389,1.8192185,8.841202,242.7008
2025-09-17 17:00:00,3.0038476,1.987322,4.0137186,0.31900227,12.748941,1.2534982,8.596069,236.51169
2025-09-17 18:00:00,2.7301595,2.2893133,3.9574897,0.11899418,13.052828,1.2820271,8.484556,230.01926
2025-09-17 19:00:00,2.6154966,2.5834694,4.011715,0.14837404,13.7185,1.3036507,8.154493,225.35297
2025-09-17 20:00:00,2.6121826,2.7823272,4.100126,0.49160784,13.802521,1.5545578,8.007435,223.19348
2025-09-17 21:00:00,2.6826408,2.9055328,4.190699,0.4821776,13.406307,1.6293063,8.008881,222.71588
2025-09-17 22:00:00,2.806349,2.9513345,4.2724724,0.28542775,12.673592,1.63969,8.213644,223.55753
2025-09-17 23:00:00,2.9418983,2.9167671,4.326163,0.27545214,11.8061075,1.6536349,8.007966,225.24577
2025-09-18 00:00:00,3.0184455,2.8809373,4.3460565,0.28211737,11.461955,1.5847921,8.058535,226.33527
2025-09-18 01:00:00,3.0484552,2.8225453,4.33909,0.08226127,11.833635,1.5248226,8.095493,227.2036
2025-09-18 02:00:00,3.0824885,2.7406278,4.317089,0.22984469,11.810865,1.4437466,8.537891,228.35983
2025-09-18 03:00:00,3.0956218,2.695933,4.289917,0.17919642,10.845377,1.4308864,8.795494,228.94786
2025-09-18 04:00:00,3.1114693,2.619539,4.247615,0.23703752,11.51617,1.4284132,8.749951,229.90605
2025-09-18 05:00:00,3.1191292,2.6052449,4.240667,0.18059196,11.694818,1.5731854,8.7599,230.12976
2025-09-18 06:00:00,3.2258396,2.61259,4.3259673,0.11351503,11.498521,1.6335968,8.680709,230.99619
2025-09-18 07:00:00,3.3626008,2.5320926,4.361815,0.20327215,11.743692,1.4727644,8.794584,233.01967
2025-09-18 08:00:00,3.6353483,2.4334128,4.4668546,0.18268438,11.889566,1.2353021,8.855954,236.20262
2025-09-18 09:00:00,3.9769964,2.3162758,4.6794076,0.3334744,11.6334715,1.4426069,8.916334,239.7827
2025-09-18 10:00:00,3.622029,1.9695604,4.250385,0.16451217,11.218039,1.1898049,8.422637,241.46387
2025-09-18 11:00:00,3.984566,2.0963004,4.631582,0.27402145,11.614617,1.4834298,8.680714,242.25092
2025-09-18 12:00:00,4.358662,1.9882239,4.938874,0.5370796,11.867353,1.7039613,8.814566,245.47968
2025-09-18 13:00:00,4.536253,1.8381673,5.044618,0.6035132,11.403656,1.926167,8.845215,247.94138
2025-09-18 14:00:00,4.391402,1.6816349,4.8552327,0.3866242,11.215242,1.9433872,8.728023,249.04626
2025-09-18 15:00:00,4.1914773,1.5754951,4.6263022,0.18808466,11.777849,1.8542362,8.48126,249.39973
2025-09-18 16:00:00,3.6787026,1.4835225,4.1046457,0.123057306,11.967664,1.2620457,8.356021,248.0371
2025-09-18 17:00:00,3.445533,1.5170119,3.9184914,0.15296546,12.013917,1.3779228,8.468429,246.2369
2025-09-18 18:00:00,3.37293,1.6559304,3.900901,0.20597745,12.073799,1.4623652,8.460753,243.85141
2025-09-18 19:00:00,3.3560915,1.7353235,3.927176,0.12877423,12.015437,1.4114437,8.663398,242.65802
2025-09-18 20:00:00,3.3856573,1.7554713,3.9632032,0.09528554,11.879087,1.4268874,8.653832,242.59315
2025-09-18 21:00:00,3.4031322,1.7300031,3.977497,0.08719639,11.852082,1.3570902,8.920973,243.05322
2025-09-18 22:00:00,3.0982995,1.5930942,3.6864188,0.12202634,11.308739,1.3993994,8.557784,242.78853
2025-09-18 23:00:00,3.0346794,1.6566298,3.6969612,0.14499559,10.637974,1.3286924,8.521582,241.3699
2025-09-19 00:00:00,2.9340985,1.6646692,3.6604867,0.14278954,10.57029,1.277651,8.488455,240.43147
2025-09-19 01:00:00,2.830177,1.6931416,3.6191564,0.04579696,10.715339,1.2321994,8.552049,239.1102
2025-09-19 02:00:00,2.6999264,1.7147686,3.5589962,0.03601758,10.391736,1.1498597,8.516808,237.57968
2025-09-19 03:00:00,2.5410056,1.761819,3.5125258,0.18221965,10.500572,1.2118922,8.560231,235.2643
2025-09-19 04:00:00,2.3150985,1.8220446,3.4230654,0.074204616,10.206867,1.2358001,8.2695,231.79631
2025-09-19 05:00:00,2.1557217,1.9240005,3.394966,0.098824255,10.377006,1.2993987,8.255162,228.25081
2025-09-19 06:00:00,2.0346227,2.0054526,3.403756,0.09896978,10.909033,1.2249807,8.056997,225.41368
2025-09-19 07:00:00,1.8952055,2.055928,3.3669453,0.13993093,11.153341,1.1406021,7.8128824,222.67064
2025-09-19 08:00:00,2.0786946,1.9888735,3.422385,0.047308855,10.966975,0.96632624,7.849435,226.26501
2025-09-19 09:00:00,2.140026,1.9696672,3.492971,0.056445286,10.799059,0.9886822,7.789506,227.37372
2025-09-19 10:00:00,1.7396443,1.9379586,3.2716756,0.020008625,10.661798,1.0185003,7.298591,221.91333
2025-09-19 11:00:00,1.6435547,2.0920737,3.3174775,0.038160987,10.7883625,1.013362,6.895824,218.15355
2025-09-19 12:00:00,1.5149776,2.134205,3.2901874,0.05051444,10.97947,1.0437406,6.644702,215.36926
2025-09-19 13:00:00,1.3273559,2.1441922,3.1931634,0.1320851,11.095604,1.0251287,6.2831,211.75946
2025-09-19 14:00:00,0.97692955,2.132661,3.067716,0.15396476,11.053352,1.1053787,5.5614085,204.61157
2025-09-19 15:00:00,0.6274938,2.0399706,2.8989418,0.13354191,10.552395,1.1260875,5.0959525,197.09787
2025-09-19 16:00:00,0.08535354,1.7556149,2.381795,0.034130283,9.202784,0.869811,4.480576,182.78339
2025-09-19 17:00:00,-0.4206675,1.9680836,2.5526662,0.4116427,8.203968,1.5111175,4.243616,167.93489
2025-09-19 18:00:00,-0.58028924,2.2725418,2.7281203,0.30856016,7.3453693,1.7046561,4.5529666,165.67572
2025-09-19 19:00:00,-0.61074996,2.56785,2.9199986,0.449258,7.000814,1.8252654,4.8076253,166.6211
2025-09-19 20:00:00,-0.4795656,2.7902486,3.06065,0.22594826,7.2959194,1.8113581,4.950541,170.24774
2025-09-19 21:00:00,-0.35177818,2.9503117,3.1871288,0.3327771,7.346346,1.8452122,5.1534305,173.20049
2025-09-19 22:00:00,-0.1717554,3.0817623,3.3049138,0.24729355,7.1004624,1.8789911,5.6096015,176.81004
2025-09-19 23:00:00,0.047070064,3.155186,3.3619041,0.3177164,7.5091596,1.8724872,5.5254188,180.8547
2025-09-20 00:00:00,0.23754264,3.1593657,3.3762681,0.19664139,7.684611,1.849427,5.4425693,184.2998
2025-09-20 01:00:00,0.36306557,3.1066828,3.3379304,0.034118026,7.964637,1.7977116,5.23457,186.66571
2025-09-20 02:00:00,0.48586294,3.124788,3.361848,0.122773,8.376628,1.8393092,5.356326,188.83797
2025-09-20 03:00:00,0.5872782,3.0827513,3.3479774,0.16767111,8.513295,1.8184673,5.4935527,190.78586
2025-09-20 04:00:00,0.6614751,3.085859,3.3578265,0.097331345,8.297524,1.8306664,5.566045,192.09866
2025-09-20 05:00:00,0.70047903,3.1084063,3.3743763,0.1911639,9.155911,1.8624694,5.6209383,192.69946
2025-09-20 06:00:00,0.74004424,3.2344766,3.4916406,0.10626578,9.257644,1.8331673,5.8620267,192.88739
2025-09-20 07:00:00,0.818959,3.3778167,3.6545496,0.10928551,9.626693,1.8271319,6.0330033,193.62851
2025-09-20 08:00:00,0.9556386,3.258793,3.5487316,0.036268037,10.070123,1.4590402,6.1388483,196.34373
2025-09-20 09:00:00,1.1427951,3.2899356,3.6058762,0.11142983,9.396796,1.2208596,6.0717087,199.15524
2025-09-20 10:00:00,0.7866908,2.9906645,3.2540038,0.14634995,10.243105,0.9562354,5.5800185,194.73772
2025-09-20 11:00:00,0.93946385,3.2174332,3.5522025,0.3758958,9.7848625,1.0373819,5.869361,196.27737
2025-09-20 12:00:00,1.2080672,3.2594311,3.7764091,0.18240015,9.905553,1.3273664,6.230449,200.3366
2025-09-20 13:00:00,1.5079379,3.1593373,3.931518,0.31081763,11.282482,1.5066453,6.2990894,205.51495
2025-09-20 14:00:00,1.6179966,2.9237602,3.860975,0.055680376,11.093349,1.5697507,6.1239867,208.95996
2025-09-20 15:00:00,1.5003303,2.5443573,3.5147026,0.16133776,9.22215,1.4453853,6.1032524,210.52657
2025-09-20 16:00:00,1.2924067,2.287393,3.168618,0.055364188,9.798036,1.2733243,5.470962,209.46701
2025-09-20 17:00:00,1.1479756,2.2746468,3.1215453,0.07417176,10.020067,1.6208206,5.0773077,206.77931
2025-09-20 18:00:00,1.1407075,2.4661098,3.174256,0.35355625,9.494042,1.5764627,5.180542,204.82306
2025-09-20 19:00:00,1.1647731,2.5686164,3.2367876,0.10894311,10.539648,1.4953458,5.3956633,204.39255
2025-09-20 20:00:00,1.1771933,2.6484342,3.3030806,0.2392637,10.733555,1.5525945,5.265504,203.96451
2025-09-20 21:00:00,1.1591368,2.6685536,3.276048,0.34837845,10.240648,1.4796424,5.473364,203.47864
2025-09-20 22:00:00,1.1913238,2.77621,3.3647416,0.11592475,11.368073,1.3661691,5.82053,203.22508
2025-09-20 23:00:00,1.2769846,2.849861,3.44906,0.11430846,12.450827,1.4367228,5.6622763,204.13652
2025-09-21 00:00:00,1.3254234,2.889345,3.492943,0.049792036,13.523185,1.5400268,5.527723,204.64224
2025-09-21 01:00:00,1.3376849,3.0306814,3.5940444,0.056680933,14.532583,1.5052223,5.718292,203.81575
2025-09-21 02:00:00,1.399405,3.1842673,3.7284641,0.17832628,14.733021,1.5212929,6.352894,203.72427
2025-09-21 03:00:00,1.5759863,3.2592673,3.8773978,0.20903336,15.611006,1.5429387,7.0794477,205.80563
2025-09-21 04:00:00,1.7753391,3.3035645,4.0312243,0.119744524,16.123207,1.5616322,7.472807,208.25363
2025-09-21 05:00:00,1.9813814,3.2413461,4.141169,0.13123843,15.5308695,1.5960776,7.795726,211.43677
2025-09-21 06:00:00,2.1884935,3.287992,4.346667,0.23209362,15.357745,1.7171307,8.211067,213.64781
2025-09-21 07:00:00,2.4555066,3.1301897,4.379496,0.20249736,15.226269,1.3735625,8.348865,218.11275
2025-09-21 08:00:00,2.8793483,2.781299,4.5144944,0.106409304,16.333363,1.1371162,8.878373,225.99234
2025-09-21 09:00:00,3.2859213,2.1999912,4.698988,0.08196008,15.742395,1.1201024,9.223512,236.19688
2025-09-21 10:00:00,2.999614,1.324641,4.4205337,0.112043865,15.015733,1.0300766,9.19951,246.17357
2025-09-21 11:00:00,3.396737,0.8752157,4.6679916,0.055821218,14.160663,1.4235008,9.912675,255.55124
2025-09-21 12:00:00,3.6841452,0.39608434,4.7569127,0.024740823,13.98003,1.5349953,9.964588,263.86368
2025-09-21 13:00:00,3.7627513,-0.04885452,4.800108,0.14428543,12.979114,1.5710841,9.648841,270.74387
2025-09-21 14:00:00,3.734513,-0.56011796,4.798258,0.13803872,12.741638,1.7936083,9.61329,278.52988
2025-09-21 15:00:00,3.5664115,-1.2001331,4.6626835,0.29638484,12.40754,1.7072573,9.527524,288.5986
2025-09-21 16:00:00,3.363765,-1.6921201,4.4865913,0.1133633,12.232421,1.5755774,9.59824,296.70438
2025-09-21 17:00:00,3.1189554,-1.9926531,4.3647857,0.06887168,12.026085,1.7112808,9.491883,302.57388
2025-09-21 18:00:00,2.8956795,-2.250069,4.338046,0.09400983,12.674227,1.8510066,9.118172,307.84875
2025-09-21 19:00:00,2.6315897,-2.513221,4.3226285,0.283577,12.787456,1.9616342,8.876709,313.682
2025-09-21 20:00:00,2.3793578,-2.7424452,4.3118577,0.08098409,12.391104,2.010747,8.816717,319.05493
2025-09-21 21:00:00,2.0874543,-2.8702161,4.2575526,0.36675796,11.913588,2.1949222,8.436062,323.9723
2025-09-21 22:00:00,1.5966401,-2.5722911,3.864243,0.2682214,11.771888,1.9083599,7.5640864,328.1718
2025-09-21 23:00:00,1.4974481,-2.6484046,3.9078946,0.17686668,11.506208,2.0570414,8.010031,330.51553
2025-09-22 00:00:00,1.4477886,-2.752855,3.9807441,0.6726144,11.857872,2.1860886,8.134656,332.2591
2025-09-22 01:00:00,1.2828732,-2.8839726,4.01487,0.63591236,12.389423,2.194135,8.093002,336.01913
2025-09-22 02:00:00,1.0228672,-2.9971855,4.015494,0.50692457,11.5070505,2.1256342,8.1021595,341.15646
2025-09-22 03:00:00,0.81382215,-3.0689845,4.034399,0.42637396,10.607954,2.1478512,8.082514,345.14832
2025-09-22 04:00:00,0.6133806,-3.195685,4.0373387,0.09374666,10.525203,2.0427713,8.171023,349.13477
2025-09-22 05:00:00,0.500386,-3.2268062,4.019921,0.31170171,10.302377,1.8578128,7.875948,351.18524
2025-09-22 06:00:00,0.43248853,-3.3461547,4.1860366,0.35532242,10.466114,2.2554343,7.5496035,352.63538
2025-09-22 07:00:00,0.20186223,-3.5287607,4.387562,0.20453052,10.179039,2.3474233,7.5036187,356.72595
2025-09-22 08:00:00,0.020000974,-3.8195755,4.7129874,0.3218109,10.115118,2.5980783,7.7190886,359.69998
2025-09-22 09:00:00,-0.09525732,-3.9552438,4.9295387,0.15267661,10.06519,3.1024637,7.6591687,1.3796387
2025-09-22 10:00:00,0.16323605,-3.504368,4.4768934,0.05948259,10.289427,2.5432484,7.840419,357.33304
2025-09-22 11:00:00,0.030070538,-3.7125664,4.634973,0.3413952,9.94024,2.870763,7.400069,359.53592
2025-09-22 12:00:00,-0.019307729,-3.8517451,4.782051,0.14012012,9.910447,2.8316324,7.5258894,0.28720093
2025-09-22 13:00:00,-0.05398601,-3.9211082,4.903322,0.28096607,10.222626,2.8931544,7.555601,0.78878784
2025-09-22 14:00:00,-0.034596622,-3.935535,4.92306,0.16731049,11.319041,2.848051,7.657278,0.5036621
2025-09-22 15:00:00,0.036549747,-3.8220186,4.8028054,0.51601446,11.923071,2.6702769,7.3443546,359.4521
2025-09-22 16:00:00,0.1522522,-3.59561,4.504995,0.27836093,11.614364,2.2501197,7.1981263,357.57532
2025-09-22 17:00:00,0.24076349,-3.312625,4.163579,0.27063036,11.455051,1.9895198,7.193639,355.84302
2025-09-22 18:00:00,0.37023678,-3.0715406,3.9343753,0.23546001,11.204941,1.9655046,7.007898,353.12683
2025-09-22 19:00:00,0.37687767,-2.887466,3.7941246,0.10142233,10.934707,1.8183379,6.8809876,352.56366
2025-09-22 20:00:00,0.44414377,-2.7250416,3.692323,0.07538457,10.702758,1.7957524,6.8607044,350.74298
2025-09-22 21:00:00,0.45023945,-2.5828042,3.6010873,0.09039685,10.576165,1.8411677,6.75641,350.11145
2025-09-22 22:00:00,0.6930097,-2.1996727,3.2274635,0.09352345,10.016394,1.647934,6.5186768,342.51288
2025-09-22 23:00:00,0.58314884,-2.2313747,3.2957456,0.26729742,9.743983,1.690054,6.3720403,345.35385
2025-09-23 00:00:00,0.50710976,-2.1399987,3.2445621,0.23371568,9.4753685,1.5928591,6.0272493,346.66867
2025-09-23 01:00:00,0.4333455,-2.1595764,3.2222965,0.11739247,9.44465,1.5362031,6.198422,348.6536
2025-09-23 02:00:00,0.3005338,-2.1691556,3.2005079,0.18254077,9.023346,1.5273582,6.195759,352.11194
2025-09-23 03:00:00,0.15059228,-2.1237442,3.1539013,0.182722,8.706604,1.5037938,5.922669,355.944
2025-09-23 04:00:00,-0.052051853,-2.129528,3.0633864,0.3528741,8.339268,1.4957514,5.3482375,1.4002075
2025-09-23 05:00:00,-0.2101989,-2.1469111,3.020829,0.07525416,7.898903,1.4980515,5.1845465,5.591858
2025-09-23 06:00:00,-0.30577993,-2.1805465,3.0744112,0.47897393,7.595663,1.4540219,5.176868,7.9825745
2025-09-23 07:00:00,-0.5819566,-2.281991,3.138251,0.59307796,7.5508738,1.399303,5.1030555,14.306702
2025-09-23 08:00:00,-0.9559603,-2.4692297,3.315862,0.7133533,7.4321966,1.4665129,5.190632,21.16388
2025-09-23 09:00:00,-1.3027583,-2.6348243,3.5297964,0.846202,7.1687074,1.7392349,5.303334,26.30954
2025-09-23 10:00:00,-1.3924383,-2.430724,3.3350213,0.45043787,6.4921656,1.8549277,4.932163,29.806213
2025-09-23 11:00:00,-1.7321604,-2.7290564,3.6813767,0.35002816,6.9199343,2.2451158,5.3249483,32.403717
2025-09-23 12:00:00,-1.8884068,-2.8621113,3.858381,0.63249207,6.799657,2.2783072,5.675572,33.416626
2025-09-23 13:00:00,-1.9906323,-2.977044,4.017985,0.7739744,7.4185123,2.4561076,5.7161646,33.769104
2025-09-23 14:00:00,-2.1216905,-3.0738,4.1562433,0.8028685,7.120082,2.6917698,5.8121486,34.615356
2025-09-23 15:00:00,-2.225538,-3.1190767,4.204788,0.6774161,6.5582795,2.6970778,5.779414,35.50879
2025-09-23 16:00:00,-2.1665208,-2.9533923,3.9357169,0.6318829,7.156932,2.469221,5.5375075,36.262665
2025-09-23 17:00:00,-2.183668,-2.7640405,3.7202747,0.6924569,7.34485,2.1310863,5.4754877,38.309692
2025-09-23 18:00:00,-2.329946,-2.7052963,3.7315595,0.27963987,7.602769,2.088181,5.4377675,40.736786
2025-09-23 19:00:00,-2.5952148,-2.62402,3.827974,0.26083207,7.7671995,2.1070583,5.584231,44.683777
2025-09-23 20:00:00,-2.7925794,-2.492618,3.8562248,0.11303807,7.930885,2.1104565,5.566162,48.248352
2025-09-23 21:00:00,-2.9687111,-2.3476212,3.8743935,0.15528782,8.110129,2.1051586,5.523404,51.663452
2025-09-23 22:00:00,-2.933454,-2.0957584,3.7398949,0.30435342,8.633693,1.7907794,5.386796,54.456726
2025-09-23 23:00:00,-3.065905,-2.052931,3.8042812,0.021328108,7.95034,1.9447755,5.660974,56.193726
2025-09-24 00:00:00,-3.111517,-1.9219344,3.7687263,0.10140752,7.508862,1.8878409,5.419617,58.297028
2025-09-24 01:00:00,-3.1234899,-1.8544942,3.7469127,0.09527863,7.277577,1.8665292,5.366216,59.30133
2025-09-24 02:00:00,-3.1830547,-1.8818467,3.7913518,0.068674825,7.148187,2.088967,5.417271,59.40808
2025-09-24 03:00:00,-3.171701,-1.9045959,3.8018036,0.30855086,7.228681,2.112873,5.450494,59.01532
2025-09-24 04:00:00,-3.246925,-1.913234,3.8889318,0.29378164,7.179006,2.0624604,5.472944,59.491516
2025-09-24 05:00:00,-3.3104863,-1.934327,3.9572453,0.23819229,7.1333785,2.1483812,5.5297475,59.702118
2025-09-24 06:00:00,-3.4143546,-2.0078697,4.0860615,0.58898145,7.3285966,2.3255432,5.61441,59.541595
2025-09-24 07:00:00,-3.6658041,-2.097332,4.3534555,0.26601332,7.6807933,2.472304,5.900073,60.22467
2025-09-24 08:00:00,-4.065608,-2.1024282,4.694913,0.38910386,7.9295382,2.7406728,6.344848,62.655396
2025-09-24 09:00:00,-4.4557633,-2.1044488,5.0413427,0.41881615,8.109555,2.917315,6.727773,64.71869
2025-09-24 10:00:00,-4.222649,-1.901166,4.793334,0.41439414,8.043106,2.8159416,6.4452653,65.76123
2025-09-24 11:00:00,-4.531223,-2.093268,5.1405277,0.618182,8.380584,2.8468504,6.872938,65.20468
2025-09-24 12:00:00,-4.70426,-2.225887,5.3248243,0.6306651,8.770071,2.8453271,7.235309,64.67816
2025-09-24 13:00:00,-4.7522783,-2.4195256,5.452308,0.6694516,9.237506,2.777571,7.5131116,63.018005
2025-09-24 14:00:00,-4.740072,-2.532625,5.501182,0.3786282,9.975546,2.9555302,7.5486984,61.88434
2025-09-24 15:00:00,-4.588509,-2.599992,5.396021,0.47437623,10.485683,2.7890012,7.4522023,60.46277
2025-09-24 16:00:00,-4.3380356,-2.551661,5.166612,0.09507252,10.706085,2.4617777,7.4789286,59.535675
2025-09-24 17:00:00,-4.225044,-2.4422083,5.035212,0.21780162,10.600937,2.1068914,7.535346,59.970734
2025-09-24 18:00:00,-4.2940044,-2.291942,5.055885,0.13906306,10.86081,1.9250518,7.736012,61.908752
2025-09-24 19:00:00,-4.31054,-2.1357405,5.05898,0.08959359,11.251811,1.7609748,7.846213,63.643005
2025-09-24 20:00:00,-4.3464775,-1.9664909,5.072501,0.39006278,11.618212,1.7442594,8.078104,65.6564
2025-09-24 21:00:00,-4.334277,-1.7664193,5.0469604,0.25245336,11.754059,1.6729426,7.9567924,67.82681
2025-09-24 22:00:00,-4.0200386,-1.3230599,4.7043447,0.19461758,12.100101,1.3901116,7.8084955,71.782776
2025-09-24 23:00:00,-3.9237502,-1.3605825,4.6684685,0.17175874,11.508551,1.4069492,7.739362,70.87573
2025-09-25 00:00:00,-3.8598418,-1.3743534,4.615297,0.1941245,10.978001,1.2482668,7.522297,70.40097
2025-09-25 01:00:00,-3.7866137,-1.3393538,4.5643415,0.08830297,10.77607,1.2478023,7.3532004,70.520935
2025-09-25 02:00:00,-3.756655,-1.3390692,4.5455184,0.09179771,10.82153,1.3199368,7.2597823,70.381226
2025-09-25 03:00:00,-3.7510517,-1.3505657,4.5257773,0.14858392,10.676039,1.2917182,7.1633806,70.19858
2025-09-25 04:00:00,-3.7885656,-1.3455786,4.530229,0.04047792,10.668504,1.2082553,7.2075515,70.44656
2025-09-25 05:00:00,-3.7908986,-1.34858,4.522437,0.022489302,10.699794,1.2054704,7.188395,70.41742
2025-09-25 06:00:00,-3.8560357,-1.3195425,4.5942154,0.068557195,10.895798,1.3196081,7.0746922,71.10895
2025-09-25 07:00:00,-3.748621,-1.2944587,4.5326686,0.10423545,11.385342,1.4306449,7.0970297,70.9494
2025-09-25 08:00:00,-4.0400677,-1.2398854,4.8375745,0.061957315,11.662692,1.4542198,7.37775,72.9389
2025-09-25 09:00:00,-4.2810254,-1.055328,5.057524,0.18894759,11.748308,1.5448722,7.512196,76.15192
2025-09-25 10:00:00,-4.046312,-0.9193956,4.771286,0.18787202,11.321484,1.3808951,7.1710234,77.19867
2025-09-25 11:00:00,-4.223265,-1.0146129,4.9323263,0.041949283,11.451745,1.2782018,7.5384836,76.49106
2025-09-25 12:00:00,-4.3199787,-1.1772585,5.0245504,0.17688777,11.410977,1.2999009,7.5754843,74.756195
2025-09-25 13:00:00,-4.2942734,-1.3304752,4.9984055,0.20278749,11.658728,1.3314278,7.834611,72.785675
2025-09-25 14:00:00,-4.3284316,-1.4508266,4.993034,0.022198286,11.760203,1.3587337,8.589368,71.469604
2025-09-25 15:00:00,-4.290222,-1.4130257,4.8613105,0.10910138,12.462858,1.2907219,9.337418,71.7702
2025-09-25 16:00:00,-4.228065,-1.3052413,4.646333,0.07982099,12.72162,1.1316366,9.884628,72.844055
2025-09-25 17:00:00,-4.19997,-1.0844212,4.479731,0.027586414,12.70617,0.95018506,9.965954,75.52258
2025-09-25 18:00:00,-4.2836437,-0.82841575,4.476924,0.09688361,13.167418,0.96726626,9.82777,79.05463
2025-09-25 19:00:00,-4.3032103,-0.5704069,4.44468,0.19854477,12.901085,1.0145661,9.494889,82.44922
2025-09-25 20:00:00,-4.2465434,-0.3593948,4.379789,0.17778754,13.007704,1.0719041,9.096988,85.162445
2025-09-25 21:00:00,-4.103926,-0.22047383,4.24102,0.1872725,12.352768,1.161975,8.688002,86.924866
2025-09-25 22:00:00,-3.9226153,-0.24689505,4.073152,0.16226046,11.939029,1.3700707,8.120356,86.39847
2025-09-25 23:00:00,-3.8944955,-0.27374887,4.0667167,0.32345808,11.698628,1.4277912,7.990104,85.97922
2025-09-26 00:00:00,-3.7912147,-0.26950032,3.9698634,0.2567842,11.506414,1.3225827,8.062631,85.93393
2025-09-26 01:00:00,-3.7261906,-0.29639825,3.9093208,0.11152356,11.388304,1.3174464,7.999118,85.45203
2025-09-26 02:00:00,-3.7058039,-0.2994187,3.8934379,0.16513819,11.140908,1.4417198,7.9831038,85.38068
2025-09-26 03:00:00,-3.734098,-0.3495335,3.9276223,0.23481081,10.990648,1.5355978,8.116335,84.65234
2025-09-26 04:00:00,-3.793262,-0.3645502,3.9931633,0.23280874,10.883974,1.6452245,8.3589735,84.51047
2025-09-26 05:00:00,-3.8194072,-0.39582083,4.038639,0.19698003,10.944217,1.6752803,8.554075,84.08331
2025-09-26 06:00:00,-3.975977,-0.40920115,4.2049966,0.21611674,11.2547245,1.8013477,8.782822,84.1239
2025-09-26 07:00:00,-4.146869,-0.35342613,4.3658395,0.07915848,11.618621,1.9183263,8.902706,85.1286
2025-09-26 08:00:00,-4.533034,-0.15643434,4.727851,0.19121623,11.5693035,2.1812003,9.067301,88.0235
2025-09-26 09:00:00,-4.6497703,-0.01815961,4.8361907,0.23040757,11.570362,2.2707121,8.993879,89.776245
2025-09-26 10:00:00,-4.10642,-0.08993159,4.3841696,0.18326347,10.992811,1.8870884,8.274842,88.74539
2025-09-26 11:00:00,-4.2515283,-0.23689312,4.513557,0.31672552,10.850668,1.9704838,8.498859,86.81079
2025-09-26 12:00:00,-4.4490523,-0.33897772,4.6971703,0.20328034,11.303591,2.0542285,8.853645,85.643005
2025-09-26 13:00:00,-4.533764,-0.37233424,4.783269,0.2639852,11.654855,2.0572057,8.943668,85.305115
2025-09-26 14:00:00,-4.528586,-0.39946067,4.7976747,0.036071163,11.971768,2.297493,9.046676,84.959045
2025-09-26 15:00:00,-4.267593,-0.50519913,4.584334,0.04617778,12.284518,2.0966096,9.054605,83.24872
2025-09-26 16:00:00,-4.095037,-0.5148101,4.4321933,0.08524656,12.673113,1.9299871,9.028111,82.834595
2025-09-26 17:00:00,-3.9264169,-0.33879873,4.279055,0.121883124,12.66618,1.5801183,8.758773,85.06833
2025-09-26 18:00:00,-3.8742428,-0.12024957,4.2320566,0.07481228,12.600406,1.4076504,8.839583,88.22223
2025-09-26 19:00:00,-3.7734363,0.10077069,4.156522,0.0324986,12.348864,1.1419384,8.638699,91.529755
2025-09-26 20:00:00,-3.6438394,0.28302166,4.054437,0.13403933,12.124631,1.1616731,8.457672,94.44133
2025-09-26 21:00:00,-3.470224,0.4010418,3.8970687,0.23784049,11.704917,1.1115042,8.237913,96.59224
2025-09-26 22:00:00,-3.0814767,0.32293206,3.616671,0.2454443,11.036243,1.0629479,7.554428,95.98265
2025-09-26 23:00:00,-3.0947611,0.34995002,3.5830011,0.09552267,10.861362,0.987805,7.339532,96.45151
2025-09-27 00:00:00,-3.0766816,0.42876208,3.5439217,0.08195416,10.299059,1.004018,7.3592653,97.93356
2025-09-27 01:00:00,-3.0320785,0.5153817,3.4876375,0.034338668,10.621931,0.9530876,7.345271,99.64674
2025-09-27 02:00:00,-2.9632251,0.660141,3.4325757,0.21040808,10.873909,0.8441199,7.4607763,102.55916
2025-09-27 03:00:00,-2.8496332,0.68153214,3.362775,0.13677654,10.883002,0.81829125,7.4804406,103.450485
2025-09-27 04:00:00,-2.756057,0.709158,3.3038697,0.1430414,11.2279415,0.8415284,7.632873,104.4297
2025-09-27 05:00:00,-2.6492226,0.72807807,3.2274258,0.11569245,11.327812,0.84528595,7.528308,105.367035
2025-09-27 06:00:00,-2.6322672,0.7366675,3.268444,0.13031958,11.0874605,0.827186,7.4978857,105.63484
2025-09-27 07:00:00,-2.6113486,0.8906794,3.408509,0.07171853,10.83776,0.97703266,7.548961,108.833496
2025-09-27 08:00:00,-2.648285,1.1149201,3.5457244,0.080160126,10.762252,1.0401841,7.6151767,112.83096
2025-09-27 09:00:00,-2.5676842,1.1912726,3.461062,0.07203363,10.627641,1.0174098,7.479676,114.88887
2025-09-27 10:00:00,-2.2662568,1.1370058,3.0698934,0.05399008,9.860028,0.80272555,6.981144,116.64342
2025-09-27 11:00:00,-2.346547,0.9323524,3.0874455,0.09037402,10.176618,0.8169422,7.005328,111.66939
2025-09-27 12:00:00,-2.4410393,0.72088665,3.1349666,0.11216531,10.443151,0.9169967,7.0479245,106.45291
2025-09-27 13:00:00,-2.5018187,0.55075157,3.179294,0.02236039,10.744695,1.0786381,6.8520007,102.4151
2025-09-27 14:00:00,-2.553542,0.38230938,3.1802788,0.057095118,11.056788,1.1567266,6.5901384,98.51492
2025-09-27 15:00:00,-2.448832,0.1696332,3.0404267,0.07694101,11.054216,1.2058784,6.4255986,93.962616
2025-09-27 16:00:00,-2.2610028,-0.001482577,2.7866275,0.054866787,11.056211,0.90586203,6.225075,89.9624
2025-09-27 17:00:00,-2.1313381,-0.055599727,2.648809,0.13623017,10.869405,1.0056425,5.9577723,88.50568
2025-09-27 18:00:00,-2.1723027,-0.0459937,2.6808877,0.10114563,10.517275,1.0694535,5.9065976,88.78705
2025-09-27 19:00:00,-2.1681762,0.07729938,2.6436028,0.016497884,10.041869,1.0075752,5.6687355,92.041855
2025-09-27 20:00:00,-2.093736,0.18734907,2.5838149,0.031187262,9.354986,1.1013037,5.610798,95.113266
2025-09-27 21:00:00,-1.9957213,0.24314344,2.4871936,0.077524744,8.3490305,1.0829806,5.2410297,96.94626
2025-09-27 22:00:00,-1.897449,0.30099818,2.3801131,0.08049145,7.8192725,1.0112741,4.9532557,99.0139
2025-09-27 23:00:00,-1.8142766,0.22815065,2.267546,0.07749048,7.495185,0.9454592,4.6955323,97.167496
2025-09-28 00:00:00,-1.7631655,0.20298272,2.208898,0.15583952,7.4219446,0.9060727,4.560167,96.567215
2025-09-28 01:00:00,-1.682347,0.17901488,2.1223316,0.035487212,6.9234724,0.84176224,4.4673133,96.07387
2025-09-28 02:00:00,-1.6537769,0.15531385,2.0737917,0.10886112,6.4976707,0.7983359,4.411392,95.36519
2025-09-28 03:00:00,-1.6085584,0.11549213,2.0260475,0.07501315,6.673305,0.8098775,4.238361,94.106705
2025-09-28 04:00:00,-1.623397,0.08961404,2.039911,0.033500385,6.7298346,0.80438995,4.2964487,93.15962
2025-09-28 05:00:00,-1.620812,0.08448874,2.0480149,0.040461343,6.9531417,0.74454546,4.218882,92.98399
2025-09-28 06:00:00,-1.6907233,0.053757127,2.106174,0.061813436,7.2024837,0.63464445,4.3301225,91.82114
2025-09-28 07:00:00,-1.8070873,0.112717085,2.179997,0.060007337,7.247226,0.7082496,4.5186753,93.569214
2025-09-28 08:00:00,-1.9292887,0.11885359,2.251946,0.15537088,7.2896953,0.87454766,4.592769,93.52525
2025-09-28 09:00:00,-2.1175542,0.13390371,2.3860495,0.09642812,7.365144,0.96235204,4.5309086,93.6183
2025-09-28 10:00:00,-2.1083221,0.0057282317,2.394738,0.07392166,7.3734174,1.1090207,4.2421584,90.155685
2025-09-28 11:00:00,-2.2819724,0.005143449,2.5404208,0.24586163,6.8724136,1.3676887,4.212372,90.12915
2025-09-28 12:00:00,-2.2549415,-0.075076126,2.535182,0.16892391,6.86554,1.3214928,4.044835,88.09308
2025-09-28 13:00:00,-2.1312053,-0.27960783,2.4888039,0.3030856,6.835219,1.3109266,3.9371347,82.525635
2025-09-28 14:00:00,-2.115512,-0.5683363,2.5223348,0.07486557,7.09013,1.1909103,3.978319,74.96243
2025-09-28 15:00:00,-2.0680244,-0.8082061,2.5325818,0.14874233,7.602465,1.0198343,3.924606,68.6539
2025-09-28 16:00:00,-1.7793583,-0.89997244,2.3324964,0.113740355,8.228043,0.90336937,3.9242153,63.17041
2025-09-28 17:00:00,-1.7843904,-0.965669,2.450473,0.26018545,8.587257,1.1571089,4.0894294,61.578796
2025-09-28 18:00:00,-1.9311161,-0.90673953,2.6198921,0.2342521,8.68821,1.2480097,4.444504,64.84796
2025-09-28 19:00:00,-2.0287995,-0.72570676,2.6534886,0.23384048,8.843493,1.2681438,4.7186584,70.31775
2025-09-28 20:00:00,-2.0002751,-0.4964839,2.5652883,0.13810602,8.603633,1.1856061,4.674207,76.060425
2025-09-28 21:00:00,-1.9192971,-0.31636253,2.4523437,0.19986211,8.189736,1.0856569,4.531232,80.63995
2025-09-28 22:00:00,-1.7999948,0.0035268422,2.265102,0.034215763,7.9560237,0.7322322,4.4337354,90.112274
2025-09-28 23:00:00,-1.5976031,0.016375154,2.1343834,0.1476575,7.4388313,0.7917159,4.2022023,90.587265
2025-09-29 00:00:00,-1.4373821,-0.0056094606,2.066568,0.07598745,6.7338443,0.8382288,3.9937048,89.77637
2025-09-29 01:00:00,-1.2808475,-0.046291042,1.9647976,0.031339295,6.7090354,0.81370074,3.7020988,87.930176
2025-09-29 02:00:00,-1.1990229,-0.092989944,1.8797098,0.0364258,6.966843,0.8016648,3.3731852,85.56531
2025-09-29 03:00:00,-1.1590226,-0.15095025,1.8704212,0.07693996,7.2145743,0.80699277,3.0958831,82.57959
2025-09-29 04:00:00,-1.1309513,-0.13150766,1.8673875,0.077978306,7.3245196,0.76963186,2.9957817,83.36737
2025-09-29 05:00:00,-1.1490272,-0.14110544,1.9042172,0.059392422,7.5682874,0.7311901,3.1302474,82.99887
2025-09-29 06:00:00,-1.2164402,-0.10449178,1.9806267,0.093518816,7.749971,0.6721797,3.3943667,85.09036
2025-09-29 07:00:00,-1.2895228,-0.024909766,2.0588832,0.064186305,7.7461133,0.75645506,3.8364532,88.89334
2025-09-29 08:00:00,-1.3850985,0.062365144,2.096316,0.050480727,7.6647396,0.7475222,3.8623352,92.578064
2025-09-29 09:00:00,-1.4610163,0.05075692,2.1954858,0.06327804,7.712638,0.9204825,3.9279683,91.9897
2025-09-29 10:00:00,-1.4462025,0.13452314,2.0851886,0.05487842,7.518387,0.74743265,3.9469972,95.31427
2025-09-29 11:00:00,-1.5051352,0.011699367,2.2493935,0.12469549,7.6258636,0.8761345,4.00911,90.44536
2025-09-29 12:00:00,-1.5269405,-0.19145697,2.356474,0.05561542,7.8354497,1.031742,3.8308907,82.85321
2025-09-29 13:00:00,-1.5006429,-0.3703902,2.3965383,0.1556566,7.8685813,1.1398857,3.5334036,76.135315
2025-09-29 14:00:00,-1.5737342,-0.49868774,2.4163697,0.07794321,8.110949,1.1090248,3.473488,72.41754
2025-09-29 15:00:00,-1.5709299,-0.5216118,2.3352637,0.08728743,8.812834,0.9762483,3.5001266,71.631744
2025-09-29 16:00:00,-1.4788204,-0.50979245,2.1506934,0.009262097,9.361975,0.831551,3.4720168,70.97943
2025-09-29 17:00:00,-1.4587914,-0.47250572,2.2309484,0.070066676,9.360354,0.9991812,3.5874496,72.052734
2025-09-29 18:00:00,-1.5731617,-0.37810084,2.3683455,0.042530846,9.652058,1.009056,3.9418066,76.485596
2025-09-29 19:00:00,-1.6207713,-0.22332434,2.4012425,0.00209596,9.586352,0.8988569,4.196893,82.15466
2025-09-29 20:00:00,-1.6613468,-0.027013006,2.4102519,0.03191345,9.129348,0.8625478,4.4279456,89.06848
2025-09-29 21:00:00,-1.6552277,0.14187828,2.398045,0.14657158,8.569965,0.86218274,4.7429953,94.89917
2025-09-29 22:00:00,-1.5826544,0.22602555,2.3112695,0.0779602,8.790071,0.91264653,4.184042,98.1277
2025-09-29 23:00:00,-1.4943262,0.2847913,2.221183,0.10434783,8.561558,0.8516811,3.9314232,100.790146
2025-09-30 00:00:00,-1.3844506,0.24276857,2.1659005,0.028630275,8.280763,0.88311726,3.749368,99.94592
2025-09-30 01:00:00,-1.3400218,0.17951016,2.1155856,0.027951453,7.951657,0.8315649,3.6116168,97.629974
2025-09-30 02:00:00,-1.2739732,0.13553682,2.078894,0.025934273,7.637816,0.8145964,3.621518,96.072815
2025-09-30 03:00:00,-1.2576274,0.075687304,2.1122715,0.04195778,7.5470366,0.8301591,3.738172,93.44406
2025-09-30 04:00:00,-1.2774642,0.035832997,2.1462717,0.06931288,7.397836,0.9041633,3.7208767,91.606735
2025-09-30 05:00:00,-1.3361276,-0.013511452,2.1568449,0.07141917,7.1809845,0.85829216,4.075024,89.42062
2025-09-30 06:00:00,-1.4979587,-0.035543494,2.2759268,0.011702297,7.19298,0.8997731,4.3240857,88.64075
2025-09-30 07:00:00,-1.5646919,-0.036087036,2.3635216,0.06554417,7.234915,0.9795741,4.248848,88.67877
2025-09-30 08:00:00,-1.7261513,0.013760953,2.4880664,0.2053632,7.025808,0.99573374,4.2223926,90.45677
2025-09-30 09:00:00,-1.8728787,0.029300174,2.583872,0.3861515,6.493445,1.0640178,4.0981903,90.8963
2025-09-30 10:00:00,-1.9105365,0.066767514,2.5451593,0.07800432,5.951931,1.0275915,4.1590347,92.00151
2025-09-30 11:00:00,-1.9918745,-0.0065439586,2.6637926,0.12672377,6.051973,1.2083741,4.193227,89.81177
2025-09-30 12:00:00,-1.9863504,-0.21597496,2.7165565,0.18143077,6.259171,1.3581897,4.178075,83.79462
2025-09-30 13:00:00,-2.0204158,-0.43027434,2.7808783,0.27559942,6.518527,1.5200067,4.125713,77.97772
2025-09-30 14:00:00,-2.0985165,-0.6840956,2.8824136,0.6292745,6.617164,1.7454443,4.02107,71.94452
2025-09-30 15:00:00,-2.1795378,-0.81165373,2.9521587,0.72879803,6.6975775,1.7934713,4.0523605,69.57483
2025-09-30 16:00:00,-2.1266954,-0.7806582,2.7667463,0.54515046,7.2481623,1.5364678,4.071009,69.84302
2025-09-30 17:00:00,-2.042247,-0.6841035,2.5763927,0.6232147,7.704977,1.4131376,4.1271114,71.48041
2025-09-30 18:00:00,-2.218142,-0.61567855,2.6965384,0.06850135,8.0432005,1.5286973,4.46359,74.48718
2025-09-30 19:00:00,-2.3034747,-0.4392989,2.72613,0.05233139,8.397977,1.4756147,4.764293,79.2027
2025-09-30 20:00:00,-2.327456,-0.25023136,2.7239304,0.13739277,8.482057,1.4790975,4.7351556,83.863525
2025-09-30 21:00:00,-2.2297838,-0.06967204,2.6563098,0.009235211,8.134137,1.475894,4.5400076,88.21033
2025-09-30 22:00:00,-1.9869187,0.15557161,2.4807055,0.053620186,8.631948,1.2693335,3.9197304,94.47702
2025-09-30 23:00:00,-1.8246522,0.1568187,2.3851573,0.054398526,8.229998,1.2590975,3.5584216,94.9122
2025-10-01 00:00:00,-1.7102166,0.0827447,2.3145893,0.39638746,7.751531,1.2605194,3.196305,92.76997
2025-10-01 01:00:00,-1.6210686,0.022958703,2.2655523,0.3279606,7.7898545,1.302588,3.1096356,90.81142
2025-10-01 02:00:00,-1.5876358,-0.048359226,2.2597182,0.0680723,8.081903,1.2994444,3.0042634,88.25531
2025-10-01 03:00:00,-1.5696354,-0.1320244,2.2862647,0.113540195,8.072942,1.3830608,2.9353538,85.19208
2025-10-01 04:00:00,-1.6841023,-0.16097239,2.3769763,0.38650745,8.141349,1.4357615,3.1015604,84.54004
2025-10-01 05:00:00,-1.7786152,-0.19447203,2.4644053,0.24266082,8.456525,1.5081087,3.2836912,83.76013
2025-10-01 06:00:00,-2.0067725,-0.1785402,2.713099,0.22633222,8.866515,1.6436294,3.534933,84.91583
2025-10-01 07:00:00,-2.2987127,-0.09238207,2.9990652,0.23626599,9.11456,1.8416594,3.8293083,87.69861
2025-10-01 08:00:00,-2.5477402,0.08072477,3.2139518,0.21698402,9.413139,1.9464076,4.0343223,91.81482
2025-10-01 09:00:00,-2.6466246,0.18524005,3.3126128,0.7090165,9.496377,2.184979,4.0567813,94.00368
2025-10-01 10:00:00,-2.320988,0.3782596,3.0763524,0.65383387,9.039143,1.9468781,3.955053,99.25633
2025-10-01 11:00:00,-2.3406768,0.30018616,3.1289616,0.29380596,8.750242,2.0310633,4.018146,97.30815
2025-10-01 12:00:00,-2.2610857,0.090071395,3.09189,0.22768728,8.557928,2.1193478,3.9446883,92.281204
2025-10-01 13:00:00,-2.2145057,-0.10858154,3.059152,0.4890118,8.534066,2.103175,3.8558762,87.19293
2025-10-01 14:00:00,-2.1863816,-0.2602902,3.0314786,1.139248,8.629405,2.0919175,3.7559788,83.210846
2025-10-01 15:00:00,-2.127083,-0.3934726,2.959668,1.1703864,8.59268,2.0791948,3.701043,79.519775
2025-10-01 16:00:00,-1.9313074,-0.4704359,2.6744456,0.7703282,8.55805,1.868078,3.4490616,76.31024
2025-10-01 17:00:00,-1.8032284,-0.4224371,2.4946992,0.7905118,8.626929,1.6766169,3.2033236,76.81525
2025-10-01 18:00:00,-1.9070995,-0.31804514,2.575719,0.909456,8.801531,1.6615254,3.320415,80.53198
2025-10-01 19:00:00,-2.0051908,-0.1257085,2.6567497,0.6993202,9.041527,1.6147363,3.50495,86.41272
2025-10-01 20:00:00,-1.9994007,0.07785199,2.6771727,0.76459914,9.080211,1.5042334,3.633121,92.22984
2025-10-01 21:00:00,-1.9476343,0.29455236,2.6509955,0.44107217,8.992525,1.411122,3.6523054,98.60002
2025-10-01 22:00:00,-1.664401,0.6430243,2.550692,0.11059366,9.495508,1.1938778,3.6901786,111.123535
2025-10-01 23:00:00,-1.4675446,0.60933954,2.4521768,0.05112793,9.547328,1.1259651,3.485746,112.54874
2025-10-02 00:00:00,-1.3921682,0.5269767,2.3952804,0.16844292,9.503775,1.1946815,3.4001458,110.73314
2025-10-02 01:00:00,-1.3368733,0.46952778,2.3441706,0.1275286,9.49352,1.205604,3.3964055,109.35196
2025-10-02 02:00:00,-1.2910255,0.41068658,2.2820094,0.1568693,9.711521,1.174711,3.2681386,107.64633
2025-10-02 03:00:00,-1.2687114,0.33635196,2.2649817,0.07806907,9.972097,1.0692666,3.2112842,104.84828
2025-10-02 04:00:00,-1.286636,0.3319207,2.3039272,0.14964448,9.786835,1.0349905,3.2897418,104.46553
2025-10-02 05:00:00,-1.2964997,0.34760675,2.350518,0.12339909,9.7562275,0.9687261,3.3597083,105.0087
2025-10-02 06:00:00,-1.3742948,0.32890692,2.5033457,0.09044982,10.005351,0.9926465,3.586482,103.45932
2025-10-02 07:00:00,-1.5647204,0.43032426,2.6976488,0.059262976,10.249016,1.0654119,3.8187294,105.37715
2025-10-02 08:00:00,-1.6615444,0.5682266,2.8140862,0.103310294,10.255251,1.2599014,4.016483,108.88002
2025-10-02 09:00:00,-1.8064666,0.7020779,3.0105855,0.022549273,10.105297,1.4780667,4.293113,111.23848
2025-10-02 10:00:00,-1.4763517,0.7308618,2.75476,0.08706378,10.39258,1.1423429,4.362092,116.337524
2025-10-02 11:00:00,-1.5620937,0.8147641,2.9356167,0.073193245,10.098755,1.1776669,4.5615115,117.54585
2025-10-02 12:00:00,-1.5325634,0.83650374,3.035544,0.07861738,9.772724,1.312567,4.5951877,118.6266
2025-10-02 13:00:00,-1.4696172,0.7837145,3.0450997,0.20890453,9.7925005,1.4125123,4.4874573,118.07002
2025-10-02 14:00:00,-1.4575777,0.669926,3.036218,0.10806119,9.8299265,1.4433126,4.4444795,114.68428
2025-10-02 15:00:00,-1.4284239,0.5879834,2.9565766,0.18117467,9.519913,1.4477309,4.3334947,112.37358
2025-10-02 16:00:00,-1.390653,0.43910548,2.5213692,0.08401406,9.457241,1.2036728,3.8916337,107.52377
2025-10-02 17:00:00,-1.4513607,0.45103496,2.4766707,0.14335053,10.318658,1.3794764,3.6294606,107.26352
2025-10-02 18:00:00,-1.6892658,0.64762133,2.6893618,0.076922625,11.079218,1.4847494,3.928585,110.975555
2025-10-02 19:00:00,-1.7836114,0.91652125,2.8226652,0.20326698,11.276789,1.5013283,4.148846,117.1967
2025-10-02 20:00:00,-1.7444235,1.1485472,2.8654609,0.20492832,11.474189,1.4159126,4.3456736,123.36134
2025-10-02 21:00:00,-1.68606,1.3929121,2.913911,0.10984807,11.898009,1.3486168,4.4702325,129.5613
2025-10-02 22:00:00,-1.4931624,1.8259653,3.0276344,0.04522351,12.354538,1.2875061,5.125994,140.72581
2025-10-02 23:00:00,-1.4578894,1.8609124,2.9709861,0.2756245,12.493115,1.253957,4.9453998,141.92389
2025-10-03 00:00:00,-1.3529412,1.9313903,2.929786,0.15371297,12.265994,1.1210244,4.9332037,144.98872
2025-10-03 01:00:00,-1.282163,2.018379,2.9112802,0.04658316,12.029549,1.0491508,5.1040583,147.5745
2025-10-03 02:00:00,-1.2367785,2.1058738,2.9081893,0.25015613,11.8803425,1.0341662,5.108587,149.57431
2025-10-03 03:00:00,-1.0972954,2.0990386,2.856184,0.07570107,11.9010315,0.991371,5.026013,152.4012
2025-10-03 04:00:00,-1.0446209,2.096825,2.8160622,0.062730275,11.824509,0.99899936,4.9636173,153.51791
2025-10-03 05:00:00,-1.0738819,2.1239896,2.8199518,0.14974022,12.007453,0.98200643,5.0213704,153.17902
2025-10-03 06:00:00,-1.1912228,2.2496061,2.936004,0.14108756,12.348805,0.94234425,5.2373385,152.09766
2025-10-03 07:00:00,-1.334271,2.4155817,3.0532646,0.029818535,12.53792,0.675309,5.5468616,151.0855
2025-10-03 08:00:00,-1.3061837,2.4751258,3.0407104,0.09581303,12.826782,0.562693,5.5426536,152.17831
2025-10-03 09:00:00,-1.33215,2.6196833,3.242733,0.02942295,12.970785,0.68875045,5.7324867,153.04596
2025-10-03 10:00:00,-1.4108598,2.3817527,3.1428163,0.038544293,13.284641,0.8200166,5.4905114,149.35912
2025-10-03 11:00:00,-1.6227132,2.624862,3.5048573,0.13057105,13.185708,1.1336912,5.996609,148.27528
2025-10-03 12:00:00,-1.6145861,2.8957944,3.730913,0.18863527,13.879195,1.1982719,6.26019,150.8576
2025-10-03 13:00:00,-1.6119764,2.966065,3.7577503,0.03078365,14.550214,1.2801706,6.461113,151.47711
2025-10-03 14:00:00,-1.6114861,2.955926,3.724594,0.054181226,14.687747,1.1240358,7.009612,151.40204
2025-10-03 15:00:00,-1.628123,3.0143776,3.8040552,0.13676111,14.876982,1.1734422,7.144479,151.62567
2025-10-03 16:00:00,-1.6460625,2.882306,3.6395078,0.06795419,15.122171,1.0818679,7.1020875,150.26965
2025-10-03 17:00:00,-1.7416328,3.0590522,3.8144317,0.0676499,15.710255,1.3019246,7.4418817,150.34552
2025-10-03 18:00:00,-1.845977,3.4747286,4.1861844,0.06769886,17.071838,1.47129,8.208964,152.02017
2025-10-03 19:00:00,-1.7554016,3.9828103,4.562413,0.2679162,18.059381,1.5080569,8.969362,156.21478
2025-10-03 20:00:00,-1.5879146,4.4016814,4.86611,0.2842701,18.857418,1.5660512,9.603007,160.163
2025-10-03 21:00:00,-1.3884846,4.798382,5.1760154,0.21850647,20.561539,1.7179523,10.136426,163.8614
2025-10-03 22:00:00,-1.3977913,4.850081,5.2620416,0.15464604,19.681276,1.7848724,10.3738785,163.92305
2025-10-03 23:00:00,-1.3170813,5.27875,5.6402555,0.42561236,19.635815,1.8951066,10.921882,165.99039
2025-10-04 00:00:00,-1.1856418,5.6217356,5.9473195,0.22850746,19.333967,1.9983644,11.691336,168.09067
2025-10-04 01:00:00,-1.0072063,5.919655,6.2255497,0.17168784,19.512838,1.9910408,12.454785,170.34383
2025-10-04 02:00:00,-0.7832683,6.1460476,6.4404306,0.20902944,19.414917,2.0236967,12.833936,172.73723
2025-10-04 03:00:00,-0.4690824,6.4194,6.7498794,0.35476914,19.44104,2.077023,13.60722,175.82068
2025-10-04 04:00:00,-0.063305005,6.524775,6.962319,0.41594648,17.910374,2.2255511,13.264766,179.44412
2025-10-04 05:00:00,0.5151887,6.4224977,7.077758,0.3263382,17.778807,2.3441014,12.490674,184.58624
2025-10-04 06:00:00,0.95346934,6.2198424,7.0913935,0.2901932,18.458557,2.4767437,11.484126,188.7153
2025-10-04 07:00:00,1.3281819,6.0291195,7.0221176,0.19794285,17.709269,2.593536,10.12766,192.42352
2025-10-04 08:00:00,1.7394124,5.896723,6.9900002,0.05289112,17.702187,2.8567271,10.331034,196.43498
2025-10-04 09:00:00,2.1600792,5.702353,6.975248,0.38919318,17.538614,3.0911553,10.740848,200.74695
2025-10-04 10:00:00,2.1865487,4.851869,6.2674,1.0774195,17.36915,3.069631,10.530099,204.25925
2025-10-04 11:00:00,2.8048756,4.852245,6.57453,1.3242649,17.028341,3.2827783,10.803851,210.03038
2025-10-04 12:00:00,3.4636989,4.6223893,6.7595882,1.242218,16.648823,3.5178492,10.656974,216.84535
2025-10-04 13:00:00,4.0307064,4.1936693,6.8257155,0.8296035,16.21649,3.706153,11.158431,223.86485
2025-10-04 14:00:00,4.5960813,3.6956074,6.8796134,1.0237817,16.068045,3.5817828,10.966964,231.19801
2025-10-04 15:00:00,5.1764817,3.2067945,6.9165277,0.43010148,16.249279,3.4960454,11.140482,238.22208
2025-10-04 16:00:00,5.5567284,2.7123713,6.8186636,0.47017053,16.591314,3.7108932,10.529227,243.9819
2025-10-04 17:00:00,5.814256,2.4030602,6.7633386,0.24542713,16.63838,4.0660324,10.590202,247.54446
2025-10-04 18:00:00,6.048152,2.3170302,6.7979326,0.6650703,15.735785,4.4594793,10.878148,249.0383
2025-10-04 19:00:00,6.2327476,2.3954806,6.9427137,1.2161568,15.300372,4.8758507,10.914635,248.97635
2025-10-04 20:00:00,6.292308,2.5829287,7.0761595,1.3393471,15.606634,5.142072,10.94573,247.68234
2025-10-04 21:00:00,6.2712326,2.785678,7.141355,1.1540328,15.863251,5.1132636,11.284184,246.04924
2025-10-04 22:00:00,5.790092,2.9470322,6.719234,0.50217235,15.989165,3.6043854,11.088315,243.02489
2025-10-04 23:00:00,5.904477,3.0094905,6.8554473,0.41983676,16.090902,3.5668018,11.468457,242.99223
2025-10-05 00:00:00,6.0677624,2.9971004,6.9810567,0.26763415,15.529224,4.0081463,11.823078,243.71347
2025-10-05 01:00:00,6.1558456,2.9312704,6.9967694,0.2022166,16.297693,4.1504674,11.772934,244.5373
2025-10-05 02:00:00,6.2105913,2.7662444,6.97229,0.21439826,15.890146,4.391588,11.703814,245.99146
2025-10-05 03:00:00,6.1869807,2.6255057,6.89283,0.23443672,15.06537,4.471651,11.677443,247.00558
2025-10-05 04:00:00,6.120897,2.5424798,6.792704,0.31643906,15.06379,4.555498,11.310845,247.44313
2025-10-05 05:00:00,6.0862446,2.484949,6.7495103,0.3848454,15.637939,4.6279535,11.581126,247.79033
2025-10-05 06:00:00,6.115017,2.4290507,6.772822,0.4787045,16.256573,4.6195755,11.434316,248.33568
2025-10-05 07:00:00,6.106069,2.3826306,6.7779727,0.31810787,16.076488,4.630909,11.513703,248.68393
2025-10-05 08:00:00,6.2514453,2.3653147,6.9315987,0.6920923,15.9061575,4.7188334,11.642172,249.27522
2025-10-05 09:00:00,6.8353195,2.170695,7.3833923,0.74416655,16.666718,5.2085857,11.781748,252.3817
2025-10-05 10:00:00,5.871079,1.8036714,6.3818603,0.57744175,16.538748,4.00073,11.2764845,252.92236
2025-10-05 11:00:00,6.072334,1.9649036,6.653136,0.6031452,16.267384,4.3591356,11.347157,252.0693
2025-10-05 12:00:00,6.231701,1.9012431,6.788115,0.64263254,16.816473,4.7403445,11.367481,253.03346
2025-10-05 13:00:00,6.4721847,1.6622009,6.9512444,0.93013984,17.337082,4.954768,11.536491,255.59647
2025-10-05 14:00:00,6.5205,1.3405106,6.9550147,1.1702846,17.610758,4.9041934,11.408592,258.38275
2025-10-05 15:00:00,6.4236555,1.0017643,6.831625,1.3690314,17.6325,4.5826,11.535498,261.13617
2025-10-05 16:00:00,6.1329236,0.7613142,6.5381584,0.8647664,17.217709,4.4254026,11.688624,262.92377
2025-10-05 17:00:00,5.927106,0.6349879,6.3415284,0.9891551,17.163183,4.020513,11.762787,263.88507
2025-10-05 18:00:00,5.897307,0.5201152,6.3384542,0.9407389,17.238953,3.6900005,11.750186,264.9598
2025-10-05 19:00:00,5.9066668,0.40475464,6.358732,0.7895525,17.373007,3.5407,11.973009,266.07993
2025-10-05 20:00:00,5.937668,0.25372562,6.3960485,0.84872013,17.928223,3.4548795,12.176071,267.55316
2025-10-05 21:00:00,5.909687,0.16081032,6.3747983,0.6439202,18.115993,3.284608,12.484152,268.44128
2025-10-05 22:00:00,5.510447,0.07248543,5.9510984,0.5664703,15.961504,2.8073063,12.322072,269.24637
2025-10-05 23:00:00,5.610417,0.117437825,6.0409756,0.24080195,15.418198,2.9821892,12.364335,268.80084
2025-10-06 00:00:00,5.733801,-0.024350554,6.1293025,0.5135044,14.880907,3.0850148,12.312962,270.24332
2025-10-06 01:00:00,5.777627,-0.21799159,6.1714187,0.67695034,14.958119,3.2194097,12.170622,272.16077
2025-10-06 02:00:00,5.7657785,-0.44854984,6.1864915,0.5677027,15.034857,3.2311728,12.220313,274.44836
2025-10-06 03:00:00,5.736938,-0.7384272,6.1933136,0.71474785,15.285945,3.2064092,11.535543,277.33447
2025-10-06 04:00:00,5.5881124,-0.9347105,6.0767126,0.5904011,16.227251,3.1762512,11.2294035,279.49582
2025-10-06 05:00:00,5.420951,-0.99767077,5.900638,0.6539843,14.886445,3.1642776,10.881805,280.428
2025-10-06 06:00:00,5.322245,-0.9926535,5.7811437,0.38598642,14.222365,3.1795006,9.972958,280.56485
2025-10-06 07:00:00,5.3054247,-0.9333228,5.7397246,0.944675,13.729698,3.4245849,9.744611,279.9773
2025-10-06 08:00:00,5.3328733,-0.8490955,5.7327366,1.0899493,12.88863,3.5038579,9.21726,279.04666
2025-10-06 09:00:00,5.416537,-0.97418255,5.848476,1.3746929,12.484537,3.7800043,9.39985,280.19583
2025-10-06 10:00:00,5.0025363,-1.0676513,5.547814,1.2694086,11.357015,3.1891155,8.594891,282.04742
2025-10-06 11:00:00,5.079249,-1.0794777,5.611848,1.1852646,11.089329,3.646429,8.042778,281.99838
2025-10-06 12:00:00,5.0179358,-1.1614199,5.548125,1.1428167,10.721725,3.726029,7.6330028,283.03186
2025-10-06 13:00:00,4.858047,-1.2755622,5.419532,1.3374869,10.304171,3.7882314,7.4844317,284.71188
2025-10-06 14:00:00,4.5809984,-1.316857,5.1438727,1.3652914,10.063976,3.6533854,6.682296,286.03787
2025-10-06 15:00:00,4.178725,-1.1524328,4.6822877,1.1922123,9.119992,3.1691103,6.215996,285.4181
2025-10-06 16:00:00,3.8773594,-1.015891,4.3241463,0.62732196,8.103994,2.7495337,5.816658,284.68182
2025-10-06 17:00:00,3.6306012,-0.90856975,4.041079,0.53262234,7.6761074,2.3626375,5.606608,284.0499
2025-10-06 18:00:00,3.4149384,-0.81985223,3.8106496,0.18203671,7.6512017,2.1065261,5.25008,283.49997
2025-10-06 19:00:00,3.2605422,-0.72840756,3.6421435,0.2152191,7.686935,2.0577493,5.0611773,282.59314
2025-10-06 20:00:00,3.1215277,-0.6364845,3.5131226,0.11727727,7.6290855,1.9940982,5.029869,281.52472
2025-10-06 21:00:00,2.982628,-0.51096326,3.38145,0.08625447,7.2182474,1.903238,4.918195,279.72116
2025-10-06 22:00:00,2.7179475,-0.29228294,3.1046839,0.106801435,6.7902956,1.7992507,4.5093513,276.13788
2025-10-06 23:00:00,2.6941426,-0.2637824,3.0644066,0.07960287,6.7270246,1.8060284,4.4862466,275.59198
2025-10-07 00:00:00,2.667746,-0.1691643,2.996908,0.20492512,6.056492,1.7703171,4.4588532,273.62833
2025-10-07 01:00:00,2.5448976,-0.07914074,2.8511727,0.19589423,5.903102,1.544698,4.2965713,271.7812
2025-10-07 02:00:00,2.4318047,0.010865907,2.7569907,0.10824041,6.8817596,1.3335195,4.2145715,269.744
2025-10-07 03:00:00,2.4054112,0.07415607,2.7542565,0.06091347,7.653687,1.274293,4.201005,268.2342
2025-10-07 04:00:00,2.2895129,0.1755202,2.6540413,0.12934041,7.8949146,1.2512555,4.023331,265.61612
2025-10-07 05:00:00,2.1894841,0.31423208,2.5638914,0.10045441,6.989055,1.235875,3.9051352,261.83276
2025-10-07 06:00:00,2.1268666,0.4605193,2.5620103,0.086251825,7.306635,1.2845001,3.9691732,257.78265
2025-10-07 07:00:00,2.2397134,0.5454856,2.7475138,0.09068532,7.378343,1.4384294,4.0921345,256.312
2025-10-07 08:00:00,2.3943436,0.47919485,2.954867,0.03612065,7.7041636,1.3576285,4.619257,258.68256
2025-10-07 09:00:00,2.544408,0.43513036,3.0935025,0.07718246,8.417439,1.4811614,4.7604213,260.29547
2025-10-07 10:00:00,2.317742,0.5664879,3.009012,0.021568356,8.094362,1.2845182,4.829818,256.26538
2025-10-07 11:00:00,2.4271083,0.52444375,3.1514854,0.13623703,8.891149,1.376534,4.966466,257.80713
2025-10-07 12:00:00,2.4030678,0.50532323,3.1186378,0.19785671,8.955942,1.412319,4.9680653,258.12473
2025-10-07 13:00:00,2.4182677,0.4276321,3.1591823,0.18868034,9.119909,1.4352417,5.104666,259.97183
2025-10-07 14:00:00,2.2703485,0.42521214,3.0697718,0.27375585,8.773486,1.4272412,5.2337165,259.392
2025-10-07 15:00:00,2.0190327,0.52405035,2.8419318,0.14262505,8.6974325,1.2379986,5.2252297,255.44966
2025-10-07 16:00:00,1.7564152,0.7161102,2.5719063,0.110790916,8.832222,1.0236667,5.402219,247.81873
2025-10-07 17:00:00,1.668848,0.87123644,2.5363724,0.10340977,8.837221,1.0358363,5.5651894,242.4328
2025-10-07 18:00:00,1.6594803,1.0174083,2.615315,0.061844956,8.859869,1.077146,5.9784493,238.48802
2025-10-07 19:00:00,1.6808311,1.1213828,2.6472704,0.14365637,8.991546,1.0842812,6.2232056,236.29037
2025-10-07 20:00:00,1.7076828,1.1253905,2.6643958,0.23427233,8.756835,1.0438207,6.217204,236.61447
2025-10-07 21:00:00,1.6995982,1.1326822,2.6432123,0.13157162,8.647069,1.007851,6.1091714,236.31888
2025-10-07 22:00:00,1.6654568,1.1552013,2.604306,0.0685293,8.586785,0.96088773,6.125954,235.25388
2025-10-07 23:00:00,1.6766894,1.0907844,2.5779853,0.03891567,8.656573,0.93614554,6.0133257,236.95364
2025-10-08 00:00:00,1.7010052,1.0790508,2.59601,0.04203688,8.784928,0.9204804,6.024835,237.61057
2025-10-08 01:00:00,1.7333184,0.9972996,2.589359,0.17780647,8.550737,0.91766167,6.0808897,240.08517
2025-10-08 02:00:00,1.7075529,0.93955827,2.5449944,0.06924622,8.5228,0.8976973,5.8662243,241.1788
2025-10-08 03:00:00,1.7250539,0.9073396,2.5296109,0.19920552,8.059277,0.9182599,5.8441463,242.25664
2025-10-08 04:00:00,1.727918,0.8711028,2.5097358,0.099916324,7.6552057,0.9151061,5.784464,243.24576
2025-10-08 05:00:00,1.6869869,0.80313814,2.4349244,0.09171163,7.6413193,0.9090294,5.536879,244.54189
2025-10-08 06:00:00,1.7004406,0.7563848,2.4088259,0.08071259,7.250186,0.9055411,5.421813,246.0197
2025-10-08 07:00:00,1.7488618,0.6793209,2.3925927,0.102212004,7.013507,0.84553385,5.2950497,248.77203
2025-10-08 08:00:00,2.0034428,0.5005534,2.507667,0.09857936,7.4952936,0.726918,5.260182,255.97203
2025-10-08 09:00:00,2.1347604,0.21202253,2.601023,0.10082316,7.847642,0.6406513,5.179124,264.32803
2025-10-08 10:00:00,1.7393312,-0.042275917,2.4054663,0.030870577,7.71091,0.687295,5.0014286,271.39233
2025-10-08 11:00:00,1.8639815,-0.1947504,2.4605186,0.020849252,8.451662,0.7580053,4.9192324,275.96466
2025-10-08 12:00:00,1.9906666,-0.3316968,2.5189912,0.096141055,8.490956,0.78571683,4.7660637,279.46005
2025-10-08 13:00:00,1.9567018,-0.5258183,2.4645882,0.08281159,8.067369,0.8880549,4.5636945,285.04156
2025-10-08 14:00:00,1.8994458,-0.6518662,2.4100637,0.04310473,8.155635,0.96136403,4.5149093,288.9416
2025-10-08 15:00:00,1.766423,-0.7511543,2.3179023,0.14532535,8.174699,1.0005347,4.4295044,293.03714
2025-10-08 16:00:00,1.6644242,-0.7514277,2.213155,0.18401927,7.6659393,0.91713285,4.480015,294.29745
2025-10-08 17:00:00,1.6349636,-0.7858454,2.2343264,0.14769265,7.718023,1.0279884,4.378212,295.67126
2025-10-08 18:00:00,1.6369435,-0.78546846,2.2275,0.11140731,7.4590397,0.9795211,4.272557,295.63348
2025-10-08 19:00:00,1.7070824,-0.7792074,2.2345955,0.10702561,7.8678617,0.90970266,4.341539,294.5346
2025-10-08 20:00:00,1.762805,-0.84262043,2.2618034,0.15982027,7.7276707,0.9366151,4.3890004,295.5478
2025-10-08 21:00:00,1.8262981,-0.8712109,2.2902842,0.2574475,7.7219076,0.97475725,4.4080796,295.50284
2025-10-08 22:00:00,1.8232145,-0.8926577,2.2742405,0.14106752,7.3297386,0.96567196,4.8109283,296.08667
2025-10-08 23:00:00,1.832487,-0.93301183,2.2995064,0.18493481,7.2704782,1.013773,4.8084683,296.98294
2025-10-09 00:00:00,1.8406434,-0.91751844,2.2863414,0.10461696,7.4650164,1.00249,4.4583845,296.4952
2025-10-09 01:00:00,1.8250617,-0.9033583,2.2888796,0.09335937,7.4010005,1.063449,4.2667174,296.33423
2025-10-09 02:00:00,1.8721173,-0.90409976,2.3455667,0.19653189,7.492385,1.1318121,4.256947,295.77725
2025-10-09 03:00:00,1.9103744,-0.95744157,2.3983126,0.07943645,7.1349545,1.191578,4.381079,296.6191
2025-10-09 04:00:00,1.953146,-0.94884014,2.4448488,0.14558332,8.200192,1.2222495,4.4161787,295.91052
2025-10-09 05:00:00,1.9933963,-0.9642359,2.5069222,0.17871678,8.488352,1.187639,4.3755674,295.81375
2025-10-09 06:00:00,2.0834413,-0.96477777,2.6348155,0.21739212,9.112468,1.2565728,4.5764074,294.8474
2025-10-09 07:00:00,2.2257652,-1.0107249,2.8585818,0.1148512,9.710098,1.4592636,4.9836426,294.4229
2025-10-09 08:00:00,2.2990792,-1.1823033,3.1035788,0.20549086,10.063342,1.5641398,5.524647,297.21454
2025-10-09 09:00:00,2.4170234,-1.2885746,3.372518,0.7712727,10.916308,1.7632431,5.9165816,298.06317
2025-10-09 10:00:00,2.3327122,-1.1621976,3.3708262,0.22594275,11.365595,1.5738906,5.8095436,296.48328
2025-10-09 11:00:00,2.6048026,-1.1192907,3.575463,0.5658651,10.864762,1.7154682,6.34939,293.25333
2025-10-09 12:00:00,2.8417919,-1.098222,3.7708604,1.0013909,11.381654,1.8486156,6.9483013,291.1292
2025-10-09 13:00:00,2.9437573,-1.131744,3.8743467,0.98225117,11.154233,1.9543645,7.2779374,291.02954
2025-10-09 14:00:00,2.953103,-1.0466111,3.8530962,1.0665107,10.852229,1.9394776,7.6712265,289.51486
2025-10-09 15:00:00,2.8584466,-0.8468129,3.683369,0.5521013,11.256129,1.7946663,7.9071455,286.5019
2025-10-09 16:00:00,2.824164,-0.55186546,3.4808304,0.30402964,11.018842,1.3045931,8.199792,281.05676
2025-10-09 17:00:00,2.9045472,-0.39715493,3.480366,0.25611782,11.322197,1.3476558,8.392272,277.78607
2025-10-09 18:00:00,3.0175104,-0.3583939,3.5617993,0.71405333,11.958044,1.3490026,8.451991,276.77338
2025-10-09 19:00:00,3.1595194,-0.3363037,3.664114,0.61384165,12.969577,1.3308129,8.788625,276.07578
2025-10-09 20:00:00,3.270662,-0.42084607,3.739364,0.3516636,13.071458,1.3052641,8.774196,277.33212
2025-10-09 21:00:00,3.3444953,-0.54053557,3.8173647,0.2646318,12.7946415,1.3308309,8.858558,279.18073
2025-10-09 22:00:00,3.1622891,-0.4565875,3.6832008,0.044287063,12.841254,1.2505534,8.314128,278.21588
2025-10-09 23:00:00,3.2795777,-0.6794887,3.821108,0.041934554,12.552014,1.33913,8.238823,281.70538
2025-10-10 00:00:00,3.3590493,-0.7798223,3.8885148,0.036413252,12.508594,1.3618335,7.945055,283.07
2025-10-10 01:00:00,3.413142,-0.87849796,3.9279773,0.13373981,12.712144,1.3144357,7.696119,284.4339
2025-10-10 02:00:00,3.4678655,-0.96237224,3.964577,0.0409164,12.753064,1.2746756,7.777388,285.50995
2025-10-10 03:00:00,3.4838727,-1.015952,3.9934134,0.16907917,12.931483,1.2780929,7.925186,286.2575
2025-10-10 04:00:00,3.518927,-1.0404762,4.0428133,0.17370173,13.174059,1.3916605,8.23914,286.4719
2025-10-10 05:00:00,3.5328584,-1.1070865,4.0749955,0.25721264,12.887487,1.4495561,8.357155,287.39935
2025-10-10 06:00:00,3.538792,-1.1907823,4.1113725,0.19054173,13.006202,1.3395778,8.45863,288.59778
2025-10-10 07:00:00,3.6129405,-1.3734114,4.2416,0.18851925,12.989783,1.4425408,8.610508,290.81363
2025-10-10 08:00:00,3.706204,-1.6695734,4.4141536,0.1929263,12.900824,1.3450987,8.376008,294.25064
2025-10-10 09:00:00,3.862993,-2.2415094,4.813811,0.107428856,12.91856,1.5838114,8.416276,300.12454
2025-10-10 10:00:00,3.3318136,-2.3743598,4.539745,0.16938527,11.91321,1.7111157,7.6115556,305.4749
2025-10-10 11:00:00,3.3122842,-2.0789056,4.377841,0.49607462,11.223799,1.6831107,7.5341735,302.11383
2025-10-10 12:00:00,3.3862062,-1.8692008,4.379402,0.8269986,10.99961,1.7548385,7.4601784,298.8989
2025-10-10 13:00:00,3.453054,-1.7806454,4.4467344,0.9513525,10.990818,1.8891083,7.7030706,297.27893
2025-10-10 14:00:00,3.4440877,-1.7340351,4.4507947,0.9683787,11.443688,1.9435781,7.8413887,296.72443
2025-10-10 15:00:00,3.325089,-1.5518811,4.2646904,0.6509868,11.860989,1.8075471,7.876048,295.01935
2025-10-10 16:00:00,3.2318296,-1.3430073,4.05158,0.2821762,11.857261,1.5545086,7.908858,292.56564
2025-10-10 17:00:00,3.2309809,-1.1388302,3.9333045,0.37836862,11.915995,1.4341612,7.9719715,289.41614
2025-10-10 18:00:00,3.256325,-1.0466778,3.9302475,0.37153414,12.122968,1.2453163,8.148449,287.8189
2025-10-10 19:00:00,3.270799,-1.0079857,3.944333,0.15744783,12.33428,1.253053,8.369034,287.1281
2025-10-10 20:00:00,3.2698946,-1.0224972,3.9722476,0.106936924,12.538663,1.2994412,8.394525,287.36447
2025-10-10 21:00:00,3.2298546,-1.0133387,3.9339464,0.078541055,12.207413,1.2292644,8.385632,287.4188
2025-10-10 22:00:00,2.8234978,-0.89327097,3.5644577,0.087556385,12.272667,1.110097,7.9886065,287.55582
2025-10-10 23:00:00,2.9131515,-0.80256486,3.640253,0.21336937,12.269321,1.1425363,8.081649,285.40274
2025-10-11 00:00:00,2.9749377,-0.7564355,3.7124915,0.12494369,12.651556,1.1046985,8.000099,284.26624
2025-10-11 01:00:00,3.0048106,-0.7374342,3.7272153,0.07593031,12.450496,1.1419921,7.431838,283.78888
2025-10-11 02:00:00,3.0702515,-0.7470938,3.7525215,0.023186056,12.725373,1.1403114,7.179546,283.67618
2025-10-11 03:00:00,3.087985,-0.8165823,3.7571127,0.20216025,12.889304,1.1371155,7.195991,284.81216
2025-10-11 04:00:00,3.0367544,-0.8458273,3.7266161,0.07014302,12.703605,1.087775,7.0212393,285.56412
2025-10-11 05:00:00,3.019758,-0.8825552,3.7116184,0.034998886,12.394504,1.0760523,6.9171605,286.29153
2025-10-11 06:00:00,3.0196545,-0.9185593,3.7282856,0.05148247,12.398505,1.0975807,6.983358,286.91943
2025-10-11 07:00:00,3.0212345,-1.0271524,3.823269,0.043036688,12.448461,1.179773,7.022239,288.7769
2025-10-11 08:00:00,3.1707475,-1.4283489,4.0841546,0.014563377,12.577942,1.1279447,7.3648167,294.25046
2025-10-11 09:00:00,3.2013426,-1.9201264,4.3666067,0.11238513,12.697124,1.332282,7.5344443,300.95483
2025-10-11 10:00:00,2.6550317,-1.9019792,3.924456,0.15421587,11.253616,1.1840283,6.674387,305.61658
2025-10-11 11:00:00,2.675202,-1.849383,3.9614637,0.5409691,11.603103,1.4159111,6.7742057,304.65634
2025-10-11 12:00:00,2.6842408,-1.9145466,4.045943,0.9518753,11.162901,1.6262082,6.841243,305.49854
2025-10-11 13:00:00,2.6910434,-2.0074937,4.0885787,1.0559845,11.132498,1.7131346,6.7651334,306.7226
2025-10-11 14:00:00,2.5109615,-2.0013344,3.939075,1.067823,10.935021,1.6868227,6.6301355,308.5562
2025-10-11 15:00:00,2.2782373,-1.8283321,3.6325707,0.7394892,10.526422,1.6135969,6.3589416,308.74774
2025-10-11 16:00:00,2.1315238,-1.5662929,3.2174895,0.55670583,10.336143,1.2859569,6.141529,306.3093
2025-10-11 17:00:00,2.0531554,-1.4425544,3.0698988,0.06858286,9.855096,1.1884652,6.087857,305.092
2025-10-11 18:00:00,1.9646244,-1.3559698,3.0117974,0.19845025,9.589278,1.2014493,5.731879,304.61316
2025-10-11 19:00:00,1.9198769,-1.2479771,2.9679618,0.22297408,9.308534,1.1221786,5.826285,303.02505
2025-10-11 20:00:00,1.8885952,-1.1946708,2.9586759,0.097743005,9.520466,1.1396765,6.125442,302.31625
2025-10-11 21:00:00,1.8758533,-1.1448364,2.9401526,0.23015104,9.875852,1.151968,6.2221146,301.39578
2025-10-11 22:00:00,1.8451798,-0.9003201,2.7979226,0.22268796,10.287757,1.0773212,6.1328616,296.0092
2025-10-11 23:00:00,1.898734,-0.91807556,2.8211799,0.19210896,10.36288,1.0230751,6.1142755,295.8047
2025-10-12 00:00:00,1.9225662,-0.86057425,2.8710048,0.1341244,10.751249,1.0494932,6.2521043,294.11414
2025-10-12 01:00:00,2.0395792,-0.82858443,2.9574544,0.24545582,11.524029,1.0618691,6.300125,292.1096
2025-10-12 02:00:00,2.1273549,-0.8059721,3.0077124,0.21933345,12.0288315,1.0470225,6.3095865,290.74976
2025-10-12 03:00:00,2.2121615,-0.85391855,3.0799918,0.19794357,12.076557,1.0755517,6.813076,291.10712
2025-10-12 04:00:00,2.2607722,-0.87899905,3.1162155,0.22272502,12.307863,1.0005172,7.0542707,291.2463
2025-10-12 05:00:00,2.3037686,-0.91416395,3.1895094,0.23826115,12.239041,1.0330545,7.3886814,291.6438
2025-10-12 06:00:00,2.3161016,-0.94833374,3.2366307,0.13420421,11.78706,1.011149,7.334652,292.26678
2025-10-12 07:00:00,2.3171408,-1.0125394,3.3434663,0.051192474,11.633661,1.1008532,7.2418776,293.60428
2025-10-12 08:00:00,2.5111303,-1.427673,3.6452522,0.07329787,11.703785,1.0354295,7.5502915,299.61987
2025-10-12 09:00:00,2.5259726,-1.8339039,3.903482,0.035909303,11.00167,1.4692594,7.6935034,305.98035
2025-10-12 10:00:00,2.1462452,-1.8777074,3.644361,0.14588466,10.657432,1.5013645,6.479777,311.18204
2025-10-12 11:00:00,2.1584055,-1.9795973,3.6408255,0.10622061,9.305127,1.4973465,6.1572084,312.52573
2025-10-12 12:00:00,2.1375353,-2.0064569,3.6184704,0.13053562,8.480277,1.6074808,5.706304,313.1883
2025-10-12 13:00:00,2.0839934,-2.0915885,3.6296031,0.17352782,8.455719,1.7914858,5.4476643,315.10422
2025-10-12 14:00:00,1.9584079,-2.1769814,3.5971754,0.3588456,8.608265,1.877668,5.233668,318.0255
2025-10-12 15:00:00,1.7567068,-2.1680632,3.4055998,0.48803666,8.610878,1.9531556,4.660478,320.98334
2025-10-12 16:00:00,1.5526094,-1.9568506,3.0133536,0.6860086,8.523778,1.4849775,4.1552353,321.5707
2025-10-12 17:00:00,1.406928,-1.8012856,2.7851822,0.72588104,8.102543,1.314207,3.9967127,322.00772
2025-10-12 18:00:00,1.2728729,-1.7316016,2.6778698,0.15145265,7.7804947,1.3591975,3.8809495,323.68097
2025-10-12 19:00:00,1.1616302,-1.7254223,2.6288602,0.14410469,7.9784813,1.3448532,3.8136497,326.04984
2025-10-12 20:00:00,1.0046551,-1.7594378,2.6015496,0.11298729,8.015124,1.3041321,3.8954244,330.27322
2025-10-12 21:00:00,0.8326247,-1.7634442,2.544463,0.0536477,8.548934,1.2235708,4.006641,334.72528
2025-10-12 22:00:00,0.49515182,-1.5662438,2.302435,0.19732685,8.582602,1.0694306,4.2527986,342.45618
2025-10-12 23:00:00,0.4964047,-1.5142336,2.278564,0.26177222,7.2961183,0.9980549,4.028678,341.84952
2025-10-13 00:00:00,0.45516473,-1.4726497,2.2114081,0.15535788,6.791859,0.97170526,3.9268634,342.82474
2025-10-13 01:00:00,0.4391801,-1.4708446,2.1578991,0.19468692,6.44424,1.0091687,3.6857924,343.37488
2025-10-13 02:00:00,0.36049095,-1.5117835,2.1333299,0.10025831,6.6446166,0.9797022,3.3741705,346.58804
2025-10-13 03:00:00,0.28893796,-1.5529929,2.1145618,0.13910969,6.7691784,0.9844551,3.2358208,349.46048
2025-10-13 04:00:00,0.1871305,-1.556921,2.078289,0.22048971,6.7609463,1.0210694,3.0630038,353.14633
2025-10-13 05:00:00,0.120977044,-1.5512357,2.026398,0.1414416,6.876563,0.95892805,3.0152326,355.54065
2025-10-13 06:00:00,0.07072119,-1.547129,1.9831823,0.2085536,7.1028566,0.9010524,3.0684195,357.38275
2025-10-13 07:00:00,-0.039518613,-1.6196408,2.0555782,0.051667668,7.0572987,0.95664144,3.2174048,1.3977051
2025-10-13 08:00:00,-0.19813743,-1.6817384,2.1064851,0.070679545,6.898656,0.9243866,3.2659893,6.7194214
2025-10-13 09:00:00,-0.26503116,-1.7599392,2.2382905,0.11491276,6.7663965,0.91050607,3.4904437,8.563873
2025-10-13 10:00:00,-0.4202955,-1.6084405,2.262661,0.108713694,6.874194,1.0973951,3.6316752,14.644287
2025-10-13 11:00:00,-0.31181088,-1.6928773,2.3636746,0.46804968,6.7000427,1.2155789,3.8388672,10.43634
2025-10-13 12:00:00,-0.1991606,-1.7444792,2.4688835,0.547031,7.0021844,1.3279734,4.0503078,6.513031
2025-10-13 13:00:00,-0.13314778,-1.796593,2.571169,0.4768635,7.482968,1.3366791,4.1257443,4.2385254
2025-10-13 14:00:00,0.005634617,-1.8231329,2.6347973,0.3061368,7.9178205,1.4357295,4.125422,359.82294
2025-10-13 15:00:00,0.13840671,-1.7240307,2.492829,0.11319401,7.965307,1.3226146,4.0208206,355.4101
2025-10-13 16:00:00,0.27864447,-1.4625471,2.1648839,0.11079542,7.9194236,1.0685782,3.6688228,349.2133
2025-10-13 17:00:00,0.45895344,-1.4766483,2.2121768,0.21026619,8.073001,1.2250264,3.6785574,342.73438
2025-10-13 18:00:00,0.5398506,-1.4624094,2.2745605,0.20268084,7.9233294,1.1751357,3.99414,339.73828
2025-10-13 19:00:00,0.6164992,-1.4043995,2.2959273,0.14825188,8.197746,1.1048712,4.219932,336.29962
2025-10-13 20:00:00,0.69825083,-1.3432584,2.303532,0.025226433,8.7214365,1.1183057,4.5714846,332.53375
2025-10-13 21:00:00,0.7719578,-1.2744892,2.307746,0.046422612,9.0094,1.043908,4.828077,328.79672
2025-10-13 22:00:00,0.87707394,-1.0656252,2.2678576,0.14760976,8.621336,0.8494348,4.8263636,320.54355
2025-10-13 23:00:00,0.945268,-0.98823917,2.295139,0.108719125,8.469205,0.8424069,4.926418,316.27316
2025-10-14 00:00:00,0.9973062,-0.98608273,2.3595543,0.12953678,8.266771,0.89941454,5.048993,314.67578
2025-10-14 01:00:00,1.0734801,-0.98614585,2.3859413,0.056949057,8.890099,0.88272464,5.2738724,312.57193
2025-10-14 02:00:00,1.139754,-1.0362698,2.4585361,0.120386526,9.514523,0.93401825,5.2662234,312.27725
2025-10-14 03:00:00,1.1654906,-1.1132061,2.5420508,0.110715434,9.510549,1.000772,5.30579,313.68558
2025-10-14 04:00:00,1.1638254,-1.1323469,2.5794346,0.114512876,9.692769,0.98669475,5.2894306,314.21457
2025-10-14 05:00:00,1.2077405,-1.1875074,2.6339006,0.05243205,9.756801,0.8976233,5.3500304,314.51602
2025-10-14 06:00:00,1.1802789,-1.2216306,2.6523683,0.10383275,9.769044,0.91690105,5.189295,315.98633
2025-10-14 07:00:00,1.1301389,-1.3247623,2.7409723,0.0188341,9.670414,0.83784956,5.032433,319.5329
2025-10-14 08:00:00,1.1295265,-1.4937084,2.8071072,0.034892537,9.440485,0.6860532,4.8370953,322.9038
2025-10-14 09:00:00,1.1200731,-1.8214676,2.9965417,0.081177466,9.355751,0.766987,4.7268953,328.41144
2025-10-14 10:00:00,0.9359993,-1.9279904,3.0698125,0.054911397,9.125754,1.073225,4.6195126,334.10437
2025-10-14 11:00:00,0.99620634,-2.04869,3.1380384,0.16087127,9.234298,1.3621746,4.5229917,334.06796
2025-10-14 12:00:00,1.0625706,-2.0957134,3.137022,0.16888508,9.4309,1.61283,4.5377736,333.11404
2025-10-14 13:00:00,1.0768449,-2.1304412,3.0662863,0.48198968,9.804606,1.7235858,4.311157,333.1854
2025-10-14 14:00:00,1.0085503,-2.1516736,2.9683702,0.6559444,9.338139,1.8592079,3.9145582,334.88617
2025-10-14 15:00:00,0.9424352,-2.0868416,2.7896848,0.48648062,8.815316,1.8548841,3.6459837,335.69565
2025-10-14 16:00:00,0.83596593,-1.8513873,2.4477074,0.33657268,8.382691,1.3605006,3.3700066,335.69916
2025-10-14 17:00:00,0.7931585,-1.7421821,2.3094401,0.60319287,8.34297,1.3600066,3.2354825,335.5218
2025-10-14 18:00:00,0.7166063,-1.6862471,2.2349231,0.35590607,8.299796,1.3283203,3.1043992,336.9759
2025-10-14 19:00:00,0.6818163,-1.6594074,2.1876018,0.3271846,8.395267,1.3096777,3.0919383,337.66324
2025-10-14 20:00:00,0.6213523,-1.5826148,2.092068,0.11633923,8.382339,1.168203,3.048199,338.56445
2025-10-14 21:00:00,0.5610644,-1.5189865,2.0194576,0.18651575,8.157246,1.1706194,2.985579,339.7274
2025-10-14 22:00:00,0.49903044,-1.3145298,1.864914,0.06944571,7.854557,1.1117837,2.7759104,339.2119
2025-10-14 23:00:00,0.55074126,-1.2676804,1.8278424,0.120757625,7.793006,1.0724984,2.8293529,336.51755
2025-10-15 00:00:00,0.6802888,-1.2496915,1.8581795,0.18227357,7.719565,1.082466,2.9041288,331.43765
2025-10-15 01:00:00,0.7392817,-1.2547274,1.8846188,0.06938085,7.7235,1.0928799,2.8769245,329.49353
2025-10-15 02:00:00,0.78506345,-1.2277362,1.8791933,0.03828413,7.6217365,1.0023444,2.8538935,327.40353
2025-10-15 03:00:00,0.81810987,-1.2441344,1.91469,0.2016205,8.033973,1.0125823,2.9311926,326.67212
2025-10-15 04:00:00,0.82976633,-1.1697334,1.8967065,0.054513138,8.135593,0.9902043,2.9572673,324.6495
2025-10-15 05:00:00,0.87979335,-1.1540898,1.9529701,0.11485412,7.9548736,1.0593466,3.1722481,322.68076
2025-10-15 06:00:00,0.8937118,-1.0875804,1.9793922,0.18737924,8.0911455,1.0138936,3.2734413,320.58856
2025-10-15 07:00:00,0.88887274,-1.2160183,2.214541,0.11695857,8.164625,1.0901811,3.603665,323.83432
2025-10-15 08:00:00,0.8214998,-1.3213398,2.4026692,0.109767795,8.236391,1.0473998,4.0502596,328.13007
2025-10-15 09:00:00,0.7296336,-1.4451641,2.657838,0.08399502,8.594636,1.1912549,4.668006,333.21173
2025-10-15 10:00:00,0.63563,-1.1579322,2.5923126,0.04298974,8.088514,1.0674484,5.069039,331.23605
2025-10-15 11:00:00,0.7934847,-1.2242353,2.7760549,0.33932164,8.764644,1.1749482,5.3527756,327.0508
2025-10-15 12:00:00,0.9198827,-1.2847319,2.9256063,0.041747406,8.987752,1.2711385,5.671177,324.3969
2025-10-15 13:00:00,1.0207206,-1.3810368,3.0096002,0.2960086,9.404065,1.453852,5.775384,323.53198
2025-10-15 14:00:00,1.0579442,-1.4157983,2.982104,0.093801074,9.873962,1.559687,5.8545966,323.23135
2025-10-15 15:00:00,1.1179752,-1.3370308,2.8598568,0.25713882,10.108001,1.2462345,5.874666,320.09888
2025-10-15 16:00:00,1.1427217,-1.1563877,2.6701958,0.41505963,10.249357,1.0863394,5.78246,315.34058
2025-10-15 17:00:00,1.2120728,-1.0592239,2.693064,0.2149049,10.210163,1.1168759,6.0409813,311.15002
2025-10-15 18:00:00,1.2721273,-0.94672906,2.7421017,0.08944036,10.76445,1.0861889,6.3485823,306.65698
2025-10-15 19:00:00,1.3769226,-0.85044944,2.7744553,0.030232651,11.019912,1.0196775,6.63876,301.70135
2025-10-15 20:00:00,1.4394432,-0.75593734,2.7829366,0.07100956,10.950532,1.0104417,6.86375,297.70663
2025-10-15 21:00:00,1.5205309,-0.72217125,2.8195732,0.1029243,10.735099,0.9202891,7.0690365,295.40524
2025-10-15 22:00:00,1.6178044,-0.78414506,2.908291,0.013629644,10.970345,0.9276149,7.22017,295.85934
2025-10-15 23:00:00,1.6650981,-0.7504825,2.945307,0.07445627,10.969503,0.93743885,7.304674,294.26175
2025-10-16 00:00:00,1.7115895,-0.7580076,2.9424767,0.07299,11.42647,0.87027127,7.4062605,293.887
2025-10-16 01:00:00,1.7485207,-0.8039757,2.9496315,0.09619756,11.526074,0.8682552,7.407834,294.6931
2025-10-16 02:00:00,1.7626318,-0.85397214,2.9455042,0.0599684,11.197015,0.85730827,7.2676487,295.84958
2025-10-16 03:00:00,1.7611691,-0.92572474,2.9668763,0.113239475,11.579976,0.88617337,7.1501465,297.72778
2025-10-16 04:00:00,1.7618454,-0.9659304,2.9810064,0.16825454,11.62835,0.87149096,7.0040755,298.73373
2025-10-16 05:00:00,1.7778151,-0.9634973,2.9564655,0.04441704,11.598535,0.7564812,6.8183594,298.45575
2025-10-16 06:00:00,1.8262272,-0.9797223,2.9886084,0.08284641,11.587451,0.7359166,6.7920756,298.21237
2025-10-16 07:00:00,1.911855,-1.0615622,3.0983589,0.063331455,11.549192,0.69374216,6.7272253,299.04132
2025-10-16 08:00:00,2.0410185,-1.2573056,3.2641966,0.06814514,11.304747,0.6531062,7.004477,301.63385
2025-10-16 09:00:00,2.1387978,-1.6463215,3.527178,0.051283665,10.822424,0.7967321,7.1879487,307.58698
2025-10-16 10:00:00,1.9485193,-1.5478272,3.3323407,0.15802279,10.525535,0.9436872,6.6279764,308.46225
2025-10-16 11:00:00,2.0293236,-1.5664859,3.4274673,0.13954195,10.438182,1.146646,6.605128,307.66547
2025-10-16 12:00:00,2.1764047,-1.7642963,3.6549377,0.08048517,9.89423,1.2573713,6.836961,309.02985
2025-10-16 13:00:00,2.168058,-1.8266486,3.659411,0.08822038,10.069728,1.3708155,6.962248,310.11505
2025-10-16 14:00:00,2.06224,-1.7794173,3.5414248,0.18170603,10.45693,1.5188191,6.836397,310.7895
2025-10-16 15:00:00,2.0156515,-1.7143868,3.414345,0.18400407,10.890639,1.5168891,6.8060727,310.3824
2025-10-16 16:00:00,1.9873295,-1.5875957,3.1816475,0.37504813,11.420344,1.2179492,6.809583,308.6199
2025-10-16 17:00:00,1.9944289,-1.5380117,3.134211,0.18067652,11.402411,1.2337148,7.04949,307.63776
2025-10-16 18:00:00,2.0051801,-1.559609,3.146752,0.37388697,11.418349,1.2212051,7.2717514,307.87543
2025-10-16 19:00:00,1.9936515,-1.560165,3.1418223,0.22794506,11.185984,1.1411245,7.371284,308.04553
2025-10-16 20:00:00,1.9911321,-1.5013247,3.1057112,0.07461622,10.705811,1.1644347,7.32828,307.01648
2025-10-16 21:00:00,2.0084114,-1.4447033,3.090959,0.091203205,10.139615,1.1362044,7.345328,305.72845
2025-10-16 22:00:00,1.9660822,-1.3507068,2.9930563,0.14216149,9.598351,0.97158766,7.148525,304.48923
2025-10-16 23:00:00,1.9552641,-1.3289218,2.984877,0.1955213,9.537271,1.0081083,7.151904,304.2025
2025-10-17 00:00:00,1.9753443,-1.3445005,2.999969,0.13250323,9.703692,0.9745268,7.320822,304.2408
2025-10-17 01:00:00,2.0030015,-1.3746033,3.0390997,0.11469221,10.234193,0.95244515,7.5411406,304.4607
2025-10-17 02:00:00,2.0172355,-1.4180018,3.0661755,0.09751951,10.4062805,0.90137225,7.57331,305.10504
2025-10-17 03:00:00,2.0591555,-1.4363536,3.0782607,0.033704355,10.630282,0.888465,7.5124555,304.8975
2025-10-17 04:00:00,2.0460882,-1.4923508,3.0783515,0.09881477,10.841724,0.88635534,7.534942,306.1058
2025-10-17 05:00:00,2.05368,-1.4937967,3.0693195,0.047921404,10.946168,0.93750197,7.4914775,306.03122
2025-10-17 06:00:00,2.0184891,-1.530511,3.0776649,0.01936915,10.776125,0.93210983,7.3273993,307.17108
2025-10-17 07:00:00,2.0612974,-1.6714028,3.2348344,0.026558293,10.735182,0.8765722,7.1661806,309.03687
2025-10-17 08:00:00,2.0737543,-1.9264716,3.4455755,0.038345344,10.108346,0.7805709,6.929607,312.8914
2025-10-17 09:00:00,2.1273808,-2.1340644,3.6429484,0.21799576,10.339118,0.9434851,6.9809756,315.08984
2025-10-17 10:00:00,1.9548781,-2.0561552,3.5940926,0.094235495,10.307376,1.146736,6.749229,316.44638
2025-10-17 11:00:00,2.1063452,-2.0714445,3.7492805,0.10675608,10.277406,1.3397535,6.9274917,314.52136
2025-10-17 12:00:00,2.2998405,-2.1089106,3.8744106,0.09363851,10.46286,1.4603249,7.1968107,312.52023
2025-10-17 13:00:00,2.5091789,-2.2823536,4.0703783,0.10179104,11.082631,1.7044833,7.358652,312.2897
2025-10-17 14:00:00,2.445684,-2.3214943,4.0028605,0.13488911,11.108707,1.7927058,7.453779,313.50772
2025-10-17 15:00:00,2.2945387,-2.2466488,3.7893896,0.24002092,11.296206,1.7251226,7.644784,314.3958
2025-10-17 16:00:00,2.0985978,-2.1051078,3.4736686,0.3141756,11.468493,1.2684321,7.942003,315.0887
2025-10-17 17:00:00,1.8960043,-2.1700947,3.409914,0.66523534,11.122681,1.3621253,7.8841147,318.85638
2025-10-17 18:00:00,1.6639944,-2.2554271,3.427427,0.70239127,10.96351,1.3656464,8.20948,323.5811
2025-10-17 19:00:00,1.4235452,-2.32056,3.4371986,0.14556234,10.583525,1.394752,7.9920616,328.473
2025-10-17 20:00:00,1.1943178,-2.3401196,3.4173403,0.1179737,11.383802,1.3724549,7.5779867,332.96176
2025-10-17 21:00:00,0.9835564,-2.3130832,3.3405287,0.18249421,11.584309,1.3819772,6.930302,336.9641
2025-10-17 22:00:00,0.5819401,-2.1624117,3.024653,0.12345239,11.598472,1.3751878,6.108442,344.93762
2025-10-17 23:00:00,0.5847403,-2.147912,3.0055246,0.094147764,11.875399,1.3874431,5.712567,344.77106
2025-10-18 00:00:00,0.4872424,-2.1506958,2.9547224,0.07676667,11.5196495,1.3593022,5.513811,347.23505
2025-10-18 01:00:00,0.46430928,-2.1640167,2.9090586,0.085118435,11.177663,1.387602,5.1532087,347.89026
2025-10-18 02:00:00,0.39027694,-2.1514368,2.8691916,0.070995316,12.045769,1.394318,4.866452,349.71817
2025-10-18 03:00:00,0.2891718,-2.1358285,2.833983,0.13185555,12.441177,1.447655,4.565866,352.28955
2025-10-18 04:00:00,0.11835995,-2.088101,2.7955053,0.18079783,12.4596,1.427043,4.5081697,356.75577
2025-10-18 05:00:00,-0.041653607,-2.016242,2.755271,0.052805044,12.290312,1.4433243,4.4403877,1.1835022
2025-10-18 06:00:00,-0.19686808,-1.8868841,2.676007,0.11504647,11.748931,1.4367048,4.3111672,5.9563904
2025-10-18 07:00:00,-0.38521224,-1.8677814,2.7766545,0.11519834,11.10844,1.4411048,4.325961,11.65332
2025-10-18 08:00:00,-0.633535,-1.8543277,2.8557785,0.107341684,10.405303,1.2527692,4.5940156,18.862823
2025-10-18 09:00:00,-0.87017864,-1.785065,2.964207,0.18439128,10.047728,1.3855784,4.5577273,25.98816
2025-10-18 10:00:00,-0.88451076,-1.2348926,2.689858,0.18117295,9.903632,1.3404936,4.1750956,35.6127
2025-10-18 11:00:00,-0.889088,-1.1394752,2.6889138,0.051964242,9.520865,1.3065122,4.130294,37.9635
2025-10-18 12:00:00,-0.8677809,-1.024876,2.632629,0.12187592,8.425225,1.2899147,4.055859,40.255188
2025-10-18 13:00:00,-0.8541804,-0.97236097,2.574424,0.11636513,7.8908243,1.3704674,3.9196892,41.298035
2025-10-18 14:00:00,-0.95112115,-0.91849124,2.550853,0.027594144,7.6215453,1.3909723,3.806919,45.999878
2025-10-18 15:00:00,-1.0645583,-0.7964692,2.4833305,0.1360967,7.0867434,1.2886642,3.5304399,53.197296
2025-10-18 16:00:00,-1.0457195,-0.6758444,2.247858,0.27165714,6.588826,1.2309481,3.295077,57.12558
2025-10-18 17:00:00,-1.3019236,-0.53039837,2.4309,0.094943464,6.4723606,1.35267,3.5516229,67.83423
2025-10-18 18:00:00,-1.6024294,-0.21107525,2.6148381,0.06468547,7.3073087,1.4170789,3.917104,82.49609
2025-10-18 19:00:00,-1.7862537,0.17615075,2.734262,0.12096289,8.00581,1.4180678,4.0955834,95.632
2025-10-18 20:00:00,-1.9224029,0.56133497,2.826371,0.30556664,8.417094,1.4578875,4.0864015,106.27763
2025-10-18 21:00:00,-1.9875332,0.93350506,2.875384,0.11471981,8.643597,1.4820333,4.076364,115.15852
2025-10-18 22:00:00,-1.9526944,1.3179095,2.9419038,0.017168526,9.203203,1.3704205,4.302512,124.01614
2025-10-18 23:00:00,-1.8460697,1.5885067,2.945977,0.12610824,8.895132,1.4170774,4.240468,130.71136
2025-10-19 00:00:00,-1.7873074,1.7160633,2.960606,0.10598466,8.800173,1.4780695,4.2793317,133.835
2025-10-19 01:00:00,-1.7316734,1.8072386,2.9665356,0.03607919,9.06508,1.5301456,4.359518,136.22324
2025-10-19 02:00:00,-1.7288822,1.8855224,2.981653,0.2114954,9.280091,1.4868209,4.4234266,137.48152
2025-10-19 03:00:00,-1.7616771,1.9388267,2.987005,0.15593894,9.543933,1.4913794,4.5233383,137.74075
2025-10-19 04:00:00,-1.828012,2.029136,3.0588648,0.14983764,9.840253,1.4908887,4.682516,137.98488
2025-10-19 05:00:00,-1.87742,2.11131,3.1377885,0.010076579,10.071965,1.47639,4.7954445,138.35585
2025-10-19 06:00:00,-1.972368,2.2390301,3.2827566,0.06213583,10.221379,1.5358037,5.0896063,138.6231
2025-10-19 07:00:00,-2.1331956,2.448172,3.5321255,0.21090412,10.2343025,1.6511991,5.448128,138.933
2025-10-19 08:00:00,-2.1606648,2.595007,3.613675,0.16679017,10.437351,1.6944333,5.5597286,140.21843
2025-10-19 09:00:00,-2.1844416,2.9313607,3.8517065,0.2934818,10.551007,1.5590546,5.992875,143.30664
2025-10-19 10:00:00,-1.8642442,2.9585073,3.6749687,0.2337403,10.102272,1.5807532,5.7231517,147.78375
2025-10-19 11:00:00,-2.0314083,3.0957098,3.869546,0.1646752,10.203886,1.7098514,5.7972946,146.72708
2025-10-19 12:00:00,-2.1676855,3.1557794,4.0237503,0.10626645,10.564203,1.7775182,6.215298,145.51508
2025-10-19 13:00:00,-2.2986104,3.148724,4.129492,0.068445764,10.935839,1.7619438,6.6682844,143.87006
2025-10-19 14:00:00,-2.473187,3.065181,4.1847796,0.01763178,11.024491,1.7939721,6.940651,141.10117
2025-10-19 15:00:00,-2.4942434,2.771312,3.9419308,0.22336316,11.280696,1.5814528,7.2579036,138.01208
2025-10-19 16:00:00,-2.5796945,2.8040862,4.023154,0.57354397,11.67656,1.6598527,7.8867292,137.38667
2025-10-19 17:00:00,-2.5910072,3.0600731,4.198141,0.21635088,11.952361,1.8335774,8.237349,139.74493
2025-10-19 18:00:00,-2.4396555,3.330007,4.296761,0.7161048,11.842675,1.8586805,8.370784,143.77246
2025-10-19 19:00:00,-2.2718647,3.4608126,4.3005037,0.4956865,11.836158,1.8298097,8.275876,146.71695
2025-10-19 20:00:00,-2.120727,3.525225,4.269244,0.2761304,11.868808,1.8087553,8.252158,148.96947
2025-10-19 21:00:00,-2.0113187,3.5045347,4.2038603,0.15980461,11.412042,1.8114934,8.289927,150.14767
2025-10-19 22:00:00,-1.9862956,3.32096,4.044241,0.36595872,11.476599,1.7669743,8.186688,149.11598
2025-10-19 23:00:00,-2.0017593,3.3510156,4.075257,0.4057854,11.245186,1.7674499,8.256424,149.14764
2025-10-20 00:00:00,-2.0364356,3.3871448,4.120846,0.31751052,11.150742,1.7753935,8.4814825,148.98468
2025-10-20 01:00:00,-2.0921,3.4538784,4.2028637,0.21955778,11.42403,1.7451615,8.595797,148.79568
2025-10-20 02:00:00,-2.1241298,3.5127168,4.278158,0.08521297,11.53872,1.8034751,8.650612,148.83878
2025-10-20 03:00:00,-2.1493983,3.589795,4.37698,0.21771446,11.7328,1.8401562,8.71097,149.08884
2025-10-20 04:00:00,-2.2020059,3.653765,4.4705176,0.19061284,12.051205,1.8906109,8.819536,148.92401
2025-10-20 05:00:00,-2.2132845,3.7285292,4.5463195,0.20265326,12.556997,1.9340621,8.923948,149.3063
2025-10-20 06:00:00,-2.2039127,3.8130522,4.6181283,0.13166334,12.825377,1.9713801,8.976393,149.97244
2025-10-20 07:00:00,-2.2478242,3.9613671,4.773413,0.22985148,13.365416,2.1555207,9.038085,150.42786
2025-10-20 08:00:00,-2.1526358,4.0309024,4.7827835,0.28400153,12.806088,2.001975,9.132859,151.8963
2025-10-20 09:00:00,-1.9987929,4.10233,4.790544,0.07465133,12.181948,1.9630822,9.050442,154.0231
2025-10-20 10:00:00,-1.7903315,3.75809,4.478028,0.28803104,12.603433,1.9151899,8.331806,154.52716
2025-10-20 11:00:00,-1.8026073,3.8739347,4.5907784,0.12443484,11.994005,2.0371675,8.289054,155.04666
2025-10-20 12:00:00,-1.7951541,3.9044652,4.6541758,0.1490238,11.228505,2.0695543,8.110599,155.30847
2025-10-20 13:00:00,-1.7349412,3.863921,4.6330304,0.26073426,11.069065,2.096358,8.036924,155.81943
2025-10-20 14:00:00,-1.7472373,3.8263772,4.5911746,0.12627394,10.977214,2.0468657,8.028809,155.45715
2025-10-20 15:00:00,-1.6812801,3.7956085,4.5316358,0.030540857,11.176918,1.7465717,8.0864725,156.10886
2025-10-20 16:00:00,-1.7277399,3.8542182,4.5776997,0.15445334,11.567875,1.8047004,8.078044,155.85463
2025-10-20 17:00:00,-1.7828708,4.0002894,4.660583,0.36277232,11.739256,1.8852335,8.332705,155.97816
2025-10-20 18:00:00,-1.7288753,4.2133665,4.7825093,0.36332995,11.818227,1.9134696,8.523742,157.69014
2025-10-20 19:00:00,-1.5956326,4.3499365,4.842894,0.37379125,11.649524,1.9474107,8.388278,159.85608
2025-10-20 20:00:00,-1.4394457,4.4307966,4.8805223,0.311863,11.303386,1.9325815,8.284349,162.00244
2025-10-20 21:00:00,-1.234302,4.4903693,4.9011245,0.3276904,11.122487,1.8599159,8.185215,164.63028
2025-10-20 22:00:00,-1.0791428,4.286489,4.692308,0.39907807,10.978334,1.8676021,7.7233295,165.86919
2025-10-20 23:00:00,-0.9735998,4.3995614,4.8217697,0.88373095,11.0448,1.9858524,7.525396,167.52185
2025-10-21 00:00:00,-0.83443594,4.494063,4.933345,0.58346605,10.984958,2.0293283,7.7156916,169.48138
2025-10-21 01:00:00,-0.7040063,4.586668,5.025598,0.5565546,11.0277605,2.004793,7.924545,171.2738
2025-10-21 02:00:00,-0.57138515,4.6958585,5.126809,0.68450767,11.23068,1.9969058,8.19959,173.06244
2025-10-21 03:00:00,-0.39389327,4.763118,5.206353,0.43914053,11.229096,2.0814242,8.310691,175.27261
2025-10-21 04:00:00,-0.19439986,4.7764626,5.2551026,0.24327213,11.417221,2.0733752,8.489876,177.66937
2025-10-21 05:00:00,0.02316614,4.8069854,5.3272085,0.30682066,11.419073,2.104923,8.3857155,180.27612
2025-10-21 06:00:00,0.22879729,4.795317,5.3640366,0.3004892,11.662417,2.1525173,8.591927,182.73166
2025-10-21 07:00:00,0.44081116,4.8545933,5.453607,0.30931008,11.84388,2.2500153,8.735827,185.1884
2025-10-21 08:00:00,0.8025113,4.8306556,5.500472,0.38770717,11.917784,2.1429212,8.666449,189.43234
2025-10-21 09:00:00,1.140566,4.7025633,5.4470263,0.3684314,11.59078,2.0751095,8.719235,193.63333
2025-10-21 10:00:00,1.1723105,4.1703954,4.900464,0.63185024,11.630769,1.9790776,8.12736,195.70084
2025-10-21 11:00:00,1.6205828,4.437669,5.2632675,0.1047323,11.989659,2.1565862,8.358136,200.06158
2025-10-21 12:00:00,2.044041,4.442684,5.4019575,0.14440453,11.665322,2.127384,8.3938265,204.70676
2025-10-21 13:00:00,2.3055923,4.315812,5.376799,0.0918441,11.394741,2.1990728,8.695558,208.11203
2025-10-21 14:00:00,2.268732,4.139159,5.186759,0.14136079,11.886743,2.238991,9.054113,208.72778
2025-10-21 15:00:00,2.2096772,3.89603,4.8951244,0.030336453,11.771327,1.7797304,9.295269,209.56024
2025-10-21 16:00:00,1.9172903,3.6676292,4.5027423,0.21180066,11.614019,1.6952055,8.884234,207.59879
2025-10-21 17:00:00,1.6765244,3.6574419,4.3256483,0.15661609,11.082312,1.6954983,8.550654,204.62613
2025-10-21 18:00:00,1.5283059,3.7177987,4.2477055,0.13173895,11.354624,1.717785,8.343398,202.3465
2025-10-21 19:00:00,1.4358425,3.7944999,4.2331347,0.16887812,11.194504,1.7931138,8.228644,200.72668
2025-10-21 20:00:00,1.3575131,3.821874,4.2173295,0.42952,11.183875,1.7872074,8.028416,199.55481
2025-10-21 21:00:00,1.2676846,3.8431103,4.20844,0.5486401,11.61089,1.8167177,7.953394,198.25562
2025-10-21 22:00:00,1.2343953,3.637629,4.0286655,0.6042545,11.600461,1.8780116,7.725266,198.74417
2025-10-21 23:00:00,1.138853,3.6164284,3.985413,0.4017363,11.745872,1.8747357,7.462513,197.4798
2025-10-22 00:00:00,1.0630275,3.5825336,3.9390738,0.39979059,11.295057,1.8679578,7.299859,196.52695
2025-10-22 01:00:00,0.97723347,3.4818702,3.835295,0.42007643,11.098185,1.8772248,7.0364027,195.67749
2025-10-22 02:00:00,0.9279018,3.390456,3.7631338,0.34125462,10.688022,1.7743309,6.7892337,195.30594
2025-10-22 03:00:00,0.9583567,3.3051827,3.7152963,0.27446648,10.7093315,1.7675924,6.8400326,196.16983
2025-10-22 04:00:00,0.96278054,3.1889462,3.6383033,0.070941545,11.1490345,1.6952366,6.814005,196.79968
2025-10-22 05:00:00,1.0348296,3.088201,3.5927966,0.34827656,10.881055,1.6772571,6.81821,198.52557
2025-10-22 06:00:00,1.1117026,3.0029573,3.5818458,0.6456081,10.883131,1.718603,6.8653846,200.31468
2025-10-22 07:00:00,1.3405259,3.0383656,3.7246482,0.85218495,10.9194565,1.9313687,6.933675,203.80707
2025-10-22 08:00:00,1.706773,2.9975343,3.8682804,0.4395981,10.840167,1.9713826,7.010217,209.65686
2025-10-22 09:00:00,2.2547772,2.946129,4.0948486,0.21749774,10.75186,1.9626459,6.993051,217.42812
2025-10-22 10:00:00,2.1489444,2.5102456,3.616003,0.54074144,10.450494,1.6686463,6.253505,220.56583
2025-10-22 11:00:00,2.3333158,2.4706092,3.673989,0.23363392,9.980985,1.7625479,6.3556294,223.36298
2025-10-22 12:00:00,2.3599746,2.4356651,3.651982,0.8200843,9.272152,1.91859,6.193154,224.09576
2025-10-22 13:00:00,2.320534,2.3292508,3.5440514,0.35317737,8.554685,1.8319046,5.903543,224.8926
2025-10-22 14:00:00,2.0704894,2.2304406,3.2953813,0.15665598,8.258074,1.6487243,5.5775175,222.87016
2025-10-22 15:00:00,1.5938168,2.0448964,2.8696542,0.042449336,7.8275084,1.3274457,5.276616,217.93329
2025-10-22 16:00:00,1.0941653,1.9979438,2.568472,0.14348055,7.07333,1.3662748,5.036664,208.70712
2025-10-22 17:00:00,0.80499226,2.1155012,2.5594852,0.23576546,6.4920306,1.4239705,4.7597127,200.83286
2025-10-22 18:00:00,0.64242923,2.204119,2.578276,0.39883232,6.1304727,1.4435432,4.7473187,196.2497
2025-10-22 19:00:00,0.5606384,2.285653,2.649116,0.38097605,6.2237353,1.533235,4.7041163,193.78175
2025-10-22 20:00:00,0.38582507,2.3263555,2.6730895,0.592607,6.270687,1.5651441,4.4602447,189.41678
2025-10-22 21:00:00,0.15470392,2.4284482,2.7513452,0.2637805,6.2164283,1.6580455,4.3342853,183.6451
2025-10-22 22:00:00,-0.1368837,2.5625114,2.9151006,0.41322866,7.16415,1.7442034,4.3018494,176.94229
2025-10-22 23:00:00,-0.503239,2.6726267,3.0795944,0.8390911,7.9431443,1.7520846,4.602065,169.33643
2025-10-23 00:00:00,-0.92180157,2.8809023,3.4444194,0.86762416,7.9235764,2.005177,5.526769,162.2569
2025-10-23 01:00:00,-1.2761457,3.102193,3.8925662,0.9825147,9.148836,2.2458315,6.4071765,157.63925
2025-10-23 02:00:00,-1.6025292,3.3815088,4.40436,0.78729886,10.896266,2.5582798,7.2482157,154.64328
2025-10-23 03:00:00,-1.8703218,3.6450782,4.840799,0.9358157,11.578726,2.6497297,7.784386,152.83725
2025-10-23 04:00:00,-2.1037824,3.901309,5.269531,1.2135085,12.727062,2.7061074,8.088394,151.66422
2025-10-23 05:00:00,-2.1374626,4.085582,5.673277,0.7743471,14.827869,2.685734,8.79944,152.38269
2025-10-23 06:00:00,-2.0099578,4.1808496,5.939479,1.3410816,15.008267,2.7906132,8.5247555,154.32391
2025-10-23 07:00:00,-1.7511597,4.3849993,6.175716,1.2794508,14.634908,3.0289886,8.764395,158.23059
2025-10-23 08:00:00,-1.3175391,4.5370502,6.224265,1.5797836,15.315676,3.0269828,8.877141,163.80695
2025-10-23 09:00:00,-0.73518,4.757099,6.274108,0.99701697,14.710051,2.9777813,9.058225,171.21481
2025-10-23 10:00:00,-0.23926894,4.1073747,5.5305667,0.12972358,14.975945,2.4617634,8.649536,176.66609
2025-10-23 11:00:00,0.30694622,4.6005588,5.9709992,0.19234021,12.697676,2.9217343,9.148238,183.81708
2025-10-23 12:00:00,1.0571887,4.970311,6.4704123,0.19398628,12.040655,3.522418,9.644691,192.0079
2025-10-23 13:00:00,1.6785035,5.1517687,6.708359,0.2362573,12.583338,3.7639759,10.108166,198.04619
2025-10-23 14:00:00,2.0817068,5.2511067,6.746574,0.25689998,12.419218,3.9058628,10.024627,201.62497
2025-10-23 15:00:00,2.364486,5.1574035,6.6078153,0.5104315,11.366237,3.6981587,9.870523,204.62978
2025-10-23 16:00:00,2.5997415,4.9443536,6.456169,0.4196494,11.896445,3.4826667,9.641373,207.7354
2025-10-23 17:00:00,2.7261815,4.716196,6.3894267,0.4252382,11.960895,3.677431,9.298568,210.02992
2025-10-23 18:00:00,2.9676476,4.573095,6.5448565,0.5456762,11.590425,4.0436573,9.095728,212.98102
2025-10-23 19:00:00,3.3290582,4.4045243,6.671734,0.2158385,11.095445,4.3908243,8.875263,217.08298
2025-10-23 20:00:00,3.6909204,4.259977,6.7415047,0.10877955,11.316684,4.759529,8.989602,220.90625
2025-10-23 21:00:00,4.0807967,4.1281676,6.814996,0.1265656,12.858328,5.0131903,9.006055,224.66937
2025-10-23 22:00:00,3.949135,3.7304044,6.216478,0.27111697,17.581385,4.088291,8.329695,226.63147
2025-10-23 23:00:00,4.2722487,3.8719077,6.479077,0.5076795,17.134499,4.59994,8.449207,227.81421
2025-10-24 00:00:00,4.693669,3.944336,6.8072753,0.26133534,17.073671,4.798958,8.694721,229.9579
2025-10-24 01:00:00,5.166522,3.8341687,7.047186,0.3473952,17.550945,4.9967213,8.930188,233.42023
2025-10-24 02:00:00,5.598671,3.6455643,7.222281,0.6570582,17.726696,5.194552,9.1367855,236.92992
2025-10-24 03:00:00,5.9685946,3.512888,7.376076,0.6661352,17.871386,5.2962556,9.358237,239.52055
2025-10-24 04:00:00,6.2728896,3.4178398,7.510513,0.8667255,18.248692,5.313856,9.713667,241.41585
2025-10-24 05:00:00,6.440207,3.3361416,7.5579247,0.84904027,18.74031,5.3913574,9.979091,242.61505
2025-10-24 06:00:00,6.490026,3.3296707,7.5339646,0.77217686,19.03349,5.461596,10.2226925,242.84016
2025-10-24 07:00:00,6.549125,3.3584805,7.5526633,0.6668596,19.255758,5.4381027,10.499845,242.85063
2025-10-24 08:00:00,6.7420774,3.4026206,7.7294717,0.6345716,19.560568,5.3564754,10.835522,243.22064
2025-10-24 09:00:00,7.1640906,3.4227228,8.150675,0.8260565,19.743208,5.5508847,11.1391535,244.46335
2025-10-24 10:00:00,6.3759875,3.1169899,7.2788835,0.5471816,18.954775,4.9248385,11.25247,243.94766
2025-10-24 11:00:00,6.765284,3.5405014,7.8523173,1.2089084,18.840065,5.1680307,11.766156,242.37543
2025-10-24 12:00:00,7.055491,3.6709776,8.180277,1.8680488,18.374777,5.3407717,12.338033,242.51201
2025-10-24 13:00:00,7.070613,3.6932244,8.201907,1.5918777,18.57332,5.5960584,12.645008,242.42038
2025-10-24 14:00:00,6.8268666,3.738349,7.9948616,1.2734962,18.3654,5.676352,12.801641,241.29517
2025-10-24 15:00:00,6.2711906,3.7731678,7.5034714,1.1841974,18.472178,5.0004134,12.629614,238.96606
2025-10-24 16:00:00,5.734764,3.869819,7.066901,0.45132923,18.19748,4.162269,12.009993,235.98853
2025-10-24 17:00:00,5.290044,4.043851,6.7663584,0.13484244,17.935627,3.641854,11.959626,232.60474
2025-10-24 18:00:00,4.995131,4.252205,6.652785,0.35195008,18.340263,3.3287282,12.066781,229.59325
2025-10-24 19:00:00,4.7696013,4.405712,6.5784554,0.23768549,18.163374,3.1970868,11.917417,227.27113
2025-10-24 20:00:00,4.5949807,4.4566727,6.4875154,0.37906256,17.34683,3.013935,11.786809,225.8754
2025-10-24 21:00:00,4.468973,4.5011315,6.428861,0.7012005,16.738844,2.914068,11.751191,224.79459
2025-10-24 22:00:00,3.9780607,4.5709705,6.1456895,0.912588,16.72192,2.8234801,11.586489,221.03265
2025-10-24 23:00:00,3.7699788,4.6360126,6.0575004,0.9966601,16.123865,2.833702,11.261845,219.11781
2025-10-25 00:00:00,3.6626384,4.7198653,6.056558,1.085812,16.02761,2.8603592,11.078497,217.81165
2025-10-25 01:00:00,3.5893583,4.7721,6.0610275,0.89849174,16.336538,2.9065633,10.925678,216.94884
2025-10-25 02:00:00,3.4931145,4.839908,6.0612297,0.8382339,16.267906,2.789228,10.727334,215.81918
2025-10-25 03:00:00,3.4398227,4.9311385,6.1234336,0.47227755,16.351744,2.749112,10.714777,214.89854
2025-10-25 04:00:00,3.4378352,4.986604,6.1957817,0.65935165,16.639114,2.796883,10.477782,214.58293
2025-10-25 05:00:00,3.4665122,4.990321,6.240834,0.66565675,16.690182,2.9190183,10.173456,214.78568
2025-10-25 06:00:00,3.5439532,5.0018387,6.324611,0.6409005,16.746521,3.042269,10.047932,215.31873
2025-10-25 07:00:00,3.6692827,5.0166426,6.4338293,0.5263582,16.058262,3.298762,9.950549,216.18256
2025-10-25 08:00:00,3.7030816,4.8888273,6.3673806,0.42485765,15.314899,3.3648334,9.823031,217.14241
2025-10-25 09:00:00,4.1094255,4.8849273,6.670313,0.95760024,15.194373,3.5254455,10.052905,220.07208
2025-10-25 10:00:00,3.6614256,4.149643,6.112395,1.4274158,15.744544,3.4978855,9.988308,221.42348
2025-10-25 11:00:00,4.141598,3.9948986,6.45599,0.9821059,15.590238,3.4662113,9.90366,226.03293
2025-10-25 12:00:00,4.69524,3.6846642,6.687558,0.14000937,16.031107,3.5785363,10.055246,231.87639
2025-10-25 13:00:00,5.0180798,3.181691,6.7347817,0.074417405,16.347977,3.946173,10.852333,237.62344
2025-10-25 14:00:00,5.2853255,2.7057157,6.769678,0.5144001,15.846977,3.8893337,10.771012,242.89075
2025-10-25 15:00:00,5.307009,2.3114922,6.598903,0.21867096,15.565128,3.9919062,10.480658,246.46425
2025-10-25 16:00:00,5.079091,2.1354866,6.2346377,0.3720367,15.540149,3.50306,10.063568,247.19585
2025-10-25 17:00:00,5.050521,2.0750213,6.0522933,0.42624468,15.714923,3.4687722,9.840194,247.66455
2025-10-25 18:00:00,5.086479,2.071549,5.948838,0.5534251,16.034481,3.4968467,10.0531225,247.84062
2025-10-25 19:00:00,5.1862407,2.0737965,5.918744,0.6713529,16.153917,3.3860452,10.119302,248.20526
2025-10-25 20:00:00,5.25157,2.1164923,5.8908806,0.23640369,16.371223,3.304124,10.316317,248.04955
2025-10-25 21:00:00,5.3535542,2.170559,5.9143257,0.35363486,16.804338,3.2087438,10.754,247.93027
2025-10-25 22:00:00,4.9123063,2.209798,5.495745,0.44262487,17.301,2.8311234,10.120526,245.77943
2025-10-25 23:00:00,4.971472,2.540425,5.696346,0.390664,17.744883,3.2047386,10.682151,242.93294
2025-10-26 00:00:00,5.0369205,2.80086,5.879222,0.40759844,17.50453,3.420072,11.348008,240.92305
2025-10-26 01:00:00,5.0595727,2.9986346,6.00323,0.21655735,17.537125,3.3668513,11.711166,239.34624
2025-10-26 02:00:00,5.065017,3.098951,6.1231084,0.29758635,17.268131,3.5261672,11.416974,238.54028
2025-10-26 03:00:00,5.040284,2.9911437,6.221183,0.34449828,17.119606,3.6061642,11.100067,239.3131
2025-10-26 04:00:00,4.977983,2.8526554,6.316823,0.38879365,15.990627,3.6238856,10.612408,240.18494
2025-10-26 05:00:00,5.0636907,2.7211592,6.5029674,0.30468196,17.52701,3.712368,10.650792,241.74701
2025-10-26 06:00:00,5.1660166,2.5650442,6.6549125,0.21661448,17.568357,3.8326693,10.7715025,243.59456
2025-10-26 07:00:00,5.3989477,2.4427745,6.91682,0.3601278,17.84685,4.086459,10.975323,245.65544
2025-10-26 08:00:00,5.635249,2.305729,7.126008,0.24547754,17.581612,4.4978666,11.484246,247.7475
2025-10-26 09:00:00,6.516937,2.2704089,7.9223995,0.11085092,17.944088,4.853463,11.595461,250.79239
2025-10-26 10:00:00,6.187156,2.0616314,7.51797,0.13106088,16.655062,4.4056454,10.783159,251.57133
2025-10-26 11:00:00,6.678238,2.0044625,7.958045,0.32407767,15.949233,5.29837,10.510686,253.29295
2025-10-26 12:00:00,7.0335555,1.813962,8.177326,0.83638257,16.661032,5.6496067,10.314633,255.53848
2025-10-26 13:00:00,7.1836367,1.5372925,8.182115,0.9854337,17.44746,5.4958916,10.390252,257.92093
2025-10-26 14:00:00,7.17072,1.3023723,8.013053,1.1328408,17.067936,5.2867937,10.431267,259.70593
2025-10-26 15:00:00,7.129848,1.0868629,7.762547,0.7814171,16.724792,4.6395326,9.907757,261.33264
2025-10-26 16:00:00,7.0033355,0.99158293,7.444316,0.61492795,16.282463,4.3600607,9.724382,261.94122
2025-10-26 17:00:00,7.036268,1.0084839,7.346499,0.40403926,15.969683,4.302387,9.905399,261.84354
2025-10-26 18:00:00,7.0528517,1.0963968,7.3127465,0.3676483,15.750121,4.4935927,10.074789,261.16385
2025-10-26 19:00:00,7.0467134,1.2884439,7.336035,0.2310743,15.690485,4.5614457,10.140358,259.6383
2025-10-26 20:00:00,6.9062405,1.5407381,7.2620163,0.109817326,15.729528,4.749039,10.568142,257.4236
2025-10-26 21:00:00,6.7290506,1.8910564,7.1915364,0.30858204,14.638433,4.893644,10.824767,254.30312
2025-10-26 22:00:00,6.14594,2.2680025,6.7459745,0.61458856,14.886002,4.0291,10.81809,249.7447
2025-10-26 23:00:00,5.965835,2.8144927,6.8053913,0.7557263,15.147167,4.6417885,10.482686,244.74355
2025-10-27 00:00:00,5.7825994,3.2005186,6.836145,0.89409655,15.3835335,4.8274255,9.58959,241.0366
2025-10-27 01:00:00,5.5237737,3.4382172,6.790829,0.67717147,15.609319,4.7681646,9.073054,238.10022
2025-10-27 02:00:00,5.295067,3.6108007,6.7584033,0.906071,15.201525,4.7861547,8.618966,235.70923
2025-10-27 03:00:00,5.21965,3.7354827,6.8304787,0.7738117,14.959995,4.738285,8.821389,234.41031
2025-10-27 04:00:00,5.116271,3.6777203,6.818438,0.35815468,14.391223,4.770502,8.631605,234.29034
2025-10-27 05:00:00,5.074158,3.5739045,6.819159,0.43119133,14.481026,4.868278,8.564005,234.84164
2025-10-27 06:00:00,5.0642433,3.3766508,6.7669935,0.2308644,13.887739,4.784622,8.508613,236.3061
2025-10-27 07:00:00,5.1434364,3.1366334,6.751624,0.861439,12.855599,4.6796117,8.636132,238.62381
2025-10-27 08:00:00,5.274243,2.8410904,6.765959,1.3553662,11.954331,4.4976745,8.695475,241.68987
2025-10-27 09:00:00,5.367186,2.4578528,6.6945105,1.5686132,11.475886,4.4296303,8.580681,245.39503
2025-10-27 10:00:00,5.3202934,1.5915931,6.3476453,1.2985522,12.496366,4.2694664,8.302789,253.34518
2025-10-27 11:00:00,5.6150823,1.2736017,6.5175686,1.2967006,13.141571,4.578036,8.608386,257.22052
2025-10-27 12:00:00,5.914255,0.7574723,6.645582,1.2298423,13.348578,4.8062196,8.561599,262.70154
2025-10-27 13:00:00,5.975866,0.29188785,6.536441,1.2777051,13.936205,4.6573653,8.331209,267.20364
2025-10-27 14:00:00,6.1697316,-0.18334343,6.5844474,0.929155,14.407245,4.6205854,8.194735,271.70215
2025-10-27 15:00:00,6.1319237,-0.583779,6.45822,0.8945497,14.862836,4.5429115,8.038478,275.43835
2025-10-27 16:00:00,5.9352083,-0.6288893,6.1907654,0.77932304,15.141131,4.4017124,7.9571877,276.04843
2025-10-27 17:00:00,5.9110036,-0.5482528,6.1127706,0.94253975,15.463824,4.5098047,8.28436,275.2991
2025-10-27 18:00:00,6.0258107,-0.4223241,6.190079,0.8711524,15.761708,4.71464,8.586292,274.00906
2025-10-27 19:00:00,6.1233587,-0.30446193,6.2791057,0.73411226,15.772715,4.6628485,8.958404,272.8465
2025-10-27 20:00:00,6.231828,-0.19830199,6.395008,0.9550456,15.601115,4.4327936,9.426064,271.82257
2025-10-27 21:00:00,6.236731,-0.07903888,6.422544,0.99817216,15.49895,4.3626175,9.688989,270.72607
2025-10-27 22:00:00,5.8867693,0.25548038,6.092784,1.0354526,14.243868,3.7476528,9.495904,267.51498
2025-10-27 23:00:00,5.9440236,0.5801119,6.1799726,1.053507,13.439573,3.8111768,9.967218,264.4258
2025-10-28 00:00:00,6.0519547,0.77456456,6.297122,1.0197806,13.172288,4.021011,10.329339,262.7066
2025-10-28 01:00:00,6.0973487,0.93138,6.3711195,1.2732792,13.592806,4.080369,10.721207,261.31512
2025-10-28 02:00:00,5.972542,1.1627957,6.325146,1.2450829,13.261961,4.1801496,10.79644,258.98288
2025-10-28 03:00:00,5.7823043,1.443465,6.2616086,1.0330174,13.193204,4.2075205,10.210244,255.98344
2025-10-28 04:00:00,5.4639635,1.8386676,6.115889,0.608029,13.437932,4.2912455,10.016146,251.4015
2025-10-28 05:00:00,5.202307,2.2946568,6.0727706,0.7913222,13.780133,4.369838,8.801485,246.19847
2025-10-28 06:00:00,4.9415665,2.7573485,6.040174,0.95771974,14.012706,4.3881583,8.233523,240.83888
2025-10-28 07:00:00,4.8687363,3.1096575,6.1322207,1.0373627,14.215024,4.4128613,7.978781,237.43367
2025-10-28 08:00:00,4.918065,3.3399878,6.2809343,0.97701395,15.33692,4.313424,8.516839,235.81854
2025-10-28 09:00:00,5.4363866,3.3840559,6.752577,1.0063694,15.269696,4.5212727,8.9505,238.09846
2025-10-28 10:00:00,4.952622,3.122193,6.304038,0.9309606,14.951069,3.9073443,8.402898,237.77217
2025-10-28 11:00:00,5.351911,3.2292118,6.678448,1.3264393,14.360863,4.4223175,8.785102,238.89426
2025-10-28 12:00:00,5.6960015,3.0707126,6.869815,1.0955867,13.399167,4.714566,8.741732,241.67091
2025-10-28 13:00:00,6.0069027,2.6919448,6.925424,0.5201661,13.904663,4.6012483,8.734272,245.86086
2025-10-28 14:00:00,6.2086525,2.2116728,6.891539,0.409858,13.884282,4.6503882,8.6083555,250.39287
2025-10-28 15:00:00,6.2892704,1.7892258,6.7784805,0.8850999,13.970823,4.3329277,8.232952,254.11955
2025-10-28 16:00:00,6.185999,1.4965523,6.538928,0.8330696,14.352485,3.9990406,7.9066257,256.4
2025-10-28 17:00:00,6.1242356,1.3196255,6.411421,0.46674237,14.42822,3.9036195,7.804019,257.84006
2025-10-28 18:00:00,6.0416713,1.3055403,6.335746,0.5303508,14.92026,3.7623377,7.7465196,257.8065
2025-10-28 19:00:00,5.9119062,1.4319919,6.2388244,0.64373183,14.906321,3.7154894,8.014965,256.38397
2025-10-28 20:00:00,5.7877584,1.5830746,6.1420345,0.60909826,15.037854,3.5041277,7.9757147,254.70255
2025-10-28 21:00:00,5.598343,1.7582356,6.0122757,0.5380907,15.047786,3.2979953,8.610192,252.56439
2025-10-28 22:00:00,4.996065,1.9763505,5.549438,0.7458499,14.292353,2.6782656,8.577707,248.41718
2025-10-28 23:00:00,4.8615494,2.1579754,5.503438,0.521356,14.377961,2.506723,9.523418,246.06422
2025-10-29 00:00:00,4.684891,2.2601266,5.404343,0.46891224,14.222473,2.277029,9.750595,244.246
2025-10-29 01:00:00,4.481463,2.3154562,5.2644377,0.18633966,14.032799,2.1818545,9.704136,242.67577
2025-10-29 02:00:00,4.151648,2.413142,5.0412717,0.09348182,13.970768,2.134394,9.527217,239.83275
2025-10-29 03:00:00,3.806999,2.5389426,4.82909,0.12043532,13.541037,2.0944488,9.295051,236.30011
2025-10-29 04:00:00,3.3814867,2.7031667,4.5864716,0.15562576,13.118656,1.9152919,9.169433,231.3611
2025-10-29 05:00:00,3.0690308,2.9049597,4.500646,0.0495493,13.171131,1.8504016,8.980978,226.5732
2025-10-29 06:00:00,2.733825,3.0645978,4.422187,0.15295683,13.399072,1.7068262,8.876539,221.73508
2025-10-29 07:00:00,2.4260468,3.2807996,4.4429374,0.281897,12.994765,1.841303,8.669939,216.48175
2025-10-29 08:00:00,2.172933,3.4406593,4.4524336,0.10683472,12.188962,1.7981321,8.885741,212.27428
2025-10-29 09:00:00,2.1317139,3.5758338,4.5508857,0.15650861,12.152138,1.7181805,8.851605,210.80106
2025-10-29 10:00:00,1.9047406,3.6020565,4.4543724,0.42416316,11.4060335,1.857771,8.598871,207.86955
2025-10-29 11:00:00,1.9528219,3.8773367,4.7370677,0.48728967,11.521114,2.0560224,8.829518,206.73212
2025-10-29 12:00:00,1.8291981,3.9867983,4.7885942,0.16028874,12.001465,2.2619646,8.8377,204.64632
2025-10-29 13:00:00,1.5619371,3.923957,4.6411614,0.16223015,12.641083,2.271782,8.608026,201.70511
2025-10-29 14:00:00,1.1313881,3.7072494,4.2995853,0.35266277,12.493009,2.1187928,8.384722,196.97128
2025-10-29 15:00:00,0.7807931,3.495676,4.0254993,0.17520802,12.099825,1.7222499,8.357696,192.59091
2025-10-29 16:00:00,0.4551371,3.478116,3.968703,0.09055072,11.956923,1.8810954,8.001992,187.45523
2025-10-29 17:00:00,0.23617059,3.654341,4.0550404,0.6128532,11.785483,1.9293278,7.532997,183.69774
2025-10-29 18:00:00,0.19143759,3.8173614,4.1348605,0.17050152,11.438242,1.8770027,7.284146,182.87094
2025-10-29 19:00:00,0.24066328,3.927211,4.180852,0.21700011,11.41166,1.854696,7.1342607,183.50676
2025-10-29 20:00:00,0.26567283,3.9775748,4.202808,0.3186849,11.420509,2.0189655,7.0337267,183.82126
2025-10-29 21:00:00,0.31035718,3.985156,4.205721,0.57690775,11.141144,2.1088772,6.8975186,184.45312
2025-10-29 22:00:00,0.14856204,3.7340677,4.022132,0.15088016,9.38035,2.122449,6.392212,182.27835
2025-10-29 23:00:00,0.1911918,3.8021777,4.141246,0.35641497,8.856295,2.2447836,6.2081513,182.8787
2025-10-30 00:00:00,0.5481481,3.7708638,4.360059,0.34920424,8.638609,2.2138386,6.573817,188.27081
2025-10-30 01:00:00,1.0725799,3.6080112,4.59109,0.37362483,8.854662,2.2283647,6.677723,196.55603
2025-10-30 02:00:00,1.7509724,3.4019432,4.9055037,0.012813068,9.662238,2.2980013,7.0447373,207.23477
2025-10-30 03:00:00,2.5342262,3.0263095,5.2580338,0.082345344,10.916312,2.4697142,7.570311,219.94275
2025-10-30 04:00:00,3.240551,2.5480306,5.547846,0.72359884,12.373296,2.571462,7.901657,231.82219
2025-10-30 05:00:00,3.9159682,2.1119056,5.8422194,0.8461853,13.490646,2.594759,8.153607,241.66174
2025-10-30 06:00:00,4.5158443,1.768405,6.015156,0.3175302,11.431757,2.4651823,8.36705,248.61469
2025-10-30 07:00:00,5.12625,1.456877,6.17809,0.4401224,12.381112,2.357582,8.451039,254.13489
2025-10-30 08:00:00,5.7798433,1.1019382,6.4235806,0.9836394,15.030995,2.609857,9.042067,259.206
2025-10-30 09:00:00,6.2744675,0.76384676,6.6198826,0.6776639,15.185517,2.8017642,9.462847,263.05902
2025-10-30 10:00:00,6.248266,0.49561372,6.443586,0.037130464,13.817102,2.4484303,10.281253,265.46478
2025-10-30 11:00:00,6.5506396,0.42714918,6.7373214,0.08788307,15.503208,2.4433277,11.0522995,266.2692
2025-10-30 12:00:00,6.7094846,0.30334225,6.91342,0.11144799,16.03185,2.56698,11.084969,267.41138
2025-10-30 13:00:00,6.4583015,0.25548038,6.664842,0.031765725,17.365543,2.4942288,10.638338,267.73465
2025-10-30 14:00:00,5.819388,0.3373079,6.0573297,0.32182366,18.081314,1.9702647,10.129553,266.68268
2025-10-30 15:00:00,4.9707623,0.36153144,5.2461953,0.25832704,17.157696,1.2653555,9.691033,265.84012
2025-10-30 16:00:00,4.2944107,0.3654583,4.6829996,0.12624271,16.5266,1.2300186,9.031229,265.1358
2025-10-30 17:00:00,3.7656913,0.41070393,4.331811,0.21712863,16.01037,1.2514372,8.38841,263.77567
2025-10-30 18:00:00,3.2870154,0.5425753,4.033178,0.09190618,14.946766,1.2488816,7.826764,260.62692
2025-10-30 19:00:00,2.8614902,0.710935,3.8177886,0.107886136,14.786974,1.3109918,7.386625,256.04742
2025-10-30 20:00:00,2.457241,0.82763135,3.6270378,0.05503228,14.757422,1.1832823,7.383042,251.38579
2025-10-30 21:00:00,2.0765188,0.955279,3.4732492,0.105036184,14.465956,1.2853075,7.068367,245.29575
2025-10-30 22:00:00,1.620549,1.3049003,3.336017,0.24522772,14.155964,1.4386834,6.4957447,231.15825
2025-10-30 23:00:00,1.3134749,1.4429486,3.2408867,0.12816688,14.204222,1.5086635,6.27314,222.3107
2025-10-31 00:00:00,1.0360994,1.6004622,3.148092,0.15625075,12.866252,1.4654374,6.3232665,212.91801
2025-10-31 01:00:00,0.8187037,1.7285812,3.1086683,0.12063349,12.651194,1.4579375,6.216203,205.34354
2025-10-31 02:00:00,0.60748744,1.8507756,3.0525093,0.17593808,11.822929,1.4413372,6.100977,198.1716
2025-10-31 03:00:00,0.44226074,1.9838855,3.0370896,0.051669445,11.38788,1.4768697,5.868706,192.56726
2025-10-31 04:00:00,0.19427325,2.1031408,3.0205941,0.13934997,10.928679,1.5144446,5.481657,185.27762
2025-10-31 05:00:00,0.050269462,2.273082,3.0562038,0.20000346,10.858684,1.5282166,5.281822,181.2669
2025-10-31 06:00:00,-0.091341175,2.3923087,3.0915146,0.12953067,11.080162,1.5606178,5.284315,177.81345
2025-10-31 07:00:00,-0.21634117,2.5817266,3.2356865,0.18584524,11.298109,1.5322891,5.427192,175.20998
2025-10-31 08:00:00,-0.34827608,2.743204,3.2958808,0.08431579,11.384724,1.3916466,5.5695114,172.76447
2025-10-31 09:00:00,-0.38002098,2.7515602,3.1786072,0.17913441,11.409341,1.211579,5.4865093,172.13657
2025-10-31 10:00:00,-0.48612604,2.6793098,3.0458922,0.23893295,10.735925,1.2804809,5.1098804,169.71631
2025-10-31 11:00:00,-0.6083935,2.810444,3.1448643,0.22595818,10.707362,1.3145694,4.9709034,167.78532
2025-10-31 12:00:00,-0.7352716,2.9005485,3.2441933,0.08303748,10.297075,1.3844457,4.9349227,165.77551
2025-10-31 13:00:00,-0.92561257,2.8365614,3.2552197,0.1496853,10.369453,1.3473151,4.876064,161.92773
2025-10-31 14:00:00,-1.1413829,2.7257974,3.246279,0.11331584,10.268857,1.3885612,4.978807,157.27931
2025-10-31 15:00:00,-1.2349268,2.6602507,3.2053916,0.058746673,10.666483,1.2378647,5.1884913,155.0986
2025-10-31 16:00:00,-1.3320609,2.877643,3.422489,0.19111529,11.498261,1.581982,5.4788723,155.16058
2025-10-31 17:00:00,-1.2501125,3.1463783,3.5712767,0.039214466,11.748742,1.6379972,5.864579,158.33119
2025-10-31 18:00:00,-1.06479,3.327369,3.6609168,0.37409255,12.541846,1.5999328,6.1915684,162.25484
2025-10-31 19:00:00,-0.81354666,3.4170454,3.6853569,0.14819881,11.927908,1.5726522,6.329244,166.60806
2025-10-31 20:00:00,-0.6234267,3.4294224,3.667968,0.17683369,11.305612,1.5188036,6.589844,169.69685
2025-10-31 21:00:00,-0.5152996,3.4549148,3.6818683,0.2177896,10.661131,1.5393462,6.873303,171.51688
2025-10-31 22:00:00,-0.37401024,3.41897,3.6319156,0.14225683,10.90092,1.5602419,6.7728486,173.7571
2025-10-31 23:00:00,-0.30644515,3.3333366,3.51529,0.17859532,11.078174,1.4597425,6.331094,174.74738
2025-11-01 00:00:00,-0.24280527,3.28043,3.4655478,0.10735021,10.723329,1.4821616,6.0381365,175.7669
2025-11-01 01:00:00,-0.26509094,3.2524376,3.4510407,0.23723958,11.080623,1.4668589,6.1184816,175.3404
2025-11-01 02:00:00,-0.36620763,3.235303,3.455531,0.073791325,11.17516,1.4972613,6.037641,173.54211
2025-11-01 03:00:00,-0.5034489,3.2780266,3.5162106,0.08378562,10.970456,1.4985979,6.1547,171.26859
2025-11-01 04:00:00,-0.6465211,3.3334458,3.589023,0.048706632,11.451325,1.5600454,6.245516,169.02377
2025-11-01 05:00:00,-0.7476885,3.4658372,3.7409441,0.13877882,11.505749,1.6481613,6.477974,167.8261
2025-11-01 06:00:00,-0.81349057,3.617665,3.8921323,0.25227523,11.998185,1.6872727,6.585398,167.32692
2025-11-01 07:00:00,-0.88415277,3.862199,4.1427345,0.16745137,11.749637,1.9116535,6.9117985,167.10577
2025-11-01 08:00:00,-0.7879507,4.1000204,4.3494554,0.2775171,11.861883,1.7651023,7.145396,169.12141
2025-11-01 09:00:00,-0.58873934,4.1855674,4.3929706,0.14294513,11.61877,1.5967755,7.2818856,171.99335
2025-11-01 10:00:00,-0.3775144,4.0332885,4.297258,0.19931471,12.7070265,1.758591,7.2410336,174.65273
2025-11-01 11:00:00,-0.070055574,4.110627,4.4057693,0.058212407,13.124418,1.7251309,7.0462055,179.02364
2025-11-01 12:00:00,0.26357868,4.0911417,4.480066,0.20955023,13.45321,1.6764401,6.976874,183.68628
2025-11-01 13:00:00,0.68048054,3.905377,4.502681,0.13161686,12.530973,1.5827534,7.195342,189.8841
2025-11-01 14:00:00,1.0397763,3.780848,4.536803,0.2392037,12.307705,1.4794415,7.693965,195.37686
2025-11-01 15:00:00,1.2972932,3.6187344,4.455206,0.0511954,13.164347,1.3521985,8.206198,199.72244
2025-11-01 16:00:00,1.5077614,3.5943077,4.418025,0.16249894,14.329368,1.481503,7.9983387,202.75735
2025-11-01 17:00:00,1.6874712,3.579174,4.3149986,0.15948479,12.207508,1.5503652,8.316061,205.24245
2025-11-01 18:00:00,1.9278812,3.5185823,4.277307,0.21433689,11.96063,1.5495453,8.545362,208.71896
2025-11-01 19:00:00,2.1457355,3.3495991,4.2135935,0.6021445,12.220657,1.522975,8.406922,212.64342
2025-11-01 20:00:00,2.2749565,3.099792,4.049058,0.3068235,11.232952,1.4712334,7.8757634,216.27518
2025-11-01 21:00:00,2.3096976,2.9203103,3.8966873,0.04893954,11.175767,1.4597253,7.0806065,218.34076
2025-11-01 22:00:00,2.1248333,2.6554685,3.5850768,0.0883884,10.779064,1.4985065,6.6842456,218.66585
2025-11-01 23:00:00,1.9956326,2.5817146,3.4673078,0.43209234,9.672005,1.5351114,6.229794,217.70357
2025-11-02 00:00:00,1.8981204,2.574372,3.4335365,0.015385801,11.01669,1.5623187,6.149893,216.40187
2025-11-02 01:00:00,1.8684429,2.6041985,3.470237,0.031149972,12.431433,1.5987523,5.901859,215.65843
2025-11-02 02:00:00,1.8776109,2.6242218,3.4899354,0.123008616,12.95379,1.5105474,5.7870984,215.58344
2025-11-02 03:00:00,1.902472,2.6121244,3.4587798,0.16110592,12.912755,1.3994522,5.924405,216.06674
2025-11-02 04:00:00,1.8617294,2.578224,3.3705328,0.20944527,12.535841,1.2914624,5.8080926,215.83296
2025-11-02 05:00:00,1.8734481,2.5927908,3.3562188,0.06156187,12.516366,1.2085922,5.8212276,215.85039
2025-11-02 06:00:00,1.8491719,2.5418859,3.2933767,0.115928106,11.880018,1.1656324,5.933445,216.03516
2025-11-02 07:00:00,1.7789092,2.5618596,3.290185,0.24688838,10.607348,1.1886764,5.8703623,214.77542
2025-11-02 08:00:00,1.8888773,2.659001,3.4148066,0.13513774,9.933286,1.2220943,5.9796677,215.38889
2025-11-02 09:00:00,2.183712,2.7301764,3.6491692,0.030646708,9.803353,1.2383858,6.2934265,218.65433
2025-11-02 10:00:00,1.8295057,2.3402731,3.2044084,0.04845789,8.99324,1.1354764,5.493056,218.01648
2025-11-02 11:00:00,1.9010327,2.4569871,3.3786929,0.04593631,9.149287,1.3078433,5.8199325,217.73003
2025-11-02 12:00:00,1.9338964,2.552861,3.4394274,0.023740621,8.801063,1.2437588,6.233721,217.14542
2025-11-02 13:00:00,2.0071423,2.5416238,3.4567528,0.08923783,8.748964,1.3736323,6.0333953,218.29846
2025-11-02 14:00:00,2.0806587,2.496066,3.4742947,0.06510984,8.787882,1.5365542,5.8704963,219.81375
2025-11-02 15:00:00,1.9103526,2.2392602,3.1969976,0.07755957,8.02337,1.4747913,5.4690228,220.46808
2025-11-02 16:00:00,1.769881,2.148889,3.077515,0.14888921,7.9032307,1.5820367,5.0320144,219.47577
2025-11-02 17:00:00,1.7915105,2.183936,3.1426136,0.2957931,7.97043,1.6968662,4.8732934,219.36246
2025-11-02 18:00:00,1.9081388,2.225899,3.259765,0.56471616,8.413973,1.7680526,4.821184,220.60464
2025-11-02 19:00:00,2.1695974,2.1767929,3.4004862,0.66728294,8.706554,1.8386813,4.842104,224.90515
2025-11-02 20:00:00,2.419622,2.041188,3.4808898,0.6333437,9.031326,1.8571587,4.8268733,229.84909
2025-11-02 21:00:00,2.657023,1.8678691,3.5446298,0.51390165,9.009268,1.8736541,4.853595,234.89304
2025-11-02 22:00:00,2.5873837,1.7958758,3.4129875,0.13101713,9.183007,1.6603345,4.9248366,235.2359
2025-11-02 23:00:00,2.9013388,1.6929767,3.5868385,0.6702826,8.741012,1.8536265,5.1114745,239.73576
2025-11-03 00:00:00,3.171927,1.5475752,3.7390883,0.81001306,8.633237,1.9085003,5.169344,243.99237
2025-11-03 01:00:00,3.3712058,1.4235469,3.8699365,0.79170895,8.745838,1.9746107,5.217629,247.1073
2025-11-03 02:00:00,3.4772182,1.3589774,3.977351,0.87849265,8.928546,2.084843,5.3216414,248.65329
2025-11-03 03:00:00,3.5311737,1.381661,4.0808687,1.0083375,9.440599,2.296639,5.3734226,248.63083
2025-11-03 04:00:00,3.4961367,1.4823798,4.109833,0.9514284,10.210572,2.5267084,5.390842,247.02281
2025-11-03 05:00:00,3.5363295,1.6637491,4.237435,0.5734614,10.933091,2.683245,5.6163535,244.80426
2025-11-03 06:00:00,3.5077317,1.8472937,4.3039513,0.27024212,11.359069,2.6902847,5.92762,242.22714
2025-11-03 07:00:00,3.555396,2.053051,4.4710255,0.28033534,11.752898,2.848188,6.2949753,239.99586
2025-11-03 08:00:00,3.8329298,2.2373803,4.841176,0.6243928,12.4458,3.164773,6.9378552,239.72679
2025-11-03 09:00:00,4.285285,2.2960012,5.366229,0.7645899,12.366969,3.8041086,7.6916,241.81816
2025-11-03 10:00:00,3.6658206,2.4755254,5.021106,0.49364257,13.055162,3.2866082,7.156569,235.96887
2025-11-03 11:00:00,3.9288363,2.71573,5.426154,0.47415796,13.937093,3.9218469,7.6007133,235.3466
2025-11-03 12:00:00,3.984634,2.897062,5.559084,0.4789793,13.965775,3.952497,7.700913,233.98065
2025-11-03 13:00:00,3.9985876,3.0132582,5.5680246,0.6163235,14.678578,3.737561,7.920485,232.99902
2025-11-03 14:00:00,3.7258837,3.0957456,5.2756395,0.89319456,14.3816595,3.2687755,8.021552,230.27765
2025-11-03 15:00:00,3.2401857,3.138804,4.8083215,0.16816916,14.124307,2.464562,8.110442,225.91054
2025-11-03 16:00:00,2.8922791,3.2767708,4.581501,0.14042115,13.646425,1.8481644,8.093923,221.43361
2025-11-03 17:00:00,2.7857344,3.488365,4.616319,0.26434422,13.567026,1.7002735,8.295987,218.61012
2025-11-03 18:00:00,2.8006308,3.648516,4.7248335,0.28538373,13.796555,1.7258973,8.779985,217.51015
2025-11-03 19:00:00,2.878696,3.7337713,4.8278785,0.70583254,13.754333,1.8148358,9.112332,217.63182
2025-11-03 20:00:00,2.9285212,3.7166786,4.8423233,0.55829287,13.458673,1.8351891,9.522157,218.23601
2025-11-03 21:00:00,2.9416633,3.6445045,4.801639,0.19418414,13.345627,1.7864956,9.669272,218.90875
2025-11-03 22:00:00,2.629807,3.6454546,4.611813,0.25115323,13.542947,2.0066104,9.330129,215.80643
2025-11-03 23:00:00,2.6094027,3.6882076,4.6480947,0.13700746,13.484898,1.8664894,9.485078,215.27936
2025-11-04 00:00:00,2.5926876,3.6299691,4.6123013,0.14054023,13.8912115,1.7894228,9.574343,215.53613
2025-11-04 01:00:00,2.5579002,3.5617688,4.5544786,0.38903672,13.77059,1.7632269,9.2687,215.68419
2025-11-04 02:00:00,2.4698565,3.4958625,4.473558,0.35112032,13.804097,1.7254483,9.086841,215.24153
2025-11-04 03:00:00,2.3811543,3.3919954,4.3637953,0.07792968,13.412065,1.6833307,9.018989,215.06856
2025-11-04 04:00:00,2.2651622,3.352438,4.287766,0.15232848,13.478285,1.5948137,8.845754,214.04596
2025-11-04 05:00:00,2.1148686,3.3047197,4.1828814,0.060238995,13.320081,1.5658293,8.868402,212.61737
2025-11-04 06:00:00,1.9498056,3.27316,4.0800734,0.061852623,13.307149,1.4385178,8.8089075,210.78206
2025-11-04 07:00:00,1.7932491,3.3168685,4.0828776,0.15923062,13.210876,1.3960191,8.790503,208.39767
2025-11-04 08:00:00,1.7232748,3.3539445,4.0968413,0.20240349,12.900114,1.2690306,8.780928,207.19434
2025-11-04 09:00:00,1.6322018,3.2548568,3.9657226,0.09874513,12.910096,1.1131649,8.513533,206.63223
2025-11-04 10:00:00,1.1421967,3.1464043,3.7179215,0.0141248675,12.505546,1.2257189,7.8731437,199.95174
2025-11-04 11:00:00,1.1684277,3.3136234,3.9049752,0.058867365,12.409024,1.1848794,7.721139,199.42334
2025-11-04 12:00:00,1.0770334,3.3699493,3.9322522,0.032498203,11.990879,1.1101822,7.4696074,197.72385
2025-11-04 13:00:00,0.9154032,3.3757365,3.8966238,0.054545816,11.989779,1.1792856,7.055457,195.17212
2025-11-04 14:00:00,0.6384265,3.269689,3.745437,0.14318417,12.085535,1.2374569,6.8408046,191.04834
2025-11-04 15:00:00,0.3640945,3.0555866,3.481165,0.06891024,11.5955715,1.2222748,6.6995983,186.79517
2025-11-04 16:00:00,0.050088417,3.2065895,3.572854,0.33212397,11.765597,1.6539626,6.7620487,180.89493
2025-11-04 17:00:00,-0.0077922926,3.3778625,3.6952949,0.23683298,11.95345,1.727595,6.928407,179.86783
2025-11-04 18:00:00,-0.032825366,3.4813867,3.7663002,0.0747691,11.594131,1.7120713,7.0937104,179.45978
2025-11-04 19:00:00,-0.06769954,3.5322824,3.7926624,0.08065013,11.196609,1.6439548,7.162445,178.90201
2025-11-04 20:00:00,-0.08159328,3.5790033,3.8263233,0.015133334,11.123445,1.6061788,7.161672,178.69402
2025-11-04 21:00:00,-0.02994228,3.5946984,3.8399534,0.04611494,11.037355,1.5614371,7.1670237,179.52277
2025-11-04 22:00:00,-0.05322472,3.5648448,3.8123553,0.13238879,11.046408,1.5722795,7.2609515,179.14462
2025-11-04 23:00:00,0.021893889,3.5532436,3.8043242,0.13896902,10.9772,1.5752721,7.26652,180.35303
2025-11-05 00:00:00,0.045257982,3.472541,3.7394178,0.20369068,10.544865,1.479133,7.355236,180.7467
2025-11-05 01:00:00,0.093914546,3.4764903,3.7460637,0.09239719,11.089693,1.4830297,7.4766474,181.54742
2025-11-05 02:00:00,0.11353364,3.4808419,3.740349,0.065436944,11.230284,1.4730372,7.5351615,181.86813
2025-11-05 03:00:00,0.14088398,3.4653513,3.7097173,0.093160525,11.2134495,1.4252369,7.4296107,182.3281
2025-11-05 04:00:00,0.16246733,3.4481468,3.6816914,0.054946017,11.176086,1.3676546,7.5476556,182.69763
2025-11-05 05:00:00,0.16637813,3.4587271,3.701884,0.11376445,10.746103,1.4114377,7.5726767,182.75403
2025-11-05 06:00:00,0.21748146,3.4265232,3.6803548,0.044995654,10.800471,1.3566535,7.5786505,183.6317
2025-11-05 07:00:00,0.24520256,3.3968878,3.6803188,0.057292778,10.837899,1.2712075,7.527862,184.12871
2025-11-05 08:00:00,0.30393115,3.4261281,3.7663994,0.056434695,11.046881,1.193597,7.2598443,185.06943
2025-11-05 09:00:00,0.34952855,3.1932719,3.557133,0.100037016,10.61606,0.9410655,7.1201835,186.24661
2025-11-05 10:00:00,0.12057495,2.7890935,3.1997013,0.058488324,9.898018,1.0658021,6.3504663,182.4754
2025-11-05 11:00:00,0.071321644,2.8178751,3.2418313,0.17356288,9.758552,1.1442144,6.144454,181.44987
2025-11-05 12:00:00,-0.050314825,2.679341,3.1918457,0.21315426,9.353137,1.2650827,5.824668,178.9242
2025-11-05 13:00:00,-0.24267001,2.5286605,3.067001,0.01929537,9.3822775,1.3174013,5.480996,174.51825
2025-11-05 14:00:00,-0.49620676,2.3764224,2.9835062,0.053248636,8.807697,1.238414,5.3590045,168.20587
2025-11-05 15:00:00,-0.601631,2.298988,2.944147,0.2360589,9.133873,1.3728753,5.2982154,165.33493
2025-11-05 16:00:00,-0.80922556,2.3752809,3.0981534,0.58536834,8.148015,1.7424366,5.284647,161.18674
2025-11-05 17:00:00,-0.8378931,2.4693937,3.1510544,0.467127,8.006887,1.7781682,5.443977,161.25735
2025-11-05 18:00:00,-0.82940674,2.5188243,3.159882,0.11560507,8.160445,1.7350957,5.531308,161.77415
2025-11-05 19:00:00,-0.8556931,2.5303113,3.1576786,0.09729981,8.253778,1.707781,5.4834166,161.31564
2025-11-05 20:00:00,-0.8795347,2.5345335,3.1549838,0.025999043,8.610627,1.6743696,5.337158,160.86218
2025-11-05 21:00:00,-0.89975184,2.4951713,3.1100495,0.08367897,8.865349,1.7511063,5.048376,160.17084
2025-11-05 22:00:00,-1.0769018,2.4636264,3.0755339,0.16148432,8.515526,1.7879499,4.8215947,156.38889
2025-11-05 23:00:00,-1.078975,2.489683,3.0696867,0.16735896,8.300203,1.7677593,4.810129,156.56914
2025-11-06 00:00:00,-1.0873524,2.436272,3.0236146,0.143764,8.06141,1.621543,4.6823177,155.94794
2025-11-06 01:00:00,-1.0962801,2.380292,2.9894161,0.09077675,7.608222,1.5403532,4.8519135,155.27084
2025-11-06 02:00:00,-1.0591311,2.3199983,2.9398038,0.11039325,7.9870915,1.56034,4.8588257,155.46225
2025-11-06 03:00:00,-1.0494137,2.279998,2.8940804,0.15041475,7.6681395,1.5210185,4.9434066,155.28484
2025-11-06 04:00:00,-1.1141522,2.231252,2.8450344,0.1774332,7.6808095,1.4237984,4.918452,153.46524
2025-11-06 05:00:00,-1.1629124,2.1947625,2.8126419,0.09870161,7.7761397,1.3467274,4.839307,152.08276
2025-11-06 06:00:00,-1.2384437,2.1876588,2.8297665,0.09623127,7.576043,1.3156445,4.964806,150.4856
2025-11-06 07:00:00,-1.2923146,2.2079473,2.859176,0.1023566,7.313501,1.2384856,5.22901,149.65952
2025-11-06 08:00:00,-1.3892133,2.3219657,2.9731154,0.08210492,6.9573455,1.3081555,5.361996,149.10828
2025-11-06 09:00:00,-1.3566626,2.278434,2.8860846,0.097894385,7.1929426,1.1572702,5.3130918,149.22891
2025-11-06 10:00:00,-1.3368881,2.0382621,2.6814659,0.07339424,6.4966173,1.0781422,4.821897,146.73929
2025-11-06 11:00:00,-1.4404904,1.95909,2.707961,0.03054877,6.650328,1.1041235,4.600572,143.6735
2025-11-06 12:00:00,-1.5221995,1.8919624,2.7366128,0.20543289,6.6874003,1.1277215,4.505631,141.1812
2025-11-06 13:00:00,-1.5981516,1.7467549,2.6849687,0.095219605,6.2383966,1.1448659,4.326311,137.54381
2025-11-06 14:00:00,-1.6643833,1.5810674,2.6000807,0.061875142,6.079821,1.0584378,4.2976146,133.52945
2025-11-06 15:00:00,-1.7076049,1.4986812,2.5641558,0.050110143,6.6737757,1.0686737,4.4606495,131.27185
2025-11-06 16:00:00,-1.8620874,1.6112102,2.764794,0.016355265,7.222603,1.3184292,4.9194345,130.8687
2025-11-06 17:00:00,-1.822471,1.8536496,2.876316,0.079000406,7.6718764,1.2566597,5.2814116,135.48595
2025-11-06 18:00:00,-1.7075509,2.0221553,2.9412594,0.11488042,7.9304414,1.3042321,5.432676,139.82155
2025-11-06 19:00:00,-1.5335293,2.132671,2.9313376,0.18933977,7.919164,1.3154815,5.580043,144.2814
2025-11-06 20:00:00,-1.3722667,2.1709511,2.8701057,0.11819516,7.7133207,1.2567198,5.429195,147.70285
2025-11-06 21:00:00,-1.2461565,2.181617,2.8262942,0.050495353,7.524184,1.1917391,5.3517313,150.26465
2025-11-06 22:00:00,-1.0936548,2.1104686,2.716566,0.18355481,7.0666313,1.2442256,5.051404,152.6066
2025-11-06 23:00:00,-1.0918881,2.0457327,2.6505194,0.15600547,6.7047024,1.2197454,4.9432526,151.90941
2025-11-07 00:00:00,-1.0377927,2.0215096,2.6050932,0.07210975,6.818476,1.2301267,4.966235,152.82516
2025-11-07 01:00:00,-0.9952603,2.0341911,2.6009488,0.14145288,7.0571246,1.139263,4.9447136,153.92908
2025-11-07 02:00:00,-0.9203017,2.0506845,2.6056445,0.041349895,7.3796263,0.9818516,5.152022,155.83052
2025-11-07 03:00:00,-0.87648714,2.0644758,2.6149743,0.10897977,7.5787134,0.92774975,5.3140087,156.99603
2025-11-07 04:00:00,-0.8030165,2.080453,2.5841012,0.0342364,7.593495,0.85254335,5.3526554,158.89433
2025-11-07 05:00:00,-0.7190131,2.1525455,2.6022015,0.06871697,7.7219915,0.96382046,5.2595882,161.52917
2025-11-07 06:00:00,-0.6449461,2.1554632,2.5770605,0.12161293,7.8194704,0.99603534,5.1755743,163.34206
2025-11-07 07:00:00,-0.5850533,2.2144516,2.6247716,0.036053278,8.132724,1.0600042,5.0611157,165.20073
2025-11-07 08:00:00,-0.51565015,2.224111,2.6067631,0.049243838,8.167749,0.95679045,4.759433,166.94685
2025-11-07 09:00:00,-0.37123233,2.138772,2.4593742,0.07768544,8.075891,0.81682664,4.6700425,170.15314
2025-11-07 10:00:00,-0.25577113,1.8747414,2.2653527,0.061731517,7.933566,0.89549226,4.1494718,172.23111
2025-11-07 11:00:00,-0.24305189,1.8108001,2.165729,0.014762467,7.6338925,0.7252518,4.0317254,172.35526
2025-11-07 12:00:00,-0.22265378,1.7425653,2.0938985,0.023123646,7.532367,0.722047,3.8188133,172.71857
2025-11-07 13:00:00,-0.2556705,1.5722244,1.9721216,0.041162647,7.3002424,0.80592906,3.4052324,170.76358
2025-11-07 14:00:00,-0.38856217,1.3802762,1.799848,0.045049258,6.978842,0.7669056,2.9766674,164.27754
2025-11-07 15:00:00,-0.48058957,1.2328602,1.7192311,0.06880362,6.7274547,0.8481367,2.8698997,158.70334
2025-11-07 16:00:00,-0.6238964,1.2956572,1.8853025,0.051491912,6.5743017,0.8846494,3.093784,154.28784
2025-11-07 17:00:00,-0.6345685,1.4245354,1.9737456,0.038656007,6.2535033,0.9148547,3.2997868,155.9891
2025-11-07 18:00:00,-0.5771254,1.5531971,2.0220995,0.12451831,5.7759743,0.90261734,3.4322965,159.61633
2025-11-07 19:00:00,-0.44863603,1.5792426,2.009115,0.15806994,5.8344493,0.9342113,3.3849509,164.14105
2025-11-07 20:00:00,-0.34231073,1.56245,1.9729674,0.11328267,5.841527,0.9848822,3.1779137,167.64255
2025-11-07 21:00:00,-0.283312,1.4991167,1.8827919,0.086057894,5.67997,0.9986179,2.9725852,169.29813
2025-11-07 22:00:00,-0.25532737,1.3047824,1.7153682,0.07747247,5.143895,0.82301575,2.6947513,168.92795
2025-11-07 23:00:00,-0.3832179,1.2223428,1.6183447,0.057292834,5.0138273,0.66150576,2.532676,162.59323
2025-11-08 00:00:00,-0.38205162,1.1376973,1.5794727,0.03697623,4.8589478,0.65348995,2.453765,161.43738
2025-11-08 01:00:00,-0.4314542,1.0994279,1.5594412,0.06129109,4.830878,0.60206985,2.5280967,158.57321
2025-11-08 02:00:00,-0.44650805,1.0889773,1.592642,0.059349123,4.6718354,0.6715113,2.6221952,157.70514
2025-11-08 03:00:00,-0.42597878,1.0731848,1.6016674,0.048454788,4.741051,0.72610575,2.6117938,158.35042
2025-11-08 04:00:00,-0.46300527,1.0624361,1.5923922,0.14874935,5.232806,0.7061844,2.6081967,156.45264
2025-11-08 05:00:00,-0.47795683,1.0581516,1.5775177,0.13629101,5.520044,0.6899473,2.5656357,155.69177
2025-11-08 06:00:00,-0.4775176,1.0564241,1.559673,0.061154738,5.250547,0.6555159,2.5247297,155.6764
2025-11-08 07:00:00,-0.47779515,1.1095895,1.5836383,0.03394901,5.0380206,0.690704,2.5537975,156.70303
2025-11-08 08:00:00,-0.42969903,1.1617192,1.598753,0.049216975,5.1478534,0.6446742,2.7792904,159.70148
2025-11-08 09:00:00,-0.2764406,1.0602665,1.4671028,0.020993188,4.9298778,0.47413236,2.680709,165.38675
2025-11-08 10:00:00,-0.19741327,0.9191301,1.3601742,0.017507836,4.796128,0.41620874,2.593533,167.87802
2025-11-08 11:00:00,-0.06982092,0.8317042,1.3174019,0.055058908,4.5419445,0.4026066,2.4320385,175.20132
2025-11-08 12:00:00,0.066852465,0.7285206,1.3220061,0.042444028,4.3403955,0.42985523,2.244526,185.24304
2025-11-08 13:00:00,0.18198952,0.56922746,1.307323,0.044274066,4.388446,0.46213904,2.1111066,197.72977
2025-11-08 14:00:00,0.19974455,0.3927971,1.2855493,0.030610887,4.4795885,0.52186733,2.020961,206.95418
2025-11-08 15:00:00,0.18674283,0.32029146,1.2974727,0.12000058,4.588729,0.60573244,1.970347,210.24391
2025-11-08 16:00:00,0.0995603,0.37857756,1.3985484,0.08016911,4.8458138,0.6946389,2.1331422,194.73431
2025-11-08 17:00:00,0.14578165,0.5119592,1.4785761,0.11676243,4.7689824,0.82098603,2.2490077,195.89444
2025-11-08 18:00:00,0.28525564,0.6989779,1.5576069,0.060760938,4.2010183,0.8847972,2.4147203,202.20056
2025-11-08 19:00:00,0.4914023,0.8152738,1.6256549,0.11762739,3.8660681,0.94678605,2.3177257,211.07927
2025-11-08 20:00:00,0.65617496,0.87493235,1.6637257,0.018426402,4.2201905,1.0101771,2.3530533,216.86888
2025-11-08 21:00:00,0.7573234,0.87016463,1.6662931,0.07200897,4.2592354,0.9408032,2.4204721,221.03377
2025-11-08 22:00:00,0.73111707,0.79345495,1.5665301,0.046879094,4.3257256,0.73587525,2.379593,222.65855
2025-11-08 23:00:00,0.74175036,0.8645898,1.5589659,0.07565332,4.258142,0.8338403,2.2933102,220.62701
2025-11-09 00:00:00,0.7950085,0.90666157,1.6013012,0.120368235,4.321035,0.8549648,2.4101758,221.24599
2025-11-09 01:00:00,0.84790164,0.92070293,1.6406689,0.12618908,4.2685304,0.93359315,2.4996278,222.64285
2025-11-09 02:00:00,0.90202165,0.9630222,1.6996943,0.03498106,4.040354,0.95096755,2.5838573,223.12668
2025-11-09 03:00:00,0.94995654,0.97295934,1.7245994,0.048195947,4.1269407,0.96036834,2.58284,224.31464
2025-11-09 04:00:00,1.023433,0.9758849,1.7395514,0.1772709,3.991385,0.9521839,2.6606333,226.36237
2025-11-09 05:00:00,1.072054,0.9735557,1.7605038,0.10632128,4.462764,0.9171002,2.6767287,227.75673
2025-11-09 06:00:00,1.1428206,0.95496184,1.7966999,0.0542285,4.418436,0.9521837,2.7571716,230.11725
2025-11-09 07:00:00,1.202854,0.9491008,1.8673579,0.095213704,5.003426,0.94229126,2.8887727,231.72513
2025-11-09 08:00:00,1.3695781,0.89554,1.9832325,0.03779432,5.4622097,0.94780576,3.1944363,236.82013
2025-11-09 09:00:00,1.5659378,0.7445588,2.0891342,0.1325877,5.804435,0.8822691,3.3576512,244.57025
2025-11-09 10:00:00,1.7068911,0.55672354,2.133746,0.16386688,6.040621,0.8479513,3.4953175,251.93562
2025-11-09 11:00:00,1.8962188,0.4270168,2.2361197,0.117325865,6.1843495,0.94028103,3.5296803,257.30905
2025-11-09 12:00:00,1.972342,0.2774782,2.271364,0.20485602,6.1732907,0.98042405,3.4819329,261.9919
2025-11-09 13:00:00,1.9452565,0.20129395,2.19653,0.26994437,6.226829,0.9963695,3.2507102,264.0921
2025-11-09 14:00:00,1.8237062,0.18513778,2.0686398,0.23586854,6.363246,0.9228679,3.120965,264.20334
2025-11-09 15:00:00,1.517621,0.22606225,1.7883321,0.10603994,6.371573,0.7914519,2.7971268,261.52762
2025-11-09 16:00:00,1.3973533,0.35216296,1.7393318,0.11766077,6.398228,0.80252457,2.5970714,255.8548
2025-11-09 17:00:00,1.4168133,0.44455656,1.785223,0.03726234,6.1097507,0.83954346,2.6303196,252.57959
2025-11-09 18:00:00,1.4612011,0.5263519,1.81409,0.018716123,6.084001,0.79796785,2.744167,250.19003
2025-11-09 19:00:00,1.4878651,0.5806489,1.8320572,0.03451,6.083065,0.86635906,2.844486,248.68147
2025-11-09 20:00:00,1.4677755,0.6246276,1.8364369,0.022710625,6.2494855,0.85831535,2.8762414,246.9473
2025-11-09 21:00:00,1.439014,0.7084693,1.8593388,0.16678518,5.850008,0.89295644,2.8991535,243.78761
2025-11-09 22:00:00,1.3316939,0.8222615,1.8391788,0.16631909,5.6590996,0.8270794,3.1059334,238.30652
2025-11-09 23:00:00,1.3201888,0.927449,1.8951422,0.1281384,6.255955,0.86921585,3.0433893,234.91148
2025-11-10 00:00:00,1.3259739,0.9480962,1.931754,0.06095797,6.282537,0.972923,3.0776987,234.43452
2025-11-10 01:00:00,1.2591821,1.0110165,1.9530872,0.1163851,6.5320725,0.96902025,3.1440015,231.2385
2025-11-10 02:00:00,1.2021691,1.0611861,1.9637561,0.053592212,6.797797,0.9741527,3.0983946,228.56432
2025-11-10 03:00:00,1.1758208,1.0913973,1.965178,0.17882605,7.3173804,0.9100623,2.9927592,227.13252
2025-11-10 04:00:00,1.078572,1.1284386,1.95355,0.19190249,7.554887,0.8088403,2.9264662,223.70564
2025-11-10 05:00:00,0.97063506,1.2162818,1.9938145,0.042390864,7.8195515,0.7329516,3.0429323,218.59108
2025-11-10 06:00:00,0.88215226,1.2874385,2.0612807,0.072461054,7.940658,0.72076905,3.1967182,214.41893
2025-11-10 07:00:00,0.80151945,1.4090556,2.1685307,0.23388483,8.415002,0.76581585,3.3803291,209.63272
2025-11-10 08:00:00,0.89311796,1.4843304,2.3562222,0.10890999,8.968818,0.848177,3.5869954,211.03522
2025-11-10 09:00:00,0.9706281,1.5376537,2.4713755,0.057010047,9.321194,0.9340992,3.962058,212.26175
2025-11-10 10:00:00,0.85895395,1.6012008,2.3885808,0.021727627,9.378959,0.9195259,4.3247094,208.21106
2025-11-10 11:00:00,0.8451905,1.6941243,2.4889438,0.27923414,9.142018,0.82291025,4.407171,206.51439
2025-11-10 12:00:00,0.7891672,1.7896214,2.5716734,0.016891452,9.151868,0.80694467,4.6534348,203.79599
2025-11-10 13:00:00,0.73628193,1.8233951,2.6023324,0.016939078,9.5737095,0.87415004,4.6644955,201.98872
2025-11-10 14:00:00,0.5406911,1.8246988,2.5380912,0.014354953,9.615674,0.9636839,4.5396457,196.50551
2025-11-10 15:00:00,0.2446784,1.7190325,2.3442414,0.10071313,9.70159,0.82150847,4.299943,188.10078
2025-11-10 16:00:00,-0.012970796,1.807674,2.4110017,0.10589537,10.102488,0.96570337,4.321159,179.5889
2025-11-10 17:00:00,-0.12008213,2.0269306,2.5333142,0.043284666,10.4599085,0.86500895,4.549021,176.60957
2025-11-10 18:00:00,-0.10794315,2.2794478,2.6921613,0.11744158,10.460871,1.0183531,4.6686454,177.28879
2025-11-10 19:00:00,-0.024315912,2.4864094,2.8454993,0.110652655,10.715288,1.0515759,4.8337846,179.4397
2025-11-10 20:00:00,0.040795814,2.6185813,2.9527981,0.07885928,11.089583,1.1455697,4.8434997,180.89256
2025-11-10 21:00:00,0.10511697,2.7304134,3.055081,0.318045,10.841429,1.243601,4.995416,182.20471
2025-11-10 22:00:00,0.028108751,2.6724768,2.9299507,0.25860474,10.806809,1.3248657,4.681967,180.6026
2025-11-10 23:00:00,0.1319246,2.9340549,3.1846237,0.2653657,10.8320675,1.4445642,4.8286905,182.57446
2025-11-11 00:00:00,0.40737832,3.0557594,3.3590121,0.44250703,11.058411,1.5792711,5.0349617,187.5936
2025-11-11 01:00:00,0.5866815,3.1613443,3.501916,0.44856647,11.852625,1.6317397,5.1743493,190.51334
2025-11-11 02:00:00,0.8175214,3.2206318,3.6205106,0.12202703,11.863368,1.6462551,5.249512,194.24307
2025-11-11 03:00:00,1.1588976,3.2574706,3.7472541,0.19614466,11.605252,1.6871992,5.3621764,199.58383
2025-11-11 04:00:00,1.4343988,3.1511772,3.734187,0.40751866,11.26971,1.6138068,5.520076,204.47478
2025-11-11 05:00:00,1.6569895,3.0824816,3.7454047,0.13404833,10.830564,1.6574004,5.6341815,208.26028
2025-11-11 06:00:00,1.7935734,2.9609306,3.6980748,0.12525482,10.499126,1.6377703,5.8331037,211.20525
2025-11-11 07:00:00,2.0143914,2.8804643,3.7461276,0.099388756,10.669634,1.7339447,5.742953,214.9662
2025-11-11 08:00:00,2.2570508,2.8249776,3.8368807,0.43037608,10.36878,1.7651099,5.7300406,218.62354
2025-11-11 09:00:00,2.6613774,2.670543,3.9831188,0.29209384,10.485264,1.5353696,6.044173,224.90152
2025-11-11 10:00:00,2.6335647,2.3780992,3.7820847,0.31408995,10.074688,1.2110384,6.138302,227.91809
2025-11-11 11:00:00,3.014033,2.2725248,4.007963,0.085396975,10.000298,1.3502909,6.0456524,232.98439
2025-11-11 12:00:00,3.0599449,2.121851,3.9712987,0.0983176,9.157289,1.3099439,5.989439,235.26149
2025-11-11 13:00:00,2.796974,2.041124,3.7405937,0.109258525,9.291933,1.2464488,5.878667,233.87947
2025-11-11 14:00:00,2.3790808,1.9863207,3.4172761,0.1554839,9.528508,1.0101652,5.67218,230.14113
2025-11-11 15:00:00,1.7985283,1.895538,2.9740856,0.084438525,10.588298,0.856368,5.623599,223.49571
2025-11-11 16:00:00,1.3314717,2.0388958,2.897528,0.14894055,11.0383215,1.0723923,5.7709036,213.14597
2025-11-11 17:00:00,1.0561057,2.19277,2.9161801,0.08082465,11.067172,1.2398342,5.784721,205.7169
2025-11-11 18:00:00,0.792459,2.3455262,3.005768,0.1306244,11.370047,1.3642989,5.5668488,198.66806
2025-11-11 19:00:00,0.572777,2.4782252,3.070118,0.16959609,11.281295,1.3904887,5.5572047,193.01392
2025-11-11 20:00:00,0.5251836,2.5798633,3.1062179,0.18493843,11.646899,1.367996,5.532104,191.5065
2025-11-11 21:00:00,0.47675428,2.6850343,3.1506507,0.13749363,12.167836,1.4498744,5.5371046,190.0685
2025-11-11 22:00:00,0.38880262,2.7735727,3.171074,0.27777,13.51802,1.5114765,5.8366814,187.9798
2025-11-11 23:00:00,0.23931432,2.8001726,3.1809218,0.11301989,13.191904,1.5680376,5.7937346,184.88487
2025-11-12 00:00:00,0.15262748,2.9078176,3.2208984,0.11280226,11.971483,1.5502694,5.8793745,183.00464
2025-11-12 01:00:00,0.02397197,2.950658,3.1990433,0.124091655,12.12965,1.5260812,5.668955,180.46548
2025-11-12 02:00:00,-0.16364515,3.0758321,3.343084,0.21826303,12.707072,1.5138241,5.791318,176.95453
2025-11-12 03:00:00,-0.25150195,3.1839485,3.4139075,0.14355305,12.617137,1.5646476,6.1607575,175.48355
2025-11-12 04:00:00,-0.32967108,3.3542678,3.5827615,0.117838025,13.181423,1.4106734,6.8539057,174.38678
2025-11-12 05:00:00,-0.2985448,3.5071354,3.7490115,0.032025494,13.676148,1.451879,7.3325257,175.13443
2025-11-12 06:00:00,-0.21173921,3.6557019,3.876285,0.16492823,13.698591,1.4377649,7.838807,176.68512
2025-11-12 07:00:00,-0.2197847,3.858741,4.0724187,0.1925461,13.290319,1.5490582,8.151117,176.7401
2025-11-12 08:00:00,-0.088149615,4.1099977,4.317153,0.3011619,13.458495,1.7210524,8.527619,178.77133
2025-11-12 09:00:00,0.100408606,4.128878,4.321923,0.20708908,13.43251,1.5837712,8.807513,181.3931
2025-11-12 10:00:00,0.072631426,3.6957924,3.935339,0.07935809,13.000258,1.4173726,8.72667,181.12585
2025-11-12 11:00:00,0.1863523,3.881516,4.0971055,0.66732866,12.763242,1.4456656,8.689155,182.74867
2025-11-12 12:00:00,0.20698836,3.8882835,4.115829,0.052874416,12.415211,1.4075518,8.642247,183.04721
2025-11-12 13:00:00,0.22365591,3.8199515,4.0937514,0.06225099,12.199785,1.325628,8.56046,183.35081
2025-11-12 14:00:00,0.20461954,3.7588952,4.080965,0.1783335,11.721628,1.3116769,8.54395,183.11589
2025-11-12 15:00:00,0.21500623,3.8037312,4.1325827,0.25311252,11.484525,1.5696537,8.470264,183.2352
2025-11-12 16:00:00,0.2900176,3.9410887,4.257647,0.29024613,12.049458,1.8409874,8.44837,184.20871
2025-11-12 17:00:00,0.49096143,4.0868974,4.391698,0.32378492,11.592231,1.9059137,8.763351,186.85016
2025-11-12 18:00:00,0.6963245,4.1031213,4.4535813,0.21157378,11.610661,1.8566227,8.67943,189.63168
2025-11-12 19:00:00,0.94063383,4.092537,4.4962893,0.18853155,11.393708,1.8027965,8.559354,192.94412
2025-11-12 20:00:00,1.1567078,4.066661,4.516,0.04269644,11.100583,1.8990486,8.524148,195.87772
2025-11-12 21:00:00,1.3160166,3.9903665,4.4894357,0.21572039,11.144353,1.9550971,8.5054035,198.25247
2025-11-12 22:00:00,1.2518723,3.923301,4.375862,0.31064948,10.9598465,2.095662,8.265415,197.69719
2025-11-12 23:00:00,1.2386882,3.9218812,4.359159,0.37187207,10.652182,2.1944401,7.8918,197.52823
2025-11-13 00:00:00,1.3127478,3.9207826,4.3677416,0.16969067,10.501916,2.1671846,7.8074093,198.51147
2025-11-13 01:00:00,1.380711,3.9201818,4.4098253,0.21933976,10.574176,2.132697,7.8234167,199.40256
2025-11-13 02:00:00,1.4322885,3.8979707,4.419824,0.18546873,10.676535,2.1249604,7.720411,200.1756
2025-11-13 03:00:00,1.440762,3.8617532,4.385834,0.25701028,10.23796,2.1168675,7.712817,200.4598
2025-11-13 04:00:00,1.4418389,3.8962731,4.4211493,0.1928762,9.946971,2.1177964,7.765275,200.3073
2025-11-13 05:00:00,1.5772655,3.9572303,4.519567,0.27708536,10.588601,2.0969634,7.7882977,201.73114
2025-11-13 06:00:00,1.6977085,4.0529823,4.653177,0.057706606,10.87712,2.1458406,7.9590907,202.72778
2025-11-13 07:00:00,1.7990208,4.1203847,4.763032,0.09317129,11.387658,2.0175548,8.383683,203.58679
2025-11-13 08:00:00,2.1347966,4.2190533,5.02292,0.20826496,12.448264,2.0330071,8.7837715,206.83893
2025-11-13 09:00:00,2.5671947,4.106029,5.133925,0.45250997,13.044049,1.8541863,9.083642,212.01468
2025-11-13 10:00:00,2.3236184,3.3832228,4.426157,0.21522267,12.859095,1.5888118,8.8497505,214.48152
2025-11-13 11:00:00,2.5629494,3.4821784,4.643901,0.20576148,13.348705,1.4757533,9.418313,216.35378
2025-11-13 12:00:00,2.7980702,3.4293811,4.7601347,0.3247727,13.576822,1.4004655,9.601096,219.2114
2025-11-13 13:00:00,3.0804834,3.2892191,4.9093513,0.08429224,14.459213,1.3871554,9.897634,223.12308
2025-11-13 14:00:00,3.127608,3.0534565,4.8146944,0.093017675,14.954188,1.3528657,10.163095,225.68732
2025-11-13 15:00:00,2.9410396,2.754915,4.584669,0.28574097,14.431972,1.6438762,9.886338,226.87157
2025-11-13 16:00:00,2.7831156,2.561657,4.4482355,0.3140777,13.129174,1.8189338,9.161035,227.37268
2025-11-13 17:00:00,2.658645,2.4286206,4.2869945,0.25338286,13.483929,1.8570673,8.100409,227.58891
2025-11-13 18:00:00,2.539025,2.2761486,4.1291814,0.21429169,13.555432,1.7701555,7.1978664,228.12488
2025-11-13 19:00:00,2.3667483,2.0619392,3.9888859,0.15046452,13.821418,1.7181461,6.709895,228.93724
2025-11-13 20:00:00,2.058838,1.8023999,3.7718055,0.11648634,14.113853,1.6274648,6.206869,228.79964
2025-11-13 21:00:00,1.6670718,1.578264,3.5169072,0.093366645,13.57868,1.715521,5.8061795,226.5675
2025-11-13 22:00:00,1.1551856,1.3507113,3.100042,0.10045526,11.968195,1.513142,5.197974,220.53847
2025-11-13 23:00:00,0.8674473,1.3580627,2.952285,0.13501653,10.983163,1.4597296,4.6362963,212.56796
2025-11-14 00:00:00,0.5782013,1.3463923,2.8100708,0.12762858,9.931874,1.370914,4.281025,203.24086
2025-11-14 01:00:00,0.29664984,1.2794808,2.7731922,0.22182444,8.809318,1.35223,4.248042,193.0535
2025-11-14 02:00:00,0.05307914,1.2174253,2.824577,0.18564619,8.921043,1.3197736,4.4978247,182.49649
2025-11-14 03:00:00,-0.1735316,1.1507391,2.8642256,0.13028316,8.427557,1.3745393,4.536099,171.42441
2025-11-14 04:00:00,-0.40097582,1.1169553,2.8376539,0.13066266,8.055791,1.3086066,4.580403,160.25238
2025-11-14 05:00:00,-0.56316274,1.1574876,2.8215659,0.10382058,8.000777,1.224231,4.549024,154.05527
2025-11-14 06:00:00,-0.6775653,1.140237,2.90384,0.1443692,9.00435,1.4034308,4.768395,149.27988
2025-11-14 07:00:00,-0.80584055,1.1265762,3.0390065,0.22791676,9.6532135,1.5679054,4.9792123,144.42386
2025-11-14 08:00:00,-0.90108883,1.1076363,3.1490972,0.13873813,9.770987,1.6068752,5.1832905,140.87083
2025-11-14 09:00:00,-0.9071453,0.99674493,3.1960175,0.13878408,10.097261,1.5601109,5.291396,137.69443
2025-11-14 10:00:00,-1.0308009,0.6240783,3.0179248,0.30737856,10.15392,1.4625466,5.18684,121.192
2025-11-14 11:00:00,-1.0404313,0.62264067,3.135884,0.2117243,10.553723,1.3819957,5.2980824,120.89819
2025-11-14 12:00:00,-1.0342873,0.5400605,3.1950371,0.1567716,11.316499,1.2401575,5.3350105,117.57164
2025-11-14 13:00:00,-1.1317613,0.38203514,3.308287,0.07380689,11.805313,1.2901565,5.456387,108.65253
2025-11-14 14:00:00,-1.2453395,0.2498371,3.354914,0.17042935,11.51688,1.364905,5.686766,101.34396
2025-11-14 15:00:00,-1.3665887,0.19992024,3.3898954,0.13902567,11.013538,1.5615265,5.6386533,98.322845
2025-11-14 16:00:00,-1.5331339,0.16465677,3.460001,0.16966854,11.205242,1.6304634,5.8287725,96.13002
2025-11-14 17:00:00,-1.5912818,0.12380528,3.4573867,0.064669855,12.035246,1.6967125,5.9081955,94.44879
2025-11-14 18:00:00,-1.6585693,0.054201692,3.4737759,0.09689289,12.434463,1.645162,6.090891,91.871765
2025-11-14 19:00:00,-1.7231025,-0.012004543,3.5089028,0.070023164,12.522574,1.6553017,6.2556267,89.60083
2025-11-14 20:00:00,-1.794778,-0.084161706,3.5772095,0.30667764,12.563827,1.6020114,6.5685554,87.315216
2025-11-14 21:00:00,-1.8737867,-0.18668592,3.6632826,0.06362975,12.873907,1.5325695,7.1860495,84.31036
2025-11-14 22:00:00,-2.1249502,-0.2907195,3.694383,0.19959034,13.172768,1.4318824,7.432292,82.209595
2025-11-14 23:00:00,-2.252893,-0.25682193,3.7134671,0.40574422,13.810799,1.3459476,7.683371,83.49655
2025-11-15 00:00:00,-2.367704,-0.16755594,3.7277713,0.026217837,13.685349,1.3628814,7.872011,85.95209
2025-11-15 01:00:00,-2.5302293,-0.18567184,3.773416,0.11271626,13.382339,1.2431158,8.024926,85.80307
2025-11-15 02:00:00,-2.636433,-0.113023914,3.7892897,0.17885521,13.201312,1.2370985,7.9402447,87.54523
2025-11-15 03:00:00,-2.7447069,-0.04158886,3.8470228,0.06686652,13.25538,1.2476126,7.845267,89.1319
2025-11-15 04:00:00,-2.8646777,-0.016384227,3.859561,0.05852746,13.312295,1.201045,7.823876,89.6723
2025-11-15 05:00:00,-3.0212398,-0.016825495,3.892624,0.09605527,13.194215,1.1835917,7.8967376,89.68091
2025-11-15 06:00:00,-3.207125,-0.03795892,3.9571743,0.052664325,12.911007,1.1926221,8.162583,89.3219
2025-11-15 07:00:00,-3.3735375,0.0095054,4.012097,0.051804587,13.148252,1.2255431,8.099802,90.16144
2025-11-15 08:00:00,-3.5242565,0.12709829,4.066557,0.08467888,13.172386,1.1957946,7.870735,92.06543
2025-11-15 09:00:00,-3.5547345,0.20866683,4.0199466,0.120695636,13.408954,1.083772,7.658354,93.35948
2025-11-15 10:00:00,-3.4514272,0.20590994,3.9067202,0.13470784,13.743106,1.2872379,7.119795,93.4142
2025-11-15 11:00:00,-3.4565973,0.2661698,3.9175692,0.1617399,13.268172,1.2577468,7.0923495,94.40329
2025-11-15 12:00:00,-3.3745508,0.41390538,3.9540422,0.117163464,12.919157,1.1991184,6.9756546,96.99269
2025-11-15 13:00:00,-3.243058,0.39036188,3.9142864,0.1927423,12.9542465,1.2761916,6.799783,96.86359
2025-11-15 14:00:00,-3.118115,0.35640737,3.8066797,0.123447925,12.318478,1.26486,6.6703167,96.52075
2025-11-15 15:00:00,-3.0147846,0.33818302,3.764402,0.21902436,12.112659,1.3207778,6.7641916,96.40039
2025-11-15 16:00:00,-3.0039842,0.41720086,3.7922904,0.3979035,11.929027,1.5053072,6.94603,97.906815
2025-11-15 17:00:00,-2.9491107,0.6156167,3.8186011,0.26083788,12.049554,1.647214,7.030569,101.790985
2025-11-15 18:00:00,-2.8111763,0.8200733,3.8253684,0.21077591,11.869006,1.620224,7.0877457,106.26297
2025-11-15 19:00:00,-2.6200368,0.9882219,3.7889376,0.20316724,11.57047,1.5705497,7.0777426,110.665405
2025-11-15 20:00:00,-2.3938875,1.111919,3.6927722,0.031186583,11.084189,1.479618,6.888587,114.91406
2025-11-15 21:00:00,-2.126283,1.2249516,3.5999422,0.06947421,10.602741,1.4787251,6.714254,119.94626
2025-11-15 22:00:00,-1.75314,1.0702263,3.2381644,0.31097582,9.920429,1.4088295,6.44401,121.40251
2025-11-15 23:00:00,-1.5571582,1.089172,3.2070045,0.1646127,9.524989,1.4270897,6.2336154,124.97131
2025-11-16 00:00:00,-1.3184122,1.0269392,3.1187148,0.1701039,9.297443,1.4371533,5.5874157,127.91579
2025-11-16 01:00:00,-1.1161507,0.92287713,2.9878213,0.116088584,9.085668,1.4654584,5.0633583,129.58528
2025-11-16 02:00:00,-0.94676954,0.824234,2.8929007,0.073024824,8.976348,1.4831667,4.8241496,131.04202
2025-11-16 03:00:00,-0.843738,0.7282154,2.8312793,0.06987526,9.194159,1.4396436,4.6235023,130.7969
2025-11-16 04:00:00,-0.74168146,0.59536207,2.7875698,0.16854031,9.260506,1.4503129,4.6623316,128.7547
2025-11-16 05:00:00,-0.6070037,0.44223806,2.804252,0.16540228,9.190443,1.391718,4.7328258,126.07556
2025-11-16 06:00:00,-0.535014,0.2655549,2.7936184,0.19725487,9.107945,1.2658095,4.773952,116.39758
2025-11-16 07:00:00,-0.44030556,0.20787914,2.8039963,0.05324436,9.014964,1.3037039,4.617201,115.27316
2025-11-16 08:00:00,-0.32258648,0.10286197,2.7968311,0.2650661,8.667316,1.2284589,4.4749575,107.685745
2025-11-16 09:00:00,-0.20465253,-0.101023905,2.6603782,0.044202108,8.323877,1.0181733,4.3362455,63.727356
2025-11-16 10:00:00,-0.061803043,-0.38346452,2.5007842,0.067329906,7.776592,0.8676774,4.3418283,9.15564
2025-11-16 11:00:00,0.18735483,-0.5262612,2.57044,0.037212558,7.24362,0.90913683,4.482015,340.4037
2025-11-16 12:00:00,0.47806692,-0.6205539,2.6269882,0.08345017,6.8949385,0.76468724,4.4757223,322.3898
2025-11-16 13:00:00,0.75330865,-0.7404587,2.6284897,0.03989611,7.9423637,0.7756935,4.2536907,314.50714
2025-11-16 14:00:00,0.9082382,-0.8834039,2.6052737,0.037259843,8.650158,0.8609067,4.2252274,314.20587
2025-11-16 15:00:00,0.981901,-0.8742919,2.539425,0.28712705,9.20752,1.0956697,4.0906153,311.6821
2025-11-16 16:00:00,1.2246989,-0.8114492,2.6343884,0.0038640907,9.639768,1.2299908,4.404118,303.52728
2025-11-16 17:00:00,1.5121295,-0.8100825,2.7078714,0.06802924,10.025112,1.1101837,4.922665,298.179
2025-11-16 18:00:00,1.7826451,-0.76971686,2.804949,0.010011452,10.369942,1.0968883,5.6131415,293.35388
2025-11-16 19:00:00,1.9928433,-0.78167474,2.9396203,0.19647089,10.485927,1.1057887,6.3238206,291.41714
2025-11-16 20:00:00,2.1500194,-0.80192196,3.071205,0.21641427,10.512773,1.1887378,6.843213,290.45468
2025-11-16 21:00:00,2.231196,-0.8128592,3.1818397,0.08564148,11.26212,1.2011455,7.2571445,290.01746
2025-11-16 22:00:00,2.214077,-0.8422443,3.204441,0.39975664,11.928506,1.2802361,7.307891,290.82703
2025-11-16 23:00:00,2.2572846,-0.89833814,3.2678127,0.34505883,12.061598,1.262156,7.465273,291.7012
2025-11-17 00:00:00,2.3910437,-0.8834055,3.3912818,0.2294681,12.919522,1.3776599,7.424775,290.27747
2025-11-17 01:00:00,2.5039375,-0.92671657,3.504035,0.5339868,13.897024,1.3969202,7.295415,290.3097
2025-11-17 02:00:00,2.5820432,-1.0419427,3.5715332,0.24623094,13.087175,1.4191461,7.4717402,291.97577
2025-11-17 03:00:00,2.631455,-1.2195109,3.651696,0.06279838,13.757604,1.4574168,7.9283633,294.86472
2025-11-17 04:00:00,2.6244156,-1.5233715,3.7476354,0.27348498,14.2111435,1.4860705,7.626663,300.1335
2025-11-17 05:00:00,2.6094625,-1.774466,3.861865,0.31341198,13.816132,1.5634196,7.328237,304.2162
2025-11-17 06:00:00,2.5785222,-2.1004272,4.0022726,0.27740553,15.481204,1.6237143,7.333861,309.16577
2025-11-17 07:00:00,2.5214415,-2.361488,4.0980177,0.34453315,15.249943,1.795853,7.209807,313.12378
2025-11-17 08:00:00,2.5152028,-2.6640642,4.268678,0.63368195,14.584804,2.248512,7.0576773,316.64633
2025-11-17 09:00:00,2.483069,-3.1205766,4.4903617,0.72111356,14.631525,2.5503845,7.2786503,321.49045
2025-11-17 10:00:00,2.2260873,-3.398568,4.511614,0.4195845,15.120837,2.526676,6.91534,326.7749
2025-11-17 11:00:00,2.3659198,-3.8364155,4.8948045,0.9548207,14.637625,3.0190482,7.34442,328.33783
2025-11-17 12:00:00,2.440736,-4.0545535,5.0663238,0.8210212,13.5292225,3.0890446,7.6734467,328.95316
2025-11-17 13:00:00,2.5937035,-4.0495896,5.1038775,1.326521,13.381899,3.1627858,7.892333,327.36102
2025-11-17 14:00:00,2.6533468,-3.7835789,4.920914,1.1657008,13.882524,3.0494082,7.9312296,324.9588
2025-11-17 15:00:00,2.7689688,-3.5057333,4.752975,0.78605556,13.682972,2.905123,7.7624335,321.6969
2025-11-17 16:00:00,2.8408368,-3.1409934,4.5129495,0.47746825,13.353932,2.5621257,7.518045,317.8726
2025-11-17 17:00:00,2.9499009,-2.8474517,4.3697124,1.0249628,13.159978,2.443345,7.495322,313.98758
2025-11-17 18:00:00,3.046685,-2.5303051,4.208745,0.95341605,13.084562,2.3667011,7.3661203,309.71
2025-11-17 19:00:00,3.191764,-2.2325828,4.1245914,1.2266642,13.057327,2.4140618,7.4544473,304.9721
2025-11-17 20:00:00,3.3201509,-1.9766269,4.092967,1.2563107,12.790422,2.2184572,7.389296,300.76715
2025-11-17 21:00:00,3.4325578,-1.7176943,4.08288,1.0475777,11.998721,2.060638,7.4874196,296.58395
2025-11-17 22:00:00,3.3843763,-1.1735687,3.8970811,0.18758546,12.377357,1.7952881,7.4986563,289.12454
2025-11-17 23:00:00,3.509957,-0.8975966,3.954443,0.27036238,12.1982,1.7052655,7.9329405,284.34476
2025-11-18 00:00:00,3.5614166,-0.6819693,4.000787,0.28817645,11.641725,1.7757636,8.164108,280.84024
2025-11-18 01:00:00,3.603949,-0.5335726,4.0779696,0.7197921,11.387413,1.7411616,8.32433,278.4216
2025-11-18 02:00:00,3.5644555,-0.3785813,4.0627365,0.7194912,11.39624,1.6013279,8.407496,276.06265
2025-11-18 03:00:00,3.5288882,-0.14851916,4.023393,0.19509657,11.391632,1.4797542,8.417213,272.40997
2025-11-18 04:00:00,3.448822,0.078327075,3.9445426,0.08100394,11.183235,1.3703253,8.439774,268.69897
2025-11-18 05:00:00,3.395411,0.33851334,3.8989077,0.20931116,11.119251,1.2107669,8.420543,264.30658
2025-11-18 06:00:00,3.3119407,0.57506084,3.8525748,0.20110826,11.361606,1.1140645,8.365018,260.14978
2025-11-18 07:00:00,3.2618148,0.8372675,3.8733912,0.073665924,11.56312,1.0372914,8.146755,255.6037
2025-11-18 08:00:00,3.3710897,1.0671383,4.05786,0.0622409,11.611703,1.1995904,7.8399906,252.43451
2025-11-18 09:00:00,3.5847175,1.2610754,4.2698703,0.065666705,11.831821,1.1304035,7.5450697,250.61853
2025-11-18 10:00:00,3.228705,1.3045307,3.9562778,0.04150652,10.396792,1.0180832,6.827605,247.99925
2025-11-18 11:00:00,3.5003905,1.5850302,4.2139273,0.093824126,11.400963,0.837069,6.812495,245.63826
2025-11-18 12:00:00,3.5133893,1.7100483,4.2547264,0.0223023,11.820803,0.8721045,6.7659893,244.04674
2025-11-18 13:00:00,3.4321837,1.7665058,4.160363,0.011560494,12.091682,0.7729949,6.53146,242.76564
2025-11-18 14:00:00,3.317488,1.7973797,4.0550423,0.07937904,11.986984,0.7649359,6.127002,241.55164
2025-11-18 15:00:00,2.988487,1.815864,3.8169396,0.13004015,11.754537,0.91109776,5.8349795,238.71631
2025-11-18 16:00:00,2.8243833,1.9093459,3.7755873,0.037658278,11.590884,1.154178,5.656988,235.94043
2025-11-18 17:00:00,2.7163596,2.10209,3.8063834,0.050335035,11.644732,1.0759273,5.692186,232.26505
2025-11-18 18:00:00,2.6771207,2.2513824,3.8528194,0.026377711,11.922767,1.1297246,6.153612,229.93712
2025-11-18 19:00:00,2.618936,2.3780951,3.857023,0.3337454,12.086474,1.2636502,5.7253914,227.75934
2025-11-18 20:00:00,2.5568469,2.461585,3.8413763,0.11605591,11.844652,1.3875997,5.5559297,226.08748
2025-11-18 21:00:00,2.4578981,2.5542862,3.7988417,0.3275142,11.5080185,1.3493167,5.403144,223.8983
2025-11-18 22:00:00,2.0475228,2.502078,3.5704494,0.0833862,11.050913,1.68623,4.894952,219.29446
2025-11-18 23:00:00,2.0382454,2.7694533,3.6718721,0.05077089,11.626002,1.5047146,5.1295986,216.3521
2025-11-19 00:00:00,2.1245286,2.888907,3.7712793,0.08466733,11.736296,1.4660039,5.2214274,216.33112
2025-11-19 01:00:00,2.1025126,2.9978554,3.8559225,0.10860181,11.294496,1.5023131,5.29991,215.04347
2025-11-19 02:00:00,2.042052,3.0266807,3.9055684,0.0410955,10.84734,1.5802165,5.4858246,214.0069
2025-11-19 03:00:00,1.957291,3.0634856,3.959537,0.4091951,10.6446905,1.5716503,5.7578716,212.57492
2025-11-19 04:00:00,1.8042272,3.037961,3.9164321,0.5048576,10.563687,1.5452871,5.7444816,210.70584
2025-11-19 05:00:00,1.6140896,3.0566032,3.8982565,0.20249441,10.540076,1.5169935,5.712167,207.83704
2025-11-19 06:00:00,1.4106132,3.076246,3.878848,0.014823032,10.318748,1.5296065,5.6651278,204.63383
2025-11-19 07:00:00,1.1803696,3.1276941,3.8889747,0.18472598,9.980424,1.5508964,5.595742,200.67615
2025-11-19 08:00:00,1.0064,3.2351136,3.9794378,0.005442791,10.10528,1.6337533,5.6253967,197.28021
2025-11-19 09:00:00,0.9991682,3.3147352,4.117442,0.2147796,9.996288,1.4926145,6.1598806,196.7745
2025-11-19 10:00:00,0.99369895,3.0501528,3.9457426,0.5308007,9.695559,1.767997,5.850082,198.04492
2025-11-19 11:00:00,0.9282095,3.2291615,4.202443,0.20101304,9.805521,1.7594134,6.1331306,196.03708
2025-11-19 12:00:00,0.79938984,3.2605686,4.3135614,0.13160552,9.6550045,1.645813,6.2222786,193.77542
2025-11-19 13:00:00,0.59216267,3.1234782,4.2637825,0.08396233,9.621483,1.5822906,6.249892,190.73499
2025-11-19 14:00:00,0.25256017,2.8208838,3.985981,0.15956357,9.693731,1.4087625,6.024979,185.11618
2025-11-19 15:00:00,0.06123723,2.713578,3.9571962,0.17191377,10.086868,1.4798107,6.418186,181.29279
2025-11-19 16:00:00,0.04508807,2.6153276,3.959659,0.15447338,10.618117,1.4555788,6.420572,180.98767
2025-11-19 17:00:00,0.108147286,2.4870217,4.0160165,0.28200316,10.651297,1.5568659,6.615653,182.48993
2025-11-19 18:00:00,0.20292087,2.2985494,4.0220485,0.15881065,10.5795355,1.5091674,6.6819882,185.04512
2025-11-19 19:00:00,0.3290261,2.0686798,3.9933753,0.09396868,10.451647,1.6004407,6.3402934,189.03726
2025-11-19 20:00:00,0.41258898,1.8155918,3.958248,0.060890183,10.038271,1.6454436,6.156183,192.8029
2025-11-19 21:00:00,0.47338742,1.5741879,3.886166,0.022569817,10.030252,1.6574203,5.908828,196.73701
2025-11-19 22:00:00,0.3739789,1.2198466,3.5882454,0.582454,9.167873,1.6107495,5.6053753,197.04443
2025-11-19 23:00:00,0.46778786,1.148734,3.6543128,0.20141499,8.943625,1.5557877,5.511444,202.15717
2025-11-20 00:00:00,0.70430243,0.9553437,3.6730924,0.029951278,8.994452,1.5676544,5.7591147,216.39853
2025-11-20 01:00:00,0.8738139,0.8216276,3.7603884,0.20846485,9.124614,1.5978906,5.884213,226.76303
2025-11-20 02:00:00,1.119666,0.6588823,3.843441,0.067486115,9.424809,1.6428734,6.0313773,239.52475
2025-11-20 03:00:00,1.4002867,0.47840923,3.9071677,0.04379698,10.004616,1.5920212,5.965503,251.13722
2025-11-20 04:00:00,1.635216,0.29463732,3.9474545,0.16878209,10.450378,1.6071826,5.9055233,259.7859
2025-11-20 05:00:00,1.8666011,0.12728758,4.0305867,0.23325498,11.325539,1.7529192,5.985252,266.0989
2025-11-20 06:00:00,2.011451,-0.0603914,4.079445,0.17636395,11.611728,1.9187046,6.099847,271.71973
2025-11-20 07:00:00,2.1250627,-0.17203006,4.0863905,0.16641632,11.569037,2.1561632,6.0915685,274.62817
2025-11-20 08:00:00,2.3339787,-0.2644142,4.1703963,0.07045642,11.572476,2.2725358,6.037568,276.46344
2025-11-20 09:00:00,2.6040332,-0.4591852,4.3097997,0.13200669,11.81143,2.3735087,6.003195,280.00052
2025-11-20 10:00:00,2.4247499,-0.48094836,4.0711164,0.13571398,10.826731,2.1837249,6.0188885,281.219
2025-11-20 11:00:00,2.9203255,-0.700811,4.332365,0.5613167,11.15647,2.2869925,6.1056857,283.49448
2025-11-20 12:00:00,3.0875816,-0.8906547,4.302919,0.68910754,11.7204485,2.2687502,5.8597345,286.0909
2025-11-20 13:00:00,3.057642,-1.0729098,4.174188,0.16485393,12.149261,2.1161332,5.7946725,289.3357
2025-11-20 14:00:00,2.821818,-1.1298543,3.8372192,0.2547808,12.0576515,1.7673062,5.782771,291.82114
2025-11-20 15:00:00,2.420642,-1.024487,3.3311696,0.145523,12.273371,1.3023598,5.5221076,292.9395
2025-11-20 16:00:00,2.2469544,-0.9240665,3.1769385,0.14580245,12.186261,1.3494828,5.5792947,292.35504
2025-11-20 17:00:00,2.1354165,-0.88863355,3.1471086,0.123841584,12.246722,1.3090549,5.722686,292.59418
2025-11-20 18:00:00,1.955589,-0.8429739,3.0621932,0.07050936,12.53733,1.1784773,5.873222,293.31888
2025-11-20 19:00:00,1.8569319,-0.86811334,2.9971437,0.056149658,12.593005,1.1576437,5.824194,295.05603
2025-11-20 20:00:00,1.6981617,-0.88000613,2.8669477,0.093873754,12.396869,1.0080132,5.7136226,297.39368
2025-11-20 21:00:00,1.5357027,-0.92627984,2.7449296,0.049589764,12.418072,0.9606937,5.4969807,301.09683
2025-11-20 22:00:00,1.1742299,-0.81213915,2.5456412,0.05902076,12.456708,0.76106,5.6078134,304.66913
2025-11-20 23:00:00,1.0959023,-0.963162,2.5348427,0.06577519,12.595755,0.85509586,5.921407,311.31146
2025-11-21 00:00:00,1.0385923,-0.9859879,2.528176,0.090124935,12.955206,0.9158192,5.7273836,313.51163
2025-11-21 01:00:00,0.88143176,-1.0851506,2.4922345,0.2247132,12.967634,0.9298922,5.1062346,320.91418
2025-11-21 02:00:00,0.9474384,-1.2239207,2.4845755,0.11307975,12.72661,1.0480334,4.6160436,322.2565
2025-11-21 03:00:00,0.9139177,-1.3075582,2.4348028,0.09949741,12.688124,1.0165012,4.6618237,325.04837
2025-11-21 04:00:00,0.9305527,-1.420677,2.4779916,0.08294993,12.396822,1.0450304,4.8334975,326.77493
2025-11-21 05:00:00,0.9346503,-1.5071514,2.5773265,0.20042664,11.958866,1.1564431,5.068934,328.19513
2025-11-21 06:00:00,0.8864317,-1.6087358,2.643277,0.033793475,11.393835,1.2577088,4.7207127,331.1447
2025-11-21 07:00:00,0.84427375,-1.6307687,2.6618094,0.14691705,11.059227,1.2962853,4.363186,332.6287
2025-11-21 08:00:00,0.8000113,-1.7912033,2.837598,0.1765231,11.035713,1.3095125,4.430859,335.93286
2025-11-21 09:00:00,0.71777385,-1.9536207,3.0266488,0.19742672,10.868621,1.4601212,4.38687,339.8263
2025-11-21 10:00:00,0.35502788,-1.6236428,2.7838285,0.113549925,10.284365,1.3154907,4.109044,347.66577
2025-11-21 11:00:00,0.4658162,-1.7541178,2.8876882,0.10024232,9.559776,1.5243003,4.098484,345.12802
2025-11-21 12:00:00,0.6045648,-1.8852708,3.0110595,0.42909268,9.479464,1.7441561,4.1599264,342.2201
2025-11-21 13:00:00,0.68984944,-1.9301159,3.0990717,0.268936,9.841849,1.8184245,4.2722,340.33243
2025-11-21 14:00:00,0.6517338,-1.8819642,3.0359588,0.34145495,9.901633,1.6630962,4.4357376,340.89877
2025-11-21 15:00:00,0.80868405,-1.6724215,2.8830833,0.2670519,9.362294,1.6697145,4.403449,334.19434
2025-11-21 16:00:00,0.89288455,-1.5952358,2.8508327,0.37300494,8.796157,1.7592676,4.237691,330.7634
2025-11-21 17:00:00,0.8787487,-1.458292,2.7728558,0.1847437,8.431419,1.7240106,3.9972227,328.92737
2025-11-21 18:00:00,0.8198807,-1.2945681,2.7298868,0.07204776,7.8087564,1.6675694,3.9729404,327.65295
2025-11-21 19:00:00,0.78974295,-1.0477967,2.6877146,0.27799872,7.006839,1.6341664,4.022819,322.99402
2025-11-21 20:00:00,0.8584904,-0.7836634,2.6873994,0.17133738,6.2708373,1.5918984,4.215529,312.39105
2025-11-21 21:00:00,0.95951927,-0.4915854,2.690576,0.4305133,6.853931,1.5309569,4.459629,297.1272
2025-11-21 22:00:00,1.2857852,-0.24188274,2.8021297,0.39492548,8.860062,1.5520647,5.1934547,280.654
2025-11-21 23:00:00,1.2759383,-0.053588044,2.8364701,0.3397578,9.269883,1.4381202,5.463589,272.40494
2025-11-22 00:00:00,1.3658798,0.11642168,2.9049742,0.34240913,9.825287,1.3989416,5.679272,265.12814
2025-11-22 01:00:00,1.4098078,0.27295995,2.9402702,0.14146802,10.12551,1.3705002,6.225998,259.04227
2025-11-22 02:00:00,1.4557346,0.4193272,2.9742029,0.07270559,10.443449,1.2537367,6.65741,253.93085
2025-11-22 03:00:00,1.4767201,0.609542,2.97079,0.15953708,11.097145,1.0915352,7.0151157,247.57076
2025-11-22 04:00:00,1.4755108,0.8261244,2.973718,0.059059836,11.416448,1.0514951,7.208503,240.75595
2025-11-22 05:00:00,1.4553379,1.0374253,2.9942822,0.018988555,11.698315,1.0704551,7.271506,234.51715
2025-11-22 06:00:00,1.469183,1.2605137,3.0607078,0.011102066,12.027917,0.94606036,7.570716,229.37143
2025-11-22 07:00:00,1.4576755,1.4726918,3.1647391,0.06007023,12.138061,0.9713014,7.8585377,224.70639
2025-11-22 08:00:00,1.478975,1.6890225,3.3495862,0.05094799,12.573225,1.0087831,8.18116,221.20668
2025-11-22 09:00:00,1.4930123,1.8343122,3.3961473,0.11449895,13.037758,0.9688827,8.433545,219.14337
2025-11-22 10:00:00,1.4877422,1.8941543,3.2013445,0.04788398,13.630503,0.63696885,8.28091,218.14746
2025-11-22 11:00:00,1.5091771,1.9883525,3.3352768,0.05996239,14.132376,0.85257626,8.161226,217.19882
2025-11-22 12:00:00,1.4923958,2.1142743,3.4462526,0.050881144,14.165823,0.9611074,8.287249,215.217
2025-11-22 13:00:00,1.4769795,2.171364,3.51913,0.08740594,14.043044,0.99251974,8.414399,214.22386
2025-11-22 14:00:00,1.3917909,2.224037,3.4501488,0.07251493,14.425293,0.89248824,8.467422,212.03812
2025-11-22 15:00:00,1.2990195,2.416162,3.450052,0.031223483,15.275717,0.9280587,8.493227,208.26414
2025-11-22 16:00:00,1.1747189,2.6322694,3.5518205,0.018624958,15.220845,0.9442961,8.57204,204.05006
2025-11-22 17:00:00,1.083268,2.8240736,3.643617,0.12476346,15.819472,1.0359708,8.643042,200.986
2025-11-22 18:00:00,1.0272403,2.9532561,3.7116997,0.095361896,15.442216,1.022891,8.756417,199.17937
2025-11-22 19:00:00,0.9883666,3.0176198,3.7172067,0.112613596,15.157059,1.02125,8.689792,198.13528
2025-11-22 20:00:00,0.9545754,3.1034615,3.7254293,0.074442565,15.720596,0.98362243,8.682383,197.09708
2025-11-22 21:00:00,0.901208,3.1452558,3.7135398,0.13579004,15.383679,0.98205817,8.771019,195.98856
2025-11-22 22:00:00,0.87267035,3.1209633,3.662965,0.12918921,15.148699,0.9924289,8.575067,195.62183
2025-11-22 23:00:00,0.7524191,3.1770098,3.670886,0.109074965,14.521021,1.1318101,8.439458,193.324
2025-11-23 00:00:00,0.7361446,3.258298,3.6991935,0.127484,14.043076,1.14561,8.474045,192.73105
2025-11-23 01:00:00,0.6108485,3.3745496,3.74928,0.055786885,14.002272,1.1236458,8.551025,190.26038
2025-11-23 02:00:00,0.54058754,3.4616942,3.8409626,0.14833163,14.518375,1.2680391,8.568554,188.87578
2025-11-23 03:00:00,0.43206167,3.5230966,3.9002059,0.20025131,13.936665,1.3046674,8.700101,186.99167
2025-11-23 04:00:00,0.33025998,3.5925937,3.947741,0.14519753,13.99233,1.1998531,8.733282,185.25232
2025-11-23 05:00:00,0.22098315,3.6762667,3.9583323,0.084210336,14.144386,1.1208413,8.648294,183.43996
2025-11-23 06:00:00,0.113198355,3.7680664,4.0063043,0.12462707,14.14098,1.1757878,8.612308,181.72073
2025-11-23 07:00:00,0.021711607,3.9129887,4.126279,0.13386892,14.171655,1.2795205,8.659623,180.31792
2025-11-23 08:00:00,-0.071040384,4.090005,4.280092,0.19163889,14.266418,1.3260542,8.72805,179.00491
2025-11-23 09:00:00,-0.111542575,4.1393905,4.3018885,0.108296156,14.456776,1.2189931,8.700616,178.45645
2025-11-23 10:00:00,-0.17747292,3.8965702,4.090584,0.18377827,13.495389,1.4924763,8.243735,177.39221
2025-11-23 11:00:00,-0.40684757,4.126472,4.294673,0.31992537,13.744022,1.669138,8.214193,174.36916
2025-11-23 12:00:00,-0.6367105,4.2807407,4.4641848,0.14736077,13.657289,1.5526835,8.36035,171.53995
2025-11-23 13:00:00,-0.75653076,4.4483275,4.6512895,0.13270217,14.160541,1.3820664,8.619589,170.34802
2025-11-23 14:00:00,-0.9158453,4.511949,4.7587023,0.16741434,14.199188,1.342202,8.886645,168.52588
2025-11-23 15:00:00,-1.1490095,4.6025233,4.935897,0.051779833,13.846309,1.6168371,9.29053,165.98276
2025-11-23 16:00:00,-1.2742199,4.8497725,5.2193317,0.15105143,13.686936,1.9568359,9.681212,165.27895
2025-11-23 17:00:00,-1.2017744,5.0388703,5.402536,0.24368168,13.625913,2.088333,9.772989,166.58553
2025-11-23 18:00:00,-1.0630741,5.1245604,5.48256,0.6108787,13.58305,2.2430959,10.008853,168.2804
2025-11-23 19:00:00,-0.86068106,5.1057324,5.47552,0.8953202,13.47812,2.3556597,10.036851,170.43152
2025-11-23 20:00:00,-0.6346646,5.029689,5.4254313,0.22335333,13.51957,2.4133036,10.103729,172.80823
2025-11-23 21:00:00,-0.3755951,4.874953,5.3018494,1.0952783,13.3307705,2.448456,9.751378,175.5943
2025-11-23 22:00:00,-0.57958573,4.1403103,4.6182117,1.0913386,11.959313,2.3004758,9.126571,172.03119
2025-11-23 23:00:00,-0.37437975,4.2552285,4.770987,1.3764647,11.846675,2.392416,9.027951,174.97202
2025-11-24 00:00:00,-0.026492145,4.199319,4.7472396,0.7009034,12.059167,2.3759596,8.766021,179.63855
2025-11-24 01:00:00,0.2308065,4.1020417,4.6861587,0.69687915,12.521337,2.4863567,8.726305,183.22043
2025-11-24 02:00:00,0.5405884,4.0346503,4.6699467,0.7948421,12.819017,2.5111516,8.856861,187.63141
2025-11-24 03:00:00,0.81409186,3.9473658,4.579699,0.12754901,12.370189,2.4169593,8.3962345,191.6531
2025-11-24 04:00:00,0.9451051,3.8632429,4.4429336,0.4157703,12.234147,2.3253229,8.106286,193.74686
2025-11-24 05:00:00,1.0060194,3.817987,4.3446174,0.1357207,11.850501,2.3411455,7.8557577,194.76161
2025-11-24 06:00:00,1.0135143,3.7651086,4.232933,0.052252084,11.634445,2.2366738,7.5785556,195.0661
2025-11-24 07:00:00,0.9949345,3.6961298,4.11126,0.22882663,11.581156,2.1478653,7.2315884,195.06593
2025-11-24 08:00:00,0.97454834,3.6670718,4.054302,0.15074368,11.3935995,2.0861201,6.9790735,194.88272
2025-11-24 09:00:00,1.0120544,3.6516707,4.042228,0.35438573,11.549923,1.9616731,6.7924957,195.49063
2025-11-24 10:00:00,0.79642385,3.1949592,3.6024697,0.10168005,11.0677595,1.7353116,6.3041477,193.99715
2025-11-24 11:00:00,0.8598233,3.2546089,3.6792116,0.067830324,10.750365,1.8122778,6.2973685,194.79868
2025-11-24 12:00:00,0.866286,3.1868937,3.6236973,0.085294865,10.240992,1.8621415,6.0910916,195.20714
2025-11-24 13:00:00,0.76676655,3.0749025,3.4934902,0.35685754,9.954276,1.6724687,6.212944,194.00189
2025-11-24 14:00:00,0.6113475,2.9388638,3.3454082,0.16389513,9.543117,1.6431491,6.21209,191.75117
2025-11-24 15:00:00,0.4347802,2.8790057,3.2537127,0.22308348,9.166419,1.6185657,6.0122867,188.58777
2025-11-24 16:00:00,0.28118443,2.8739219,3.2065156,0.074602805,9.157389,1.6102073,5.9616966,185.58804
2025-11-24 17:00:00,0.20862187,2.852108,3.1701615,0.43552732,9.458942,1.5134792,5.778132,184.18353
2025-11-24 18:00:00,0.10247225,2.7520938,3.1045692,0.40247077,9.432735,1.4871051,5.6479263,182.13239
2025-11-24 19:00:00,0.060168706,2.6278026,3.0083985,0.48513627,11.249293,1.4352492,5.239155,181.31168
2025-11-24 20:00:00,0.021341272,2.4728506,2.8854556,0.16783875,11.229409,1.378628,4.8078446,180.49448
2025-11-24 21:00:00,-0.019962208,2.3201768,2.7770493,0.08180345,11.200758,1.3283794,4.4777665,179.50705
2025-11-24 22:00:00,-0.18256894,2.1766374,2.7125719,0.41219932,12.007553,1.297085,4.6034408,175.20546
2025-11-24 23:00:00,-0.2173594,2.013183,2.5741844,0.41763186,11.67036,1.1463774,4.4292636,173.83777
2025-11-25 00:00:00,-0.2398397,1.8828175,2.4958699,0.02224577,11.128264,1.0545152,4.289995,172.74057
2025-11-25 01:00:00,-0.26852334,1.6909724,2.4165063,0.12600957,10.857312,1.0331461,4.2516093,170.97687
2025-11-25 02:00:00,-0.31628954,1.4758358,2.3269572,0.15093096,10.856432,0.9542278,4.2014937,167.90381
2025-11-25 03:00:00,-0.38996187,1.2156022,2.2103138,0.048358414,11.172792,0.849975,4.046367,162.2139
2025-11-25 04:00:00,-0.5200294,0.9641649,2.12707,0.07264682,11.3020525,0.68589664,3.7534676,151.65948
2025-11-25 05:00:00,-0.60386825,0.7851979,2.0775716,0.08941271,11.085458,0.7565554,3.7109122,142.43738
2025-11-25 06:00:00,-0.6714432,0.64029217,2.0867927,0.027448801,11.198734,0.82628286,3.7388294,133.63962
2025-11-25 07:00:00,-0.6735275,0.45461336,2.0671966,0.023862218,11.292442,0.8047771,3.8707728,124.018326
2025-11-25 08:00:00,-0.65458226,0.32318446,2.1070275,0.047957137,11.29081,0.6964414,3.888209,116.276764
2025-11-25 09:00:00,-0.55759573,0.10168581,2.0739443,0.12194615,11.146418,0.63001776,4.01747,100.335175
2025-11-25 10:00:00,-0.52528256,-0.33798465,2.0843859,0.060076844,11.2986,0.5277245,4.1581645,57.241394
2025-11-25 11:00:00,-0.41755098,-0.5853119,2.1056864,0.007885266,10.926268,0.6779468,3.9427214,35.503357
2025-11-25 12:00:00,-0.40233055,-0.84544045,2.1863472,0.12756322,11.129972,0.93307966,3.9350216,25.448975
2025-11-25 13:00:00,-0.4311643,-1.1391952,2.2908497,0.10935935,11.338176,0.9521483,4.145029,20.730713
2025-11-25 14:00:00,-0.4835044,-1.3378028,2.387795,0.1659105,11.461824,1.1005355,4.40476,19.870697
2025-11-25 15:00:00,-0.58482486,-1.4197425,2.446181,0.2503058,11.380752,1.1523219,4.6830235,22.387878
2025-11-25 16:00:00,-0.6643421,-1.4991034,2.5620599,0.5410264,11.047725,1.1986142,4.897892,23.90097
2025-11-25 17:00:00,-0.7073302,-1.5517442,2.6468759,0.6988301,10.648175,1.2991964,5.133569,24.504883
2025-11-25 18:00:00,-0.7339808,-1.5814877,2.672472,0.64043605,10.274038,1.3790399,5.1903152,24.896362
2025-11-25 19:00:00,-0.6873953,-1.6762192,2.712341,0.85015976,10.06711,1.3835721,5.274209,22.297882
2025-11-25 20:00:00,-0.6197675,-1.7421632,2.7424278,0.69614285,9.592847,1.4058774,5.1197677,19.582794
2025-11-25 21:00:00,-0.522124,-1.7920524,2.7401693,0.89148474,8.983728,1.4875143,4.958296,16.243774
2025-11-25 22:00:00,-0.30943504,-1.9347085,2.672857,0.73766667,7.3484883,1.5485557,4.542818,9.086853
2025-11-25 23:00:00,-0.2674478,-2.110221,2.772569,0.95936006,6.813184,1.6655607,4.3851833,7.223114
2025-11-26 00:00:00,-0.1475698,-2.173536,2.7649376,1.028312,6.2876754,1.7297473,4.155037,3.8840637
2025-11-26 01:00:00,-0.077345975,-2.3094296,2.824323,0.5862595,6.1327124,1.7855788,4.0738316,1.9182129
2025-11-26 02:00:00,-0.010064615,-2.3930235,2.8503551,0.42251867,7.2172737,1.8385363,3.915275,0.2409668
2025-11-26 03:00:00,0.08197434,-2.4820366,2.8587599,0.33771625,8.362791,1.8429134,3.9431267,358.10837
2025-11-26 04:00:00,0.17804945,-2.5278287,2.869734,0.48003703,9.187221,1.847767,4.0628133,355.97098
2025-11-26 05:00:00,0.28946334,-2.553377,2.908942,0.7220713,9.004782,1.7967455,4.1149225,353.5323
2025-11-26 06:00:00,0.29791713,-2.5497448,2.9213424,0.6262648,8.569875,1.7297399,4.1257052,353.33566
2025-11-26 07:00:00,0.33609504,-2.4930449,2.8875227,0.7103105,8.0760975,1.6225374,4.049388,352.32208
2025-11-26 08:00:00,0.40497115,-2.5573726,2.9751363,0.4497633,7.7334275,1.4835136,4.152521,351.00168
2025-11-26 09:00:00,0.44736502,-2.6689584,3.06316,0.08117022,8.035824,1.4356302,4.3657026,350.48465
2025-11-26 10:00:00,0.41856796,-2.342189,2.7493844,0.14932647,8.584984,1.1004425,4.145933,349.86774
2025-11-26 11:00:00,0.6809284,-2.4552772,2.8779423,0.0057087042,8.7822275,1.0121852,4.4862146,344.49957
2025-11-26 12:00:00,0.894822,-2.3826509,2.9347162,0.14390185,8.697523,1.4148003,4.544418,339.41595
2025-11-26 13:00:00,1.1274372,-2.332529,2.9865768,0.065835625,8.838339,1.580908,4.454311,334.203
2025-11-26 14:00:00,1.1967052,-2.1443138,2.8909078,0.56053257,9.129251,1.5724276,4.322821,330.83484
2025-11-26 15:00:00,1.2522472,-1.7896836,2.6763391,0.6409463,9.12943,1.3601533,4.1595244,325.0194
2025-11-26 16:00:00,1.323761,-1.518026,2.5628636,0.1799493,9.039866,1.2494392,4.184901,318.91064
2025-11-26 17:00:00,1.4176503,-1.3651911,2.578824,0.12667195,9.023024,1.1960613,4.368849,313.92004
2025-11-26 18:00:00,1.5334481,-1.2012007,2.6102893,0.32654706,8.935402,1.1830438,4.599444,308.07278
2025-11-26 19:00:00,1.6062506,-0.99746,2.6410675,0.09677008,8.656048,1.2607667,4.7598276,301.83972
2025-11-26 20:00:00,1.6782911,-0.7239891,2.7123477,0.14511569,8.638495,1.2808843,4.8882437,293.33463
2025-11-26 21:00:00,1.7048682,-0.36403924,2.6941745,0.13763879,8.992138,1.0592179,4.905243,282.0533
2025-11-26 22:00:00,1.7334318,0.2156867,2.6975725,0.057654854,10.3714285,0.8564356,4.8672824,262.9073
2025-11-26 23:00:00,1.7931457,0.5819393,2.846167,0.25320372,12.051381,1.1286982,4.6837764,252.01991
2025-11-27 00:00:00,1.8939642,0.9421461,3.025754,0.23588379,13.465974,1.2126642,4.899197,243.55211
2025-11-27 01:00:00,1.923417,1.2352489,3.1397102,0.20251319,13.752528,1.1761831,5.204447,237.29079
2025-11-27 02:00:00,1.9609643,1.5309592,3.2528439,0.16760005,13.961751,1.1438681,5.578523,232.02022
2025-11-27 03:00:00,1.9725964,1.8529638,3.328861,0.08690633,15.163673,1.1074634,5.8804016,226.79117
2025-11-27 04:00:00,2.0192177,2.0885472,3.5045173,0.1280286,15.155097,1.0476086,6.665387,224.03308
2025-11-27 05:00:00,2.0067604,2.2921135,3.5961637,0.11133706,15.34636,1.085198,7.1417255,221.20236
2025-11-27 06:00:00,1.9303592,2.6134717,3.687043,0.052752554,15.268936,1.0464369,7.591766,216.45027
2025-11-27 07:00:00,1.8446994,2.8875666,3.829638,0.05151888,15.425575,1.1210335,8.040443,212.57216
2025-11-27 08:00:00,1.8510776,3.237099,4.1112046,0.079064876,15.317026,1.1932919,8.470719,209.76231
2025-11-27 09:00:00,1.9437631,3.494213,4.3618655,0.17241049,15.418009,1.2469201,9.150409,209.08633
2025-11-27 10:00:00,2.3218558,3.5347493,4.602816,0.17902043,15.41153,1.439255,9.312188,213.29955
2025-11-27 11:00:00,2.5453343,3.7438455,4.865831,0.03808551,14.704828,1.5098902,9.734534,214.21068
2025-11-27 12:00:00,2.6207924,3.8185775,4.940943,0.058975555,14.195364,1.5797987,10.0618725,214.46286
2025-11-27 13:00:00,2.6028297,3.9057975,4.940522,0.09769108,13.485309,1.3314707,10.154429,213.67955
2025-11-27 14:00:00,2.502942,3.8627167,4.809845,0.051492553,13.206438,1.0607308,10.3025465,212.94221
2025-11-27 15:00:00,2.3401098,3.8106182,4.668889,0.032930017,13.179036,0.98792547,10.258361,211.5542
2025-11-27 16:00:00,2.302644,3.9006076,4.7291474,0.036267098,13.441554,1.1238892,10.307751,210.55461
2025-11-27 17:00:00,2.3622453,3.9513793,4.782114,0.0712723,13.500671,1.094642,10.176129,210.87216
2025-11-27 18:00:00,2.398805,4.022959,4.8285236,0.09988891,13.235933,1.0877646,10.057534,210.80673
2025-11-27 19:00:00,2.5009804,4.0501237,4.880597,0.05931277,13.242037,1.3928214,9.900486,211.69563
2025-11-27 20:00:00,2.532624,4.0406284,4.882927,0.022474725,13.5018,1.4519626,9.819632,212.07907
2025-11-27 21:00:00,2.53499,4.00061,4.8483076,0.11003346,13.2353,1.5735158,9.59349,212.36043
2025-11-27 22:00:00,2.5022566,3.811796,4.664723,0.40588722,13.276362,1.7665187,9.227249,213.28293
2025-11-27 23:00:00,2.4344108,3.914924,4.7145696,0.26048,13.031351,1.7078254,9.413135,211.87453
2025-11-28 00:00:00,2.4745026,3.9236772,4.7337193,0.27321193,12.884856,1.7192346,9.329048,212.23795
2025-11-28 01:00:00,2.445221,3.9004302,4.7011347,0.110414915,12.800091,1.6876546,9.423623,212.08403
2025-11-28 02:00:00,2.3947144,3.8846645,4.6714544,0.21801221,12.924289,1.7069887,9.413336,211.6519
2025-11-28 03:00:00,2.393958,3.837056,4.6524305,0.18344787,12.727207,1.670609,9.503237,211.96025
2025-11-28 04:00:00,2.3330185,3.796804,4.600731,0.16392463,12.53357,1.6521941,9.397117,211.56944
2025-11-28 05:00:00,2.2923973,3.7350848,4.533988,0.20735438,12.089139,1.6021639,9.3888855,211.5394
2025-11-28 06:00:00,2.2076573,3.7166154,4.4842563,0.20315579,11.542728,1.628921,9.150096,210.71017
2025-11-28 07:00:00,2.1093314,3.7022467,4.427823,0.12826025,11.678032,1.6457479,8.917946,209.67206
2025-11-28 08:00:00,2.0529187,3.717743,4.41394,0.070296004,11.390626,1.617722,8.786991,208.90726
2025-11-28 09:00:00,1.9857091,3.6706502,4.3369393,0.14563127,11.777946,1.5425553,8.52406,208.41203
2025-11-28 10:00:00,1.9037566,3.337489,4.0020094,0.18411689,12.035349,1.528943,7.951827,209.70113
2025-11-28 11:00:00,1.8173251,3.3892682,3.97862,0.09856543,12.01961,1.3994329,7.809491,208.20021
2025-11-28 12:00:00,1.7522278,3.438446,3.9784257,0.39775494,12.016889,1.4493548,7.8260155,207.00334
2025-11-28 13:00:00,1.6669728,3.4008336,3.9157815,0.2529301,11.925165,1.3398974,7.552385,206.11252
2025-11-28 14:00:00,1.5352998,3.4300904,3.9024637,0.057656117,12.449222,1.3423066,7.4448357,204.11317
2025-11-28 15:00:00,1.4775563,3.5093644,3.9588928,0.19294533,13.519356,1.5425658,7.348068,202.83267
2025-11-28 16:00:00,1.4668769,3.641831,4.059114,0.2907141,13.782203,1.6227161,7.387248,201.93887
2025-11-28 17:00:00,1.5154942,3.743258,4.1603894,0.21951333,13.266342,1.6889207,7.4712744,202.04105
2025-11-28 18:00:00,1.6093507,3.827066,4.2678633,0.24454933,13.589506,1.7435974,7.662729,202.80765
2025-11-28 19:00:00,1.7790095,3.8529596,4.3595824,0.28232318,14.725185,1.7235552,7.858136,204.78398
2025-11-28 20:00:00,1.965028,3.7946618,4.3974414,0.28127372,15.369171,1.627345,8.086426,207.37694
2025-11-28 21:00:00,2.1205127,3.6689396,4.3859425,0.14468728,15.00026,1.6039876,8.158583,210.02634
2025-11-28 22:00:00,2.1035411,3.3448956,4.1789246,0.28117916,14.231067,1.7343558,8.082481,212.16501
2025-11-28 23:00:00,2.179834,3.2767742,4.1643662,0.44160733,13.493906,1.8738428,8.294599,213.63336
2025-11-29 00:00:00,2.2917762,3.134855,4.089186,0.38349083,13.49558,1.884664,8.14312,216.16916
2025-11-29 01:00:00,2.2372386,3.0329115,3.9668953,0.3211304,13.68382,1.9132063,7.951721,216.41449
2025-11-29 02:00:00,2.2361913,2.9156206,3.865591,0.2876216,13.163269,1.8927658,7.524557,217.48709
2025-11-29 03:00:00,2.1855428,2.8330548,3.757249,0.24349533,12.608067,1.7828165,7.270072,217.64818
2025-11-29 04:00:00,2.0295632,2.7743564,3.6051476,0.26158997,11.900949,1.6523575,6.9521704,216.1871
2025-11-29 05:00:00,1.8280755,2.7811353,3.490504,0.15145513,11.388314,1.5557966,6.9035287,213.31743
2025-11-29 06:00:00,1.636539,2.828655,3.4274864,0.23233342,10.813513,1.527084,6.753964,210.05185
2025-11-29 07:00:00,1.4263508,2.9122941,3.399549,0.035128757,10.0728,1.5886766,6.687559,206.09418
2025-11-29 08:00:00,1.2504507,3.05859,3.461931,0.22031823,10.5373955,1.6497319,6.602303,202.23633
2025-11-29 09:00:00,1.1562974,3.1991205,3.5519447,0.20574433,11.705178,1.676805,6.660244,199.87201
2025-11-29 10:00:00,0.70480597,3.1223366,3.3660102,0.27330664,11.515656,1.5693474,6.4196277,192.72021
2025-11-29 11:00:00,0.6606478,3.2865307,3.5097911,0.37830162,11.843204,1.4712739,6.6357856,191.36594
2025-11-29 12:00:00,0.59156674,3.3786287,3.5959167,0.30649298,11.726597,1.3391057,6.643183,189.9313
2025-11-29 13:00:00,0.43400532,3.380087,3.5705442,0.0602247,12.283252,1.2947294,6.511888,187.31679
2025-11-29 14:00:00,0.18712553,3.3480947,3.5038238,0.21252358,11.311903,1.2431107,6.2812786,183.19894
2025-11-29 15:00:00,-0.029424306,3.385032,3.5267816,0.21470866,10.961922,1.3711329,6.1055717,179.50198
2025-11-29 16:00:00,-0.21915539,3.5005057,3.633216,0.13566528,10.861055,1.4655293,6.0213842,176.41757
2025-11-29 17:00:00,-0.32746434,3.60905,3.746589,0.12990695,10.926312,1.4169836,6.289689,174.81552
2025-11-29 18:00:00,-0.404979,3.6693957,3.824962,0.2644345,10.976117,1.3579174,6.63437,173.70195
2025-11-29 19:00:00,-0.4518082,3.7746615,3.9433448,0.11041783,11.525735,1.4228565,6.9657307,173.17447
2025-11-29 20:00:00,-0.44888222,3.8246834,3.9960349,0.019204875,11.791723,1.4666746,7.157746,173.30614
2025-11-29 21:00:00,-0.4553961,3.8471947,4.0170155,0.07943381,11.755192,1.4848343,7.3078647,173.24927
2025-11-29 22:00:00,-0.50549686,3.7513738,3.9476933,0.055412076,12.789644,1.5492133,7.4551616,172.32564
2025-11-29 23:00:00,-0.41119963,3.808061,4.023213,0.106432825,12.248326,1.5722824,7.618634,173.837
2025-11-30 00:00:00,-0.13190481,3.7723184,4.0649223,0.17529108,12.035212,1.576641,7.614582,177.99738
2025-11-30 01:00:00,-0.008598946,3.6706765,4.0318904,0.033050247,11.307291,1.5689758,7.5035243,179.86578
2025-11-30 02:00:00,0.16826816,3.7045815,4.094366,0.14219204,13.153931,1.4685766,7.6963696,182.60068
2025-11-30 03:00:00,0.33733553,3.7007344,4.1273384,0.14155753,15.27192,1.4801743,7.9464865,185.20833
2025-11-30 04:00:00,0.46635395,3.6949012,4.139909,0.10521942,16.758547,1.5121703,8.242943,187.19359
2025-11-30 05:00:00,0.6362173,3.6716897,4.1433105,0.11975553,17.591633,1.5476489,8.313863,189.83041
2025-11-30 06:00:00,0.77922267,3.6336913,4.1294184,0.0886152,17.424498,1.5241184,8.398605,192.10342
2025-11-30 07:00:00,0.94873375,3.5738773,4.095714,0.24796438,17.277937,1.5865184,8.605838,194.86703
2025-11-30 08:00:00,1.1410893,3.532606,4.106863,0.35835513,17.178577,1.6814759,8.301124,197.9013
2025-11-30 09:00:00,1.4827353,3.4079144,4.088889,0.17451462,17.08292,1.539686,8.122771,203.51318
2025-11-30 10:00:00,1.5918245,2.9277468,3.7101305,0.07944911,17.42458,1.389561,7.570002,208.53307
2025-11-30 11:00:00,1.8218372,2.9249952,3.8043292,0.08730711,17.495705,1.2912381,7.6191754,211.91678
2025-11-30 12:00:00,2.1112263,2.8072436,3.8369665,0.17727558,17.137377,1.1082976,7.6718693,216.9455
2025-11-30 13:00:00,2.2111437,2.7199244,3.819891,0.23440732,17.182703,1.0507169,7.865981,219.10915
2025-11-30 14:00:00,2.3554766,2.5357888,3.8030095,0.09954675,16.725693,1.166665,7.8996863,222.8888
2025-11-30 15:00:00,2.4018197,2.3424308,3.7957797,0.1621237,16.552374,1.1638306,7.8931503,225.7172
2025-11-30 16:00:00,2.5362496,2.1712852,3.8577456,0.082469575,14.843159,1.3071429,8.195115,229.43314
2025-11-30 17:00:00,2.8011825,1.9772297,3.9500008,0.07421142,14.693369,1.3235569,8.342438,234.78345
2025-11-30 18:00:00,3.0110362,1.7626396,3.9876473,0.114850126,14.373627,1.3297625,8.388552,239.6556
2025-11-30 19:00:00,3.1517854,1.6141659,3.9771085,0.2050473,13.908901,1.4241476,8.234647,242.88104
2025-11-30 20:00:00,3.2723258,1.4872783,3.9516392,0.20380355,13.529908,1.4681022,8.042875,245.5581
2025-11-30 21:00:00,3.3166463,1.3818074,3.8871133,0.05966058,13.126777,1.4867817,8.178086,247.38203
2025-11-30 22:00:00,3.011621,1.4469234,3.5749602,0.1751937,13.035269,1.3171118,7.992264,244.3382
2025-11-30 23:00:00,3.0483778,1.5028076,3.6031873,0.13630737,12.243376,1.29095,8.171713,243.75735
2025-12-01 00:00:00,3.0912006,1.5247234,3.6442194,0.17254809,11.751789,1.3331512,8.3814125,243.74535
2025-12-01 01:00:00,2.9399703,1.6064478,3.567138,0.11285086,11.715635,1.3547186,8.298665,241.34709
2025-12-01 02:00:00,2.7991538,1.6835855,3.5270114,0.20147653,11.644344,1.1707745,8.0576105,238.97469
2025-12-01 03:00:00,2.5843422,1.8485585,3.4613044,0.10729982,11.429655,1.189048,7.840937,234.42418
2025-12-01 04:00:00,2.3332925,2.0350077,3.381754,0.055380788,11.597074,1.1269741,7.7903976,228.90631
2025-12-01 05:00:00,2.1080606,2.215728,3.3507519,0.07750488,12.300936,0.94840634,7.74484,223.57356
2025-12-01 06:00:00,1.9147198,2.403941,3.3927104,0.12884459,13.123304,0.9327701,7.6814766,218.53705
2025-12-01 07:00:00,1.753279,2.6017354,3.460848,0.13460888,13.42248,0.99629855,7.687936,213.97557
2025-12-01 08:00:00,1.5685673,2.8128946,3.604615,0.043667607,14.203731,0.94432324,7.635033,209.14555
2025-12-01 09:00:00,1.3945713,3.0066953,3.7022958,0.0603068,14.613335,0.90734506,7.96656,204.8829
2025-12-01 10:00:00,1.0117563,2.9530845,3.564656,0.05007283,14.849608,0.8637705,7.825933,198.91197
2025-12-01 11:00:00,0.90286624,3.2358332,3.7812822,0.0089510325,15.40414,0.8321783,7.891925,195.59024
2025-12-01 12:00:00,0.7274372,3.4746957,3.9622204,0.12479194,16.671373,1.0417265,8.053095,191.82426
2025-12-01 13:00:00,0.44481516,3.6125946,4.041849,0.015518669,16.506365,1.077171,8.178519,187.01944
2025-12-01 14:00:00,0.20036687,3.6759846,4.09921,0.22720961,16.05835,1.1134796,8.086624,183.11993
2025-12-01 15:00:00,-0.03020333,3.7363734,4.1065574,0.28663564,18.928728,1.2776452,8.159026,179.53687
2025-12-01 16:00:00,-0.16361918,4.0066175,4.316542,0.104569994,17.79162,1.4070867,8.5513315,177.6615
2025-12-01 17:00:00,-0.22974788,4.1799493,4.4580817,0.27131286,17.092922,1.5366013,9.033864,176.85394
2025-12-01 18:00:00,-0.2791909,4.299773,4.5777383,0.24410094,16.20125,1.5809537,9.088937,176.28491
2025-12-01 19:00:00,-0.3089942,4.3790126,4.665075,0.32183492,16.571178,1.6514726,9.285986,175.96376
2025-12-01 20:00:00,-0.33088973,4.4592543,4.7412634,0.40161926,17.045185,1.7274784,9.385365,175.75627
2025-12-01 21:00:00,-0.36918104,4.4855595,4.753033,0.22774297,17.344578,1.723368,9.452099,175.29492
2025-12-01 22:00:00,-0.35540277,4.321406,4.605382,0.2267775,15.443152,1.8098402,9.337731,175.29843
2025-12-01 23:00:00,-0.46365562,4.3555527,4.6238055,0.037502695,15.682921,1.8358483,9.351168,173.92366
2025-12-02 00:00:00,-0.5331887,4.387712,4.6474733,0.0124353515,15.815013,1.7753556,9.252994,173.07147
2025-12-02 01:00:00,-0.57384473,4.418831,4.6608186,0.055301595,15.798637,1.7602133,9.224097,172.60078
2025-12-02 02:00:00,-0.55942553,4.419655,4.645299,0.21788526,15.871016,1.7128973,9.176576,172.78604
2025-12-02 03:00:00,-0.5028736,4.477209,4.682811,0.090427764,15.940172,1.612635,9.2717,173.59149
2025-12-02 04:00:00,-0.42165726,4.4461107,4.638444,0.17985646,15.696878,1.5450056,9.207295,174.58243
2025-12-02 05:00:00,-0.388038,4.4550242,4.640885,0.059465382,15.909234,1.5964518,9.097968,175.02203
2025-12-02 06:00:00,-0.3394899,4.428679,4.6073856,0.09617501,15.522311,1.6059402,8.963324,175.61646
2025-12-02 07:00:00,-0.24523018,4.4360156,4.608235,0.11557952,15.604778,1.6564785,9.000987,176.83582
2025-12-02 08:00:00,-0.13125569,4.427854,4.577079,0.10319548,14.700605,1.6625841,8.975825,178.30206
2025-12-02 09:00:00,-0.013195554,4.363472,4.4827476,0.16790691,13.892139,1.5009003,8.847318,179.82674
2025-12-02 10:00:00,-0.035788458,3.7959301,3.9484553,0.27593416,13.207257,1.2391164,8.013875,179.45984
2025-12-02 11:00:00,-0.012840477,3.7828374,3.9133894,0.27580813,12.342103,1.1703795,7.7085342,179.80551
2025-12-02 12:00:00,-0.034745913,3.6615262,3.8193123,0.12051351,11.845119,1.1370993,7.304059,179.45631
2025-12-02 13:00:00,-0.047524117,3.492556,3.7001157,0.060295667,11.429301,1.2410259,6.965985,179.22041
2025-12-02 14:00:00,-0.16836135,3.252416,3.5198386,0.027563473,10.556099,1.2511882,6.7476015,177.03674
2025-12-02 15:00:00,-0.30112353,3.0551143,3.3774924,0.091826536,10.110072,1.3031908,6.3915243,174.37091
2025-12-02 16:00:00,-0.40058526,3.016018,3.350897,0.2569431,10.482846,1.3853824,6.2000437,172.4343
2025-12-02 17:00:00,-0.4208976,2.9946527,3.293415,0.3719589,10.221949,1.4603844,6.0412836,171.99951
2025-12-02 18:00:00,-0.38788253,2.9160926,3.202807,0.3495212,9.716667,1.4091799,5.6894245,172.42331
2025-12-02 19:00:00,-0.36958808,2.8146775,3.098385,0.16909169,9.205587,1.4309237,5.469526,172.51944
2025-12-02 20:00:00,-0.4021186,2.7160764,2.992173,0.34263703,9.001787,1.3343911,5.229194,171.57846
2025-12-02 21:00:00,-0.41764995,2.596038,2.8701224,0.16989534,8.723184,1.3135679,4.900804,170.8606
2025-12-02 22:00:00,-0.6628888,2.2008386,2.5902584,0.07444968,7.938085,1.2772949,4.239691,163.2378
2025-12-02 23:00:00,-0.7603059,2.2014494,2.6086707,0.16836937,7.8632803,1.3044343,4.077722,160.94684
2025-12-03 00:00:00,-0.77806175,2.1618822,2.5841167,0.08119519,7.928462,1.2911235,4.0820537,160.20619
2025-12-03 01:00:00,-0.8641213,2.1908317,2.6218183,0.0915737,8.154622,1.2961365,4.228938,158.47443
2025-12-03 02:00:00,-0.9017676,2.1510963,2.5782692,0.24762896,8.023931,1.370501,4.230396,157.25594
2025-12-03 03:00:00,-0.8938652,2.1320763,2.5480797,0.15786219,7.677848,1.3263196,4.2738805,157.2543
2025-12-03 04:00:00,-0.93282336,1.9994668,2.447475,0.11124214,7.249504,1.2920475,4.269701,154.98926
2025-12-03 05:00:00,-0.9849742,1.9997299,2.4707882,0.21472895,7.1471863,1.2551904,4.1608253,153.77728
2025-12-03 06:00:00,-0.96082246,1.9757179,2.448394,0.29267707,7.0306926,1.1973854,4.092597,154.06564
2025-12-03 07:00:00,-0.98049515,1.9938115,2.4928238,0.13406676,7.0077915,1.2916787,4.148635,153.81346
2025-12-03 08:00:00,-1.0076884,2.04977,2.553103,0.17265636,6.9608026,1.2935201,4.2887225,153.8208
2025-12-03 09:00:00,-0.9459645,2.0973,2.5667472,0.15751606,6.8809934,1.2317295,4.27827,155.72276
2025-12-03 10:00:00,-0.8457159,1.7893211,2.3105187,0.19881216,6.29327,1.1162486,3.8749256,154.70242
2025-12-03 11:00:00,-0.82990575,1.7724217,2.2888145,0.11713142,6.3693457,1.0042682,3.8347921,154.90948
2025-12-03 12:00:00,-0.68041825,1.8016527,2.291076,0.040900696,6.7427907,0.9462028,4.062184,159.31029
2025-12-03 13:00:00,-0.60506004,1.7350876,2.271951,0.050465837,6.7820697,1.0492951,4.207076,160.77531
2025-12-03 14:00:00,-0.63198644,1.6229599,2.1824806,0.11111739,6.711104,0.9883712,4.093161,158.72389
2025-12-03 15:00:00,-0.6291764,1.6196628,2.1793356,0.10002639,6.7659616,1.0702151,4.080103,158.77078
2025-12-03 16:00:00,-0.6568657,1.7194593,2.2552319,0.048289508,6.878447,1.0672863,4.1803064,159.09222
2025-12-03 17:00:00,-0.58145267,1.9036725,2.3889384,0.19106214,7.385433,1.1174885,4.2941847,163.01538
2025-12-03 18:00:00,-0.4615025,2.0162048,2.4355354,0.116568856,7.672607,1.0912111,4.4420094,167.1073
2025-12-03 19:00:00,-0.3282644,2.102972,2.4385445,0.10665677,7.9922385,0.9438519,4.4504776,171.12799
2025-12-03 20:00:00,-0.23019038,2.108494,2.410719,0.05775912,8.165115,0.98447865,4.37345,173.76953
2025-12-03 21:00:00,-0.15229756,2.0952742,2.3917162,0.08623862,8.269791,0.8984993,4.3017397,175.84271
2025-12-03 22:00:00,-0.2920223,1.938639,2.263358,0.08723828,7.8430095,0.8709644,3.9108665,171.43379
2025-12-03 23:00:00,-0.27470893,2.0714347,2.353662,0.096900694,8.055346,0.9951543,3.945823,172.44565
2025-12-04 00:00:00,-0.28431702,2.1354828,2.4113548,0.124477156,7.9830728,1.0857716,3.9177458,172.41629
2025-12-04 01:00:00,-0.3733009,2.162337,2.4411051,0.09159346,7.8313904,1.0754819,4.0024614,170.20514
2025-12-04 02:00:00,-0.44093364,2.1982536,2.4473298,0.014081011,7.542475,0.9736811,4.0911016,168.65793
2025-12-04 03:00:00,-0.53767186,2.2309518,2.4798868,0.10200563,7.6454105,0.99792403,4.2358856,166.4498
2025-12-04 04:00:00,-0.6577639,2.220312,2.5068774,0.16331379,7.9147544,0.99552697,4.393104,163.49817
2025-12-04 05:00:00,-0.76497257,2.256476,2.572905,0.1357785,7.8253436,1.0654235,4.4705005,161.27274
2025-12-04 06:00:00,-0.8743327,2.294038,2.64559,0.12484575,7.6662664,1.1434244,4.5727806,159.13654
2025-12-04 07:00:00,-0.9828722,2.3357437,2.725578,0.16149475,7.9608197,1.2323877,4.7781363,157.17883
2025-12-04 08:00:00,-1.1101973,2.430924,2.8543968,0.15865752,8.318683,1.253625,5.0797772,155.45393
2025-12-04 09:00:00,-1.1375608,2.5298972,2.9411669,0.09794405,8.624621,1.1221347,5.2899866,155.78908
2025-12-04 10:00:00,-1.2028244,2.2817168,2.784423,0.17270002,8.082169,1.1298106,4.8766336,152.2037
2025-12-04 11:00:00,-1.2636228,2.3216026,2.8600793,0.19199069,7.872567,1.2352102,4.9409184,151.44104
2025-12-04 12:00:00,-1.3097959,2.3093653,2.8783343,0.027945112,7.9270983,1.2974681,4.9147606,150.43953
2025-12-04 13:00:00,-1.4489251,2.146595,2.8278987,0.076448895,7.917802,1.1662896,5.0172257,145.98114
2025-12-04 14:00:00,-1.6345644,1.943208,2.7884355,0.122023284,8.11419,1.1301031,4.9719667,139.93053
2025-12-04 15:00:00,-1.7476906,1.8631905,2.8105843,0.100201406,8.768433,1.0524198,5.195127,136.83208
2025-12-04 16:00:00,-1.9086468,1.8932899,2.9231238,0.103166796,9.359482,1.0917761,5.3547745,134.76857
2025-12-04 17:00:00,-1.9337368,1.9799751,3.0006137,0.08329155,9.585307,1.008468,5.6545415,135.6769
2025-12-04 18:00:00,-1.885908,2.0631104,3.040301,0.08640997,9.849649,0.9988728,5.964885,137.56929
2025-12-04 19:00:00,-1.7797163,2.0810997,3.0099063,0.06113344,10.147298,0.96214014,6.082285,139.4636
2025-12-04 20:00:00,-1.6067839,2.0502844,2.9047804,0.09657025,10.2879305,0.8787025,6.0327477,141.91461
2025-12-04 21:00:00,-1.4638774,1.9129037,2.7302833,0.06835663,9.972589,0.7931834,5.7115703,142.57446
2025-12-04 22:00:00,-1.3517551,1.6444484,2.4952738,0.042978812,9.802236,0.74744755,4.972758,140.5794
2025-12-04 23:00:00,-1.2833054,1.522715,2.3734741,0.072632246,9.056058,0.6184906,4.7525697,139.87666
2025-12-05 00:00:00,-1.1858343,1.4298611,2.2675056,0.044639032,8.720956,0.6328655,4.838074,140.3299
2025-12-05 01:00:00,-1.1095408,1.3471977,2.2432196,0.019689396,8.546326,0.66505873,5.0865846,140.52542
2025-12-05 02:00:00,-0.9941241,1.2571605,2.16477,0.041560788,8.299567,0.64262044,5.0853405,141.66414
2025-12-05 03:00:00,-0.87232393,1.137426,2.1043098,0.12190083,7.669482,0.6624516,5.16349,142.51439
2025-12-05 04:00:00,-0.7941808,1.0210134,2.0844057,0.040981553,8.138856,0.6753154,5.188159,142.12296
2025-12-05 05:00:00,-0.7242044,0.97677284,2.0677388,0.089756265,8.449545,0.7058042,5.0834103,143.44583
2025-12-05 06:00:00,-0.63969463,0.95173603,2.0600243,0.06068916,8.361922,0.77295035,4.9095416,146.0936
2025-12-05 07:00:00,-0.49999505,0.98101765,2.0517511,0.09479804,8.13132,0.78534365,4.872677,152.99344
2025-12-05 08:00:00,-0.36022082,1.0456976,2.1090856,0.0984956,8.042467,0.81097686,4.8258457,160.99225
2025-12-05 09:00:00,-0.16533847,1.0900401,2.091013,0.14094153,7.694705,0.8266465,4.434539,171.37506
2025-12-05 10:00:00,0.028274124,1.0680822,1.9606571,0.26289073,8.612646,0.83819354,3.7051816,181.51639
2025-12-05 11:00:00,0.2686574,1.1032212,2.0387466,0.10805837,8.095074,0.92946035,3.2775087,193.68633
2025-12-05 12:00:00,0.5454617,1.1210582,2.1081786,0.15682891,7.672392,0.9346596,3.2381518,205.9457
2025-12-05 13:00:00,0.69895893,1.1489452,2.1641533,0.15852049,7.4812083,0.9484038,3.4676943,211.31418
2025-12-05 14:00:00,0.63657856,1.198893,2.0698225,0.15001002,7.086408,0.8424275,3.5734496,207.96706
2025-12-05 15:00:00,0.43227986,1.290242,1.9559976,0.26144716,6.896803,0.88407725,3.3455794,198.5228
2025-12-05 16:00:00,0.3715148,1.5552137,2.112791,0.17139074,7.3768053,0.958617,3.4533842,193.43523
2025-12-05 17:00:00,0.3766389,1.8098965,2.2466817,0.013824101,7.761485,0.90086144,3.7647474,191.75546
2025-12-05 18:00:00,0.37163606,2.0438926,2.405536,0.05221919,8.505169,0.9679985,4.1169724,190.30537
2025-12-05 19:00:00,0.36401615,2.2058468,2.519591,0.063990414,8.910826,1.0183985,4.4035926,189.3707
2025-12-05 20:00:00,0.3059775,2.43448,2.7310758,0.1143631,8.967445,1.104554,4.7339115,187.16367
2025-12-05 21:00:00,0.21056345,2.6212406,2.9326859,0.15253028,9.460804,1.2951934,5.0586777,184.5927
2025-12-05 22:00:00,0.058261357,2.6785789,3.0087838,0.13322794,10.6439295,1.5118644,5.46716,181.24603
2025-12-05 23:00:00,-0.15497321,2.8858433,3.2263126,0.014761969,11.668373,1.5422792,5.662966,176.9261
2025-12-06 00:00:00,-0.31852597,3.1052663,3.454411,0.046469055,12.274822,1.5308971,6.0851536,174.14331
2025-12-06 01:00:00,-0.5176103,3.3107016,3.6554272,0.012357632,12.737968,1.487275,6.4949737,171.11406
2025-12-06 02:00:00,-0.6572245,3.5424325,3.870016,0.12608606,12.909135,1.5292678,6.648889,169.48947
2025-12-06 03:00:00,-0.8193046,3.7027023,4.026406,0.13352525,13.185119,1.4748316,6.9230866,167.52309
2025-12-06 04:00:00,-0.8904555,3.8168814,4.155243,0.038500648,13.454022,1.5139025,7.02091,166.86813
2025-12-06 05:00:00,-0.93396616,3.95542,4.2844167,0.11622707,13.8574295,1.5453045,7.1030197,166.71448
2025-12-06 06:00:00,-0.9839346,4.100227,4.4179583,0.22669022,13.811536,1.6263847,7.0890765,166.50586
2025-12-06 07:00:00,-0.9797862,4.2614603,4.571777,0.25723207,14.081698,1.6548349,7.1641874,167.0517
2025-12-06 08:00:00,-0.93657416,4.399884,4.717778,0.11726455,13.650942,1.8477801,7.3104553,167.98318
2025-12-06 09:00:00,-0.842194,4.445981,4.7587714,0.108697735,13.186617,1.8352995,7.4060025,169.27365
2025-12-06 10:00:00,-0.80069876,4.030595,4.3089743,0.24935962,13.200983,1.8727559,7.1773677,168.76418
2025-12-06 11:00:00,-0.77713424,4.1520867,4.4604464,0.17656578,12.381151,1.9078048,7.2368975,169.39877
2025-12-06 12:00:00,-0.6021881,4.2548366,4.5876765,0.30430463,11.931557,1.7850116,7.5888486,171.94443
2025-12-06 13:00:00,-0.37242457,4.2717123,4.6709604,0.22290318,11.971828,1.6491053,7.5360208,175.01733
2025-12-06 14:00:00,-0.111975595,4.2085066,4.6551466,0.17763163,11.897042,1.6901612,7.652649,178.47589
2025-12-06 15:00:00,-0.03427289,4.152741,4.586209,0.10204379,11.5919075,1.766953,7.8287234,179.52715
2025-12-06 16:00:00,0.11414069,4.1867967,4.597507,0.014629869,11.419438,1.9065295,7.925236,181.56161
2025-12-06 17:00:00,0.31840557,4.1617537,4.573457,0.07577876,10.803525,1.9200771,7.7431655,184.37503
2025-12-06 18:00:00,0.50001156,4.1414185,4.5520415,0.051519528,10.319081,1.9655821,7.5169253,186.88425
2025-12-06 19:00:00,0.7010939,4.1197004,4.5186872,0.1535093,10.229431,2.0355387,7.2931333,189.65811
2025-12-06 20:00:00,0.9250624,4.055422,4.4891863,0.06972925,10.037116,2.063526,7.033701,192.84961
2025-12-06 21:00:00,1.0782021,3.974984,4.446582,0.23784575,9.894444,2.0782144,6.78146,195.17615
2025-12-06 22:00:00,1.024699,3.7785892,4.2244425,0.2790725,10.033827,2.1288867,6.540685,195.17288
2025-12-06 23:00:00,1.0792793,3.824818,4.2726107,0.072023176,9.664131,2.200165,6.4423466,195.7579
2025-12-07 00:00:00,1.2725962,3.7784615,4.294139,0.44592276,9.675208,2.2637327,6.2366095,198.61368
2025-12-07 01:00:00,1.4101006,3.7151349,4.3055925,0.4387495,9.1178055,2.3513436,6.3299856,200.78455
2025-12-07 02:00:00,1.5690209,3.6416268,4.3163624,0.40794963,8.73534,2.2666197,6.377126,203.30914
2025-12-07 03:00:00,1.6395388,3.535331,4.2516947,0.2652455,8.405314,2.1505244,6.3372974,204.8799
2025-12-07 04:00:00,1.6826098,3.4537473,4.175044,0.34945452,8.153309,2.1050491,6.1464925,205.9746
2025-12-07 05:00:00,1.7262644,3.3993704,4.116896,0.47381276,8.481934,2.070583,5.992365,206.92232
2025-12-07 06:00:00,1.7716296,3.3765519,4.084218,0.1472791,8.667132,2.0622592,6.0109706,207.68538
2025-12-07 07:00:00,1.7946959,3.363965,4.036716,0.44236088,8.594388,2.1223912,5.9651694,208.0802
2025-12-07 08:00:00,1.7743151,3.4012976,4.011216,0.2900182,8.610511,2.1317384,5.8953023,207.54916
2025-12-07 09:00:00,1.8906114,3.4212189,4.0417404,0.38534653,9.033914,2.1163573,5.780964,208.92563
2025-12-07 10:00:00,1.5886532,3.1846223,3.6959987,0.46896634,8.847475,2.151592,5.5151887,206.51239
2025-12-07 11:00:00,1.708129,3.3189821,3.8611834,0.74029154,9.19379,2.1518345,5.6666384,207.23282
2025-12-07 12:00:00,1.6780775,3.3150256,3.8530629,0.7483043,8.844672,2.2071404,5.5261893,206.8487
2025-12-07 13:00:00,1.3787186,3.3284013,3.7357929,0.50321215,9.061504,2.1528866,5.685163,202.50073
2025-12-07 14:00:00,1.0103855,3.3496003,3.597832,0.10587152,8.3955765,1.8928252,5.6977677,196.78561
2025-12-07 15:00:00,0.74288195,3.427348,3.622289,0.31499064,8.349252,2.0715663,5.7133045,192.22977
2025-12-07 16:00:00,0.5694337,3.5428185,3.7556298,0.3020018,8.145687,2.0683246,5.782733,189.13101
2025-12-07 17:00:00,0.35279515,3.6711476,3.9221995,0.29592055,8.886765,2.1744206,5.941539,185.48924
2025-12-07 18:00:00,0.15016256,3.8584352,4.186533,0.39532402,10.519155,2.1989818,6.2824926,182.22873
2025-12-07 19:00:00,0.08934681,4.088832,4.495886,0.41753277,11.865125,2.1649828,6.647587,181.2518
2025-12-07 20:00:00,0.19339897,4.308757,4.8489385,0.25244126,13.893059,2.3221285,7.177373,182.57
2025-12-07 21:00:00,0.4539634,4.4620194,5.180632,0.3940029,14.872968,2.5878327,7.4828176,185.80927
2025-12-07 22:00:00,0.5621379,4.2500587,5.091512,0.7058388,13.876366,2.6912894,7.403996,187.53455
2025-12-07 23:00:00,1.0709715,4.3522596,5.3623724,0.6575969,13.84548,2.7941597,7.7137313,193.82426
2025-12-08 00:00:00,1.7516463,4.232932,5.567613,0.4044368,14.281005,2.8133652,8.145031,202.48045
2025-12-08 01:00:00,2.3970287,4.0936847,5.7563753,0.45812896,14.995766,2.9967134,8.910549,210.35081
2025-12-08 02:00:00,2.952167,3.9275475,5.8545537,0.6934458,15.275756,3.0355546,9.907275,216.9306
2025-12-08 03:00:00,3.3761196,3.7732391,5.829546,0.16511233,15.631816,3.0139117,10.147038,221.82071
2025-12-08 04:00:00,3.7817795,3.5779963,5.756796,0.08976092,15.853524,3.0517397,10.143846,226.58604
2025-12-08 05:00:00,4.0503316,3.4008777,5.651217,0.5811613,15.68966,2.933765,10.02834,229.98137
2025-12-08 06:00:00,4.160863,3.2973583,5.550145,0.446959,15.570919,3.0344,10.186053,231.60425
2025-12-08 07:00:00,4.182954,3.2157671,5.4429893,0.39647892,14.9916525,2.8349483,10.057329,232.44768
2025-12-08 08:00:00,4.1480374,3.2003372,5.380748,0.55217606,14.363605,2.8036437,9.821041,232.34872
2025-12-08 09:00:00,4.0845304,3.2524505,5.36416,0.70876735,14.260691,2.7775695,9.677747,231.47021
2025-12-08 10:00:00,3.3638544,3.1113198,4.708574,0.8201419,12.648064,2.1215665,9.183325,227.23343
2025-12-08 11:00:00,3.3418603,3.4306645,4.8821573,0.77085537,12.1942,2.2326052,9.20743,224.24876
2025-12-08 12:00:00,3.3710213,3.618965,5.0173464,0.768896,13.056341,2.363111,9.223599,222.9685
2025-12-08 13:00:00,3.3406966,3.5719898,4.958241,0.5255724,13.193665,2.2136729,9.304302,223.08365
2025-12-08 14:00:00,3.3143926,3.5129514,4.893337,0.22839487,13.189062,2.0146532,9.360784,223.33414
2025-12-08 15:00:00,3.3006585,3.4078481,4.831892,0.3068082,12.59997,2.0436075,9.164866,224.0846
2025-12-08 16:00:00,3.2508326,3.3215547,4.7615047,0.2232291,11.964031,2.0084944,8.961821,224.3835
2025-12-08 17:00:00,3.1979473,3.2386055,4.6943955,0.16098475,11.547573,1.9207476,9.031792,224.63809
2025-12-08 18:00:00,3.1684718,3.149621,4.6406803,0.29578298,11.299244,1.8649411,8.760862,225.17096
2025-12-08 19:00:00,3.2007248,3.072776,4.6288,0.39669326,11.331598,1.923725,8.20213,226.1684
2025-12-08 20:00:00,3.193201,2.9754996,4.558083,0.2554256,11.089693,1.9991382,8.079266,227.02121
2025-12-08 21:00:00,3.2080243,2.8534534,4.4876027,0.077660546,10.630581,1.9129151,8.06403,228.34775
2025-12-08 22:00:00,3.030596,2.574382,4.2407517,0.09051687,10.303248,1.9150088,7.7946978,229.6533
2025-12-08 23:00:00,2.8876479,2.5090535,4.080034,0.08361092,10.314426,1.8717641,7.7311816,229.0129
2025-12-09 00:00:00,2.7791843,2.4724228,3.9912024,0.15642911,10.598405,1.8114941,7.4216323,228.34302
2025-12-09 01:00:00,2.6185195,2.494031,3.9152765,0.24604766,10.393413,1.8832117,7.039978,226.39485
2025-12-09 02:00:00,2.4516082,2.5584836,3.8558326,0.29818603,10.29042,1.9667472,6.7981377,223.77795
2025-12-09 03:00:00,2.3625314,2.5319812,3.7947714,0.003106691,10.192812,1.877713,6.555555,223.0172
2025-12-09 04:00:00,2.1684258,2.551034,3.6967826,0.14968848,9.710319,1.8946749,6.271471,220.36514
2025-12-09 05:00:00,1.9924576,2.634669,3.6817672,0.11145124,9.04735,1.9352391,6.267816,217.09825
2025-12-09 06:00:00,1.7660469,2.7545917,3.6750906,0.3382437,8.754222,1.9017124,6.21084,212.66508
2025-12-09 07:00:00,1.6044662,2.855939,3.7137072,0.1393346,9.20524,2.0150418,6.1879153,209.32727
2025-12-09 08:00:00,1.477558,2.9674523,3.7636302,0.078103215,9.004405,2.0368,6.2050066,206.4697
2025-12-09 09:00:00,1.4540781,3.0644279,3.8194044,0.12895456,9.779225,2.1005158,6.2259703,205.38446
2025-12-09 10:00:00,1.3367578,2.9011676,3.574697,0.06684774,10.006018,1.9534347,5.9998198,204.73862
2025-12-09 11:00:00,1.2011331,2.957389,3.5531113,0.46547347,9.69988,1.9264592,5.7327046,202.10435
2025-12-09 12:00:00,1.138064,3.0367167,3.5535624,0.015369018,10.095828,1.7952627,5.5945435,200.54439
2025-12-09 13:00:00,1.0020719,3.1090431,3.513036,0.04413988,10.6850195,1.5805286,5.4868026,197.8646
2025-12-09 14:00:00,0.9089306,3.185865,3.5270538,0.23945047,10.940301,1.5396268,5.51008,195.92351
2025-12-09 15:00:00,0.7910779,3.2726016,3.5826619,0.13821566,11.163858,1.7657795,5.559734,193.5893
2025-12-09 16:00:00,0.73683745,3.4056633,3.6684577,0.16282049,11.575974,1.7665586,5.8597403,192.20816
2025-12-09 17:00:00,0.7791002,3.5694432,3.8120031,0.14186703,12.540797,1.822987,6.190111,192.3128
2025-12-09 18:00:00,0.89927137,3.6815999,3.9396296,0.1321948,13.023281,1.7893519,6.4527526,193.72635
2025-12-09 19:00:00,1.0576534,3.798588,4.0877132,0.066609144,13.140446,1.736453,6.806424,195.55898
2025-12-09 20:00:00,1.2546098,3.8772025,4.1993084,0.0477205,13.555042,1.806336,7.1241207,197.93088
2025-12-09 21:00:00,1.486162,3.9250484,4.3114786,0.20266527,13.920342,1.8394132,7.2663183,200.73843
2025-12-09 22:00:00,1.6564274,3.7563663,4.215354,0.13595855,14.266234,1.9824772,7.352793,203.79582
2025-12-09 23:00:00,1.8499851,3.7901664,4.3236933,0.3549432,14.311197,1.9582319,7.387383,206.01706
2025-12-10 00:00:00,2.079104,3.709394,4.3815985,0.16570397,14.028304,1.8814309,7.6280355,209.27051
2025-12-10 01:00:00,2.3295062,3.6214898,4.444665,0.18494229,13.647737,1.8184708,7.659801,212.75096
2025-12-10 02:00:00,2.5961185,3.4464445,4.457951,0.17895046,13.452471,1.8745977,7.8378973,216.98978
2025-12-10 03:00:00,2.9069078,3.264817,4.508397,0.22681071,12.783067,1.8596303,7.976283,221.68103
2025-12-10 04:00:00,3.086112,3.0041764,4.445931,0.17478874,12.381107,1.8188871,8.051251,225.77078
2025-12-10 05:00:00,3.1636803,2.8111923,4.3786144,0.32565764,11.982451,1.7251319,8.087282,228.37625
2025-12-10 06:00:00,3.1592028,2.6557786,4.276521,0.21749711,11.890769,1.7012312,8.083509,229.94797
2025-12-10 07:00:00,3.1091065,2.5831769,4.189677,0.29638097,12.155406,1.7278516,7.805575,230.27878
2025-12-10 08:00:00,3.084844,2.5858827,4.1759653,0.19663256,12.339702,1.702842,7.8845305,230.02844
2025-12-10 09:00:00,3.156301,2.5513356,4.1991777,0.19067946,12.3193,1.653305,7.841835,231.05032
2025-12-10 10:00:00,2.6920843,2.3042066,3.6912706,0.0864007,11.676823,1.5316314,7.4029293,229.43915
2025-12-10 11:00:00,2.8064904,2.4084785,3.8060172,0.4059047,12.117717,1.3879389,7.4285693,229.36441
2025-12-10 12:00:00,2.920874,2.4317243,3.8850288,0.19217697,12.350919,1.1751065,7.55401,230.2215
2025-12-10 13:00:00,2.9352496,2.4087524,3.889429,0.031646732,12.45948,1.1459851,7.6533227,230.6267
2025-12-10 14:00:00,2.872337,2.4428842,3.8743253,0.016628027,12.951111,1.1985325,7.7234583,229.6193
2025-12-10 15:00:00,2.86078,2.4900072,3.90198,0.11638159,13.6018095,1.4373909,7.8222685,228.96387
2025-12-10 16:00:00,2.9280434,2.5708811,4.0028734,0.08607464,14.593146,1.5013435,8.057129,228.71622
2025-12-10 17:00:00,3.1481109,2.5454893,4.1543794,0.16565582,14.518436,1.4497178,8.44131,231.04181
2025-12-10 18:00:00,3.3567348,2.4208763,4.241311,0.13293642,13.567491,1.3544179,8.736287,234.20087
2025-12-10 19:00:00,3.550878,2.2954395,4.331967,0.3304429,13.027465,1.318787,9.143344,237.11964
2025-12-10 20:00:00,3.6846354,2.1802588,4.380965,0.32997528,13.067974,1.3607237,9.300842,239.3865
2025-12-10 21:00:00,3.7030306,2.0479262,4.333226,0.24998781,13.349959,1.3693533,9.273264,241.05563
2025-12-10 22:00:00,3.4981928,1.9727986,4.149234,0.18675278,13.63764,1.2665706,9.576559,240.57927
2025-12-10 23:00:00,3.5640984,1.9485544,4.1865373,0.27551773,12.994543,1.3726977,9.588051,241.33382
2025-12-11 00:00:00,3.5562587,1.9411304,4.1797876,0.05622983,12.997551,1.3746728,9.477238,241.37274
2025-12-11 01:00:00,3.5457876,1.9188274,4.164318,0.11102699,12.92948,1.2734115,9.278027,241.57967
2025-12-11 02:00:00,3.5431201,1.8324655,4.133586,0.055199057,12.512681,1.2427145,9.214448,242.65247
2025-12-11 03:00:00,3.5144188,1.7797374,4.107485,0.03224,12.31925,1.1989663,9.230399,243.14188
2025-12-11 04:00:00,3.373864,1.7126242,3.9843836,0.0483668,12.378406,1.1330738,9.098409,243.08696
2025-12-11 05:00:00,3.211905,1.7099539,3.8781507,0.15499419,12.268755,1.1726699,9.067321,241.97006
2025-12-11 06:00:00,3.1063826,1.6827203,3.7993646,0.13301247,12.049153,1.1216769,8.992311,241.5557
2025-12-11 07:00:00,3.0237427,1.6420338,3.7330317,0.2355193,11.725941,1.0042975,8.90153,241.49597
2025-12-11 08:00:00,2.9766903,1.7133397,3.7323043,0.14561652,11.717805,0.7820531,8.825349,240.0759
2025-12-11 09:00:00,3.068559,1.7377353,3.866719,0.019774567,11.881278,0.6663909,8.913423,240.47697
2025-12-11 10:00:00,2.6156962,1.5634617,3.5367577,0.049021043,11.228979,0.782949,8.525966,239.13228
2025-12-11 11:00:00,2.6799836,1.6499637,3.74636,0.058871575,11.517261,0.7913872,8.850244,238.38098
2025-12-11 12:00:00,2.685647,1.7386446,3.8421974,0.024197929,11.937538,0.7542225,9.308059,237.08163
2025-12-11 13:00:00,2.5842066,1.6784519,3.787354,0.02411625,12.227831,0.74500185,9.271936,236.99612
2025-12-11 14:00:00,2.4471412,1.6675926,3.6828144,0.14341363,12.988089,0.7871177,9.254741,235.72772
2025-12-11 15:00:00,2.281676,1.6944815,3.5751648,0.0976682,13.136878,0.89881366,9.200032,233.40067
2025-12-11 16:00:00,2.1517937,1.7564813,3.6037972,0.14754276,13.052306,1.0050119,9.005967,230.7757
2025-12-11 17:00:00,2.0339298,1.8038672,3.626692,0.07220005,12.484347,1.0971217,8.643885,228.43057
2025-12-11 18:00:00,1.987035,1.8270824,3.6228142,0.025958264,12.211386,1.1183138,8.247726,227.4014
2025-12-11 19:00:00,1.9768083,1.7773466,3.5849767,0.117676966,12.134568,1.1426318,8.002411,228.04132
2025-12-11 20:00:00,1.9436262,1.6568134,3.4741921,0.12488471,11.602135,1.1607354,7.863703,229.5546
2025-12-11 21:00:00,1.9662657,1.536028,3.3805683,0.29480803,11.119493,1.1485927,7.8261905,232.00339
2025-12-11 22:00:00,1.6821644,1.4817047,3.1122131,0.10083374,11.012897,1.2424338,7.1417456,228.62537
2025-12-11 23:00:00,1.617515,1.4215698,3.01923,0.2177763,10.499667,1.1257691,7.2075586,228.68904
2025-12-12 00:00:00,1.5498521,1.3551867,2.93855,0.09482158,10.508098,1.096069,6.7337756,228.83363
2025-12-12 01:00:00,1.4297832,1.2855753,2.837993,0.014091225,10.2457485,1.0392611,6.3352966,228.04002
2025-12-12 02:00:00,1.20337,1.3358699,2.742662,0.043292753,9.661773,1.0405396,6.0074544,222.01297
2025-12-12 03:00:00,1.039971,1.370914,2.653054,0.07665566,9.279548,0.9926839,5.602773,217.18384
2025-12-12 04:00:00,0.82623374,1.4584805,2.572248,0.045207452,8.560278,0.95340884,5.1651998,209.5317
2025-12-12 05:00:00,0.61287093,1.5628043,2.5258794,0.18202855,7.790192,0.99182224,4.659581,201.41318
2025-12-12 06:00:00,0.48917246,1.7382367,2.5788715,0.23568967,7.4764104,1.0544814,4.6576147,195.7176
2025-12-12 07:00:00,0.3854333,1.8532286,2.609563,0.15418066,7.215304,1.09767,4.602856,191.74886
2025-12-12 08:00:00,0.3472624,2.0339487,2.7196124,0.08436982,7.884606,1.0724924,4.704111,189.68887
2025-12-12 09:00:00,0.39741927,2.1826742,2.824897,0.17699836,8.4059305,1.0384601,4.682698,190.31932
2025-12-12 10:00:00,0.42438528,1.9534129,2.5518017,0.17255506,7.3794336,0.99940526,4.504342,192.25723
2025-12-12 11:00:00,0.36116686,1.8908019,2.413247,0.1180946,6.648623,0.96156883,4.251993,190.81396
2025-12-12 12:00:00,0.34598684,1.803139,2.3110662,0.043747492,6.0449147,0.8549217,4.1392884,190.86191
2025-12-12 13:00:00,0.17003652,1.6641368,2.1709857,0.023997996,6.734046,0.7236991,3.8227658,185.83408
2025-12-12 14:00:00,-0.104544565,1.5075618,2.005012,0.05797795,7.839815,0.78210914,3.302364,176.03308
2025-12-12 15:00:00,-0.40635145,1.4875859,2.0214248,0.018224003,8.826712,1.015671,3.0789645,164.72173
2025-12-12 16:00:00,-0.5744889,1.6461854,2.1818297,0.06581731,8.683855,1.1505582,3.3194087,160.76193
2025-12-12 17:00:00,-0.537422,1.825616,2.3121872,0.117198564,8.362733,1.2189538,3.720518,163.59671
2025-12-12 18:00:00,-0.38675547,1.959786,2.387743,0.07853401,8.375355,1.1877153,4.0145845,168.83636
2025-12-12 19:00:00,-0.21410267,2.052819,2.415902,0.06797121,8.307238,1.0501822,4.3560123,174.04576
2025-12-12 20:00:00,-0.011024269,2.1224282,2.426087,0.109405056,8.173708,0.90721613,4.7383347,179.70241
2025-12-12 21:00:00,0.24596962,2.1553555,2.4562175,0.085154064,8.015288,0.86558753,5.127315,186.51044
2025-12-12 22:00:00,0.35545018,2.09988,2.3782768,0.1043689,8.362246,0.84504133,5.131905,189.60748
2025-12-12 23:00:00,0.5448295,2.1467903,2.4237528,0.08350079,8.768564,0.8597183,5.3225417,194.24033
2025-12-13 00:00:00,0.7139975,2.1184325,2.4350076,0.09604961,8.459835,0.90380704,5.2160807,198.6259
2025-12-13 01:00:00,0.85962164,2.1506772,2.5020666,0.09501047,8.9858675,0.9123003,5.189844,201.7865
2025-12-13 02:00:00,1.018384,2.174894,2.5726173,0.130503,9.049857,0.86954814,5.4296618,205.09113
2025-12-13 03:00:00,1.2077488,2.1485817,2.6349268,0.045386698,8.968391,0.8334562,5.5849857,209.34097
2025-12-13 04:00:00,1.4054738,2.0704565,2.7098281,0.19267839,9.343281,0.8487922,5.6421223,214.16957
2025-12-13 05:00:00,1.536598,1.9763056,2.7573671,0.1384736,9.486981,0.8790607,5.8623896,217.86543
2025-12-13 06:00:00,1.7593739,1.863845,2.8475893,0.10967645,9.143174,0.95009094,6.470385,223.3484
2025-12-13 07:00:00,1.9314183,1.7520863,2.9145622,0.07233792,9.023741,0.9508662,6.620242,227.78726
2025-12-13 08:00:00,2.139782,1.6457499,3.0080755,0.093985066,8.576323,1.0637743,6.7133045,232.43538
2025-12-13 09:00:00,2.386278,1.5055488,3.0897944,0.03885177,8.727754,1.057391,6.7833295,237.75139
2025-12-13 10:00:00,2.356725,1.3192964,2.9396062,0.20429687,8.950677,0.9093491,6.5374227,240.75987
2025-12-13 11:00:00,2.5552986,1.1995528,2.9943357,0.15218554,8.98893,0.8478061,6.649163,244.85289
2025-12-13 12:00:00,2.6740665,0.98725355,2.9993205,0.13993247,9.677372,0.84319824,6.5925827,249.73608
2025-12-13 13:00:00,2.750347,0.8476835,3.0187876,0.02381371,9.964787,0.9015299,6.595321,252.8702
2025-12-13 14:00:00,2.643601,0.70901406,2.9072275,0.14269099,10.089155,0.8927465,6.70566,254.98659
2025-12-13 15:00:00,2.4495137,0.7060068,2.7611885,0.046429608,10.254154,0.73632497,6.625659,253.92178
2025-12-13 16:00:00,2.3350456,0.7463317,2.7353919,0.068492435,10.257031,0.69819015,6.5335007,252.27498
2025-12-13 17:00:00,2.2608361,0.79868215,2.7534273,0.10324429,10.303661,0.72271246,6.4336967,250.54329
2025-12-13 18:00:00,2.2440665,0.85530376,2.767778,0.04671084,10.154012,0.7296757,6.529395,249.13615
2025-12-13 19:00:00,2.2413747,0.98818064,2.8313713,0.10893646,10.333459,0.8300559,6.5261626,246.2082
2025-12-13 20:00:00,2.2413342,1.1723121,2.8981035,0.15780982,10.920736,0.84411705,6.614905,242.38853
2025-12-13 21:00:00,2.1996527,1.3103955,2.925664,0.073262125,11.635427,0.85224307,6.853707,239.21654
2025-12-13 22:00:00,2.0151525,1.5419868,2.8746994,0.009662814,12.389593,0.8064334,6.9255486,232.57692
2025-12-13 23:00:00,2.0312397,1.7261773,2.9815164,0.12035942,12.843391,0.85327566,7.0825605,229.64163
2025-12-14 00:00:00,1.9778697,1.8145331,3.0244062,0.018799547,13.438533,0.8847132,7.3015738,227.46617
2025-12-14 01:00:00,1.9470747,1.8918172,3.0691423,0.04347315,13.750441,0.8676047,7.4742527,225.82468
2025-12-14 02:00:00,1.8942021,2.0467093,3.114233,0.12526517,13.781354,0.8696899,7.7051215,222.78384
2025-12-14 03:00:00,1.832597,2.1516972,3.1192133,0.08871468,13.763726,0.77380186,7.894921,220.42099
2025-12-14 04:00:00,1.8039534,2.2940006,3.1824727,0.039511543,13.818131,0.7178089,8.143195,218.18076
2025-12-14 05:00:00,1.7688574,2.4396565,3.2598977,0.05242651,13.509467,0.7318238,8.450546,215.94376
2025-12-14 06:00:00,1.7641234,2.6104798,3.3928418,0.09240767,13.335436,0.8317638,8.748954,214.05025
2025-12-14 07:00:00,1.7654835,2.794839,3.5628188,0.07588105,13.35408,0.9087931,9.004577,212.28036
2025-12-14 08:00:00,1.8628161,2.9574392,3.7534444,0.046413656,13.354857,0.9784227,9.24064,212.2058
2025-12-14 09:00:00,2.0168111,3.1338649,3.9657197,0.12947868,13.374471,0.99525136,9.455369,212.76347
2025-12-14 10:00:00,1.9006802,2.9709778,3.7151072,0.09448087,14.036716,0.87426287,8.574636,212.60904
2025-12-14 11:00:00,1.9865603,3.134765,3.8859282,0.12677939,13.037731,0.9894488,8.990988,212.36322
2025-12-14 12:00:00,2.0438108,3.195374,3.995749,0.060757205,13.872284,1.0361809,9.200444,212.6036
2025-12-14 13:00:00,2.0025032,3.165157,4.0036607,0.074042685,14.306414,0.9580853,9.335929,212.32036
2025-12-14 14:00:00,1.7972689,3.0824623,3.8610725,0.083621725,14.10724,0.90971696,9.045533,210.24487
2025-12-14 15:00:00,1.5666314,3.035426,3.766303,0.07153521,13.987355,0.979721,8.836101,207.29898
2025-12-14 16:00:00,1.4401381,3.131498,3.827423,0.13502339,13.977327,1.1414742,8.625582,204.69713
2025-12-14 17:00:00,1.4035068,3.2290852,3.9016442,0.06641795,14.325215,1.3374093,8.268232,203.49194
2025-12-14 18:00:00,1.3996418,3.3235874,3.9749582,0.14863606,14.244218,1.44285,8.226338,202.83713
2025-12-14 19:00:00,1.3789792,3.3507104,3.9888442,0.06755529,14.664362,1.3708651,8.071368,202.36954
2025-12-14 20:00:00,1.3896724,3.376917,4.0268145,0.028391158,14.876552,1.3272713,8.120796,202.3682
2025-12-14 21:00:00,1.3363899,3.3771384,4.0152054,0.096598,14.801456,1.371675,8.019672,201.58954
2025-12-14 22:00:00,0.856927,3.1794715,3.6859384,0.06734798,14.35218,1.5358872,7.865595,195.08386
2025-12-14 23:00:00,0.919794,3.412627,3.9164054,0.16665141,14.684727,1.6200898,8.326363,195.08429
2025-12-15 00:00:00,1.0005761,3.5011394,4.0401797,0.178695,14.680677,1.635059,8.373541,195.94919
2025-12-15 01:00:00,1.0519108,3.5479972,4.0939026,0.13952367,13.72512,1.5868322,8.147165,196.51404
2025-12-15 02:00:00,1.0702416,3.6032035,4.1319933,0.15568964,14.698844,1.5664742,7.795467,196.54274
2025-12-15 03:00:00,1.0852978,3.6764655,4.180234,0.22122227,15.402371,1.5119607,7.838656,196.44669
2025-12-15 04:00:00,1.0224988,3.702987,4.161926,0.2018085,14.918451,1.4697328,7.9044695,195.43634
2025-12-15 05:00:00,0.93238544,3.75028,4.150017,0.14293759,14.35368,1.4346981,7.7768316,193.96167
2025-12-15 06:00:00,0.9014402,3.78966,4.1526375,0.23287563,13.781222,1.4658483,7.8043857,193.38019
2025-12-15 07:00:00,0.86328787,3.7817976,4.1360693,0.28193787,13.537586,1.4865414,7.752188,192.85883
2025-12-15 08:00:00,0.85096246,3.8182137,4.1794896,0.07068099,12.700761,1.6105845,7.651802,192.56413
2025-12-15 09:00:00,0.83879954,3.7873874,4.1567507,0.18014558,12.52586,1.5111704,7.4305825,192.48782
2025-12-15 10:00:00,0.5803165,3.3447323,3.6842058,0.24920414,12.848904,1.4535334,6.687826,189.84293
2025-12-15 11:00:00,0.56688917,3.3980367,3.7380993,0.23523729,12.54904,1.447054,6.591468,189.47134
2025-12-15 12:00:00,0.52750295,3.4061823,3.7762809,0.04186322,13.000462,1.4671412,6.474843,188.80325
2025-12-15 13:00:00,0.36847666,3.3184876,3.740728,0.05177639,12.73051,1.3637669,6.262824,186.33603
2025-12-15 14:00:00,0.20910026,3.2355173,3.7089617,0.29643977,12.597841,1.2388179,6.32619,183.6977
2025-12-15 15:00:00,0.04688036,3.2496297,3.7137558,0.26564524,12.854877,1.4387515,6.3058224,180.8265
2025-12-15 16:00:00,-0.059107188,3.3573823,3.776648,0.15317425,12.266777,1.5479724,6.2033176,178.99141
2025-12-15 17:00:00,-0.05894058,3.4175386,3.802354,0.22918448,12.0113,1.5024701,6.197754,179.01196
2025-12-15 18:00:00,-0.06457437,3.4277496,3.8085108,0.3053379,11.831937,1.560715,6.223458,178.92076
2025-12-15 19:00:00,-0.059932813,3.4272444,3.8213732,0.36858073,11.584464,1.6097009,6.1291814,178.99817
2025-12-15 20:00:00,-0.05029998,3.4057505,3.8162165,0.39384916,11.178061,1.6690605,6.2017484,179.15385
2025-12-15 21:00:00,-0.06221627,3.3015554,3.7525673,0.28630078,10.812492,1.6254174,6.1749024,178.92043
2025-12-15 22:00:00,-0.16491328,3.0188107,3.50498,0.38741845,10.089061,1.6442286,5.8006215,176.87314
2025-12-15 23:00:00,-0.3353152,2.9280128,3.4799063,0.2450699,9.800993,1.7460939,5.5658894,173.46696
2025-12-16 00:00:00,-0.38141447,2.940527,3.4995344,0.06520307,10.088071,1.7630469,5.480512,172.60947
2025-12-16 01:00:00,-0.46706948,2.9071982,3.4925804,0.17279813,9.773715,1.709184,5.5774264,170.87288
2025-12-16 02:00:00,-0.5433519,2.8632655,3.484057,0.36284953,8.950934,1.6924684,5.6791654,169.25494
2025-12-16 03:00:00,-0.611291,2.8245986,3.4929674,0.27428988,9.260511,1.7099707,5.6533113,167.78854
2025-12-16 04:00:00,-0.69122523,2.7290034,3.454245,0.4048267,8.810016,1.7351457,5.7706437,165.78656
2025-12-16 05:00:00,-0.7726358,2.6626854,3.4347157,0.24865063,8.0398655,1.7374103,5.803279,163.81877
2025-12-16 06:00:00,-0.8447571,2.5802345,3.3855507,0.11475685,7.8633432,1.8102555,5.539891,161.8718
2025-12-16 07:00:00,-0.8636157,2.5314095,3.3412633,0.1194956,8.069176,1.7825344,5.4335,161.16241
2025-12-16 08:00:00,-0.9112652,2.5214589,3.3587346,0.11512661,8.349064,1.7905205,5.495686,160.12994
2025-12-16 09:00:00,-0.90758824,2.4962633,3.3517492,0.08630642,8.501074,1.8031685,5.341722,160.0198
2025-12-16 10:00:00,-0.9758466,2.2463493,3.046056,0.21658236,7.87366,1.5918192,4.633782,156.5192
2025-12-16 11:00:00,-1.0265087,2.2384858,2.9832664,0.18297064,8.099065,1.6314745,4.5603256,155.36511
2025-12-16 12:00:00,-0.98277116,2.2439563,2.898562,0.19757701,8.0436,1.5917842,4.6504645,156.34833
2025-12-16 13:00:00,-0.98204577,2.2519844,2.8868942,0.1630931,7.899447,1.4404173,4.8707986,156.43893
2025-12-16 14:00:00,-0.9178129,2.1838741,2.8016424,0.12355574,7.787101,1.297413,5.025083,157.20454
2025-12-16 15:00:00,-0.8300711,2.2126703,2.831704,0.20828108,7.320539,1.346706,5.134381,159.4367
2025-12-16 16:00:00,-0.7652328,2.2859547,2.8702598,0.17118396,7.1651983,1.4041449,5.3690963,161.49182
2025-12-16 17:00:00,-0.64097553,2.3951256,2.8811154,0.17773572,7.4046535,1.4228672,5.5170703,165.01779
2025-12-16 18:00:00,-0.5052049,2.4096444,2.8424997,0.045663808,7.5146065,1.3563621,5.411035,168.1589
2025-12-16 19:00:00,-0.336872,2.4091933,2.8080237,0.13456383,7.661818,1.3256284,5.324483,172.04007
2025-12-16 20:00:00,-0.19031751,2.4292846,2.7835076,0.15468882,7.9700813,1.3116176,5.512911,175.52043
2025-12-16 21:00:00,-0.04740452,2.4003844,2.7205126,0.03450382,7.976751,1.3318533,5.424304,178.86864
2025-12-16 22:00:00,-0.04127956,2.1426964,2.498304,0.13253541,7.32827,1.0000263,5.046805,178.89633
2025-12-16 23:00:00,0.024529122,2.210395,2.562886,0.060354963,7.1674376,1.050494,4.843439,180.6358
2025-12-17 00:00:00,0.1904202,2.2349317,2.5881958,0.077027984,7.7561855,1.1728715,4.802783,184.86995
2025-12-17 01:00:00,0.2773058,2.2072437,2.5773633,0.12960392,7.3248196,1.2691325,4.688629,187.1608
2025-12-17 02:00:00,0.37748387,2.16558,2.59682,0.24384075,7.2758985,1.2854526,4.3544736,189.88794
2025-12-17 03:00:00,0.48853117,2.086003,2.5619576,0.14093062,7.1747108,1.3058388,4.1139545,193.18083
2025-12-17 04:00:00,0.58461124,2.0745804,2.5417438,0.097220995,7.012129,1.2996573,3.9013624,195.7377
2025-12-17 05:00:00,0.74228853,2.069091,2.5334854,0.04959943,6.7691455,1.263916,3.782428,199.7355
2025-12-17 06:00:00,0.88417506,2.0776916,2.5649602,0.12495007,6.7814994,1.3382695,3.7857776,203.05249
2025-12-17 07:00:00,1.0308475,2.04949,2.5761542,0.08459534,6.6989026,1.4414953,3.7876546,206.70137
2025-12-17 08:00:00,1.214146,2.0453055,2.6264315,0.15878163,6.642514,1.3823669,3.8131013,210.69446
2025-12-17 09:00:00,1.4181403,2.0938196,2.7454276,0.20317547,6.934214,1.3712449,3.9595547,214.10971
2025-12-17 10:00:00,1.3363128,1.8951795,2.496844,0.05672928,6.493967,0.94006854,3.841745,215.18811
2025-12-17 11:00:00,1.456769,1.885873,2.536496,0.11771161,6.824114,0.92197734,3.9842696,217.6848
2025-12-17 12:00:00,1.5692288,1.8532133,2.5687337,0.16197325,6.980409,0.92252064,4.036578,220.25662
2025-12-17 13:00:00,1.5646131,1.8634619,2.5880933,0.15404475,6.6694965,0.99482185,4.015683,220.01773
2025-12-17 14:00:00,1.4322295,1.9329591,2.5959847,0.10439653,7.072447,1.1753857,4.1775265,216.53667
2025-12-17 15:00:00,1.3956242,2.0791614,2.7312357,0.025845295,7.967514,1.3252137,4.3374996,213.87125
2025-12-17 16:00:00,1.4706776,2.1400096,2.8416557,0.20262864,8.202276,1.3875365,4.5539184,214.498
2025-12-17 17:00:00,1.4847276,2.1752603,2.889331,0.14282316,8.945906,1.3047699,4.8037376,214.31555
2025-12-17 18:00:00,1.4508498,2.2189884,2.9173138,0.08310484,9.851668,1.2239999,4.8029666,213.17802
2025-12-17 19:00:00,1.3630482,2.3388457,2.9803963,0.15583876,10.2649975,1.2240508,4.7956953,210.23306
2025-12-17 20:00:00,1.3063371,2.4627047,3.0619926,0.1198908,10.457345,1.321562,4.8690424,207.94363
2025-12-17 21:00:00,1.2081897,2.606186,3.1410263,0.18806121,11.754432,1.3322514,5.0739937,204.87175
2025-12-17 22:00:00,0.8983806,2.6533854,3.1024175,0.07610154,10.570353,1.2324028,5.377016,198.70502
2025-12-17 23:00:00,0.7687547,2.9155743,3.2698138,0.16704729,11.610532,1.3018887,5.5992994,194.77109
2025-12-18 00:00:00,0.750412,3.1275284,3.4434705,0.044001993,12.83923,1.3184181,5.8957872,193.49237
2025-12-18 01:00:00,0.75201046,3.3302279,3.6208994,0.19958748,13.58863,1.3111832,6.064849,192.72475
2025-12-18 02:00:00,0.795399,3.5075102,3.7910213,0.15570608,13.721518,1.3158134,6.2725353,192.77689
2025-12-18 03:00:00,0.8227696,3.696567,3.9590766,0.043684896,14.136923,1.3222859,6.6186423,192.54816
2025-12-18 04:00:00,0.8571955,3.8809183,4.1245623,0.12792237,14.845055,1.3326112,6.9292784,192.4552
2025-12-18 05:00:00,0.953457,4.0501966,4.2956557,0.14456238,14.378624,1.3506409,7.371522,193.24683
2025-12-18 06:00:00,1.027672,4.19843,4.4456515,0.34654433,15.546267,1.3977796,7.813058,193.75415
2025-12-18 07:00:00,1.0738093,4.2934055,4.551119,0.04800731,14.848362,1.4664075,8.069488,194.04199
2025-12-18 08:00:00,1.1400785,4.367566,4.661134,0.15078077,14.457379,1.5769198,8.294074,194.62964
2025-12-18 09:00:00,1.2354258,4.3516006,4.6817217,0.07822987,13.020862,1.5509386,8.340483,195.84933
2025-12-18 10:00:00,0.97288144,3.9185848,4.229727,0.109206825,12.88336,1.4430026,8.158711,193.94312
2025-12-18 11:00:00,0.86470115,3.9414396,4.2329946,0.066049375,11.941097,1.4416368,7.9823284,192.37393
2025-12-18 12:00:00,0.71706206,3.9381537,4.2066636,0.15248592,11.4922495,1.403053,7.6769934,190.31941
2025-12-18 13:00:00,0.48900914,3.867356,4.128665,0.078205235,10.758396,1.3514266,7.3118486,187.20654
2025-12-18 14:00:00,0.22508693,3.8489206,4.1209664,0.08804127,10.308059,1.3059375,7.0949306,183.3469
2025-12-18 15:00:00,-0.04255594,3.9391763,4.2190657,0.25105706,9.564805,1.8446319,7.163936,179.38104
2025-12-18 16:00:00,-0.2623258,4.0792985,4.339539,0.084344044,10.715011,1.9058875,7.4597545,176.32057
2025-12-18 17:00:00,-0.36839458,4.288713,4.538533,0.2155518,12.241735,1.9063272,7.682153,175.09042
2025-12-18 18:00:00,-0.38461962,4.4945016,4.7230945,0.06783216,13.392575,1.8697119,7.789017,175.1088
2025-12-18 19:00:00,-0.3371479,4.6313763,4.8520494,0.16628242,14.159763,1.8795655,7.900244,175.83643
2025-12-18 20:00:00,-0.23574623,4.76667,4.9802036,0.13673858,14.724705,1.8513745,8.08127,177.16862
2025-12-18 21:00:00,-0.07922363,4.853266,5.0510154,0.047394987,14.980093,1.8639935,8.290108,179.0648
2025-12-18 22:00:00,0.038587414,4.753447,4.9423356,0.068152785,15.016311,1.905013,8.404144,180.46512
2025-12-18 23:00:00,0.1652832,4.907006,5.100258,0.13076566,15.760034,1.8982937,8.743114,181.92917
2025-12-19 00:00:00,0.46604714,4.98175,5.199112,0.2642893,15.938589,1.8152494,9.157088,185.34451
2025-12-19 01:00:00,0.7185042,4.948318,5.218212,0.18037812,15.1320505,1.794935,9.370539,188.26172
2025-12-19 02:00:00,1.0039586,4.8394966,5.1797447,0.1842509,14.831051,1.8037813,9.565715,191.71983
2025-12-19 03:00:00,1.2376494,4.696944,5.103001,0.34541252,13.849673,1.8214023,9.601273,194.76196
2025-12-19 04:00:00,1.38532,4.4963465,4.9559736,0.089225285,12.999218,1.7313762,9.319928,197.12402
2025-12-19 05:00:00,1.4647671,4.312926,4.809557,0.14505672,11.870787,1.7379493,8.933424,198.75865
2025-12-19 06:00:00,1.4419324,4.1408944,4.6372113,0.09212789,10.993386,1.6962711,8.414077,199.19902
2025-12-19 07:00:00,1.4346375,3.9907734,4.48365,0.2015579,10.429466,1.6584874,7.8154926,199.77293
2025-12-19 08:00:00,1.4332716,3.9310505,4.410792,0.10143418,10.126118,1.7642096,7.313825,200.032
2025-12-19 09:00:00,1.5012178,3.8348134,4.326376,0.21618997,9.476392,1.6706702,7.0068545,201.3789
2025-12-19 10:00:00,1.4107378,3.3452997,3.8543007,0.1252046,10.054747,1.5553217,6.7653465,202.86552
2025-12-19 11:00:00,1.4735718,3.354096,3.9030325,0.09135854,10.2665825,1.3575091,6.8377233,203.71756
2025-12-19 12:00:00,1.6919209,3.2488844,3.9297762,0.16077176,11.02031,1.0945497,7.105267,207.50914
2025-12-19 13:00:00,1.8232096,3.0507314,3.8473036,0.10652091,11.348884,1.013102,6.8835526,210.86383
2025-12-19 14:00:00,1.876167,2.8481197,3.7362847,0.19389306,11.346125,1.1400346,6.8752155,213.37445
2025-12-19 15:00:00,1.873833,2.6726005,3.6354024,0.098404504,11.37534,1.3385541,6.5963993,215.03534
2025-12-19 16:00:00,1.8726015,2.5541773,3.5948951,0.08818474,11.458888,1.5681757,6.3897505,216.2471
2025-12-19 17:00:00,1.9026704,2.4253874,3.5383263,0.17696403,11.168644,1.5556333,6.3768954,218.11351
2025-12-19 18:00:00,1.9199924,2.3157876,3.4689963,0.1096411,11.212597,1.5240482,6.3497066,219.66174
2025-12-19 19:00:00,1.9433903,2.1699867,3.3598673,0.05438846,11.508429,1.3339262,6.430752,221.8469
2025-12-19 20:00:00,1.9445058,2.0260262,3.2575731,0.029768927,11.498789,1.2463009,6.5183787,223.8238
2025-12-19 21:00:00,1.8912486,1.8669751,3.106456,0.06469919,11.169871,1.1723632,6.46782,225.37006
2025-12-19 22:00:00,1.7153951,1.6233145,2.9291732,0.048315857,10.76713,1.1303538,6.2854824,226.5798
2025-12-19 23:00:00,1.5829262,1.5527022,2.8125403,0.14892045,10.485564,1.0279732,6.293361,225.55225
2025-12-20 00:00:00,1.4535782,1.4441957,2.6857815,0.05592392,10.348652,0.9527169,6.1188116,225.18552
2025-12-20 01:00:00,1.3552831,1.3860623,2.6236062,0.07773328,10.180976,0.90253365,6.0100636,224.35672
2025-12-20 02:00:00,1.2222714,1.3115206,2.5479882,0.031596743,9.643257,0.8268268,5.9722843,222.98268
2025-12-20 03:00:00,1.0806555,1.2651833,2.4637518,0.06660311,9.053671,0.86857337,5.748358,220.50227
2025-12-20 04:00:00,0.9140547,1.186227,2.3759558,0.016526403,8.478801,0.9331516,5.6264634,217.61627
2025-12-20 05:00:00,0.70458776,1.1901039,2.3297036,0.043384805,8.015228,0.9319983,5.470429,210.62718
2025-12-20 06:00:00,0.52475756,1.2281259,2.3279471,0.05975582,7.9152026,1.012724,5.2112827,203.1362
2025-12-20 07:00:00,0.35502872,1.2525668,2.2897773,0.025033964,7.697949,1.0134845,4.8862495,195.8249
2025-12-20 08:00:00,0.16609769,1.2699597,2.277248,0.054685615,7.328227,0.96676457,4.62572,187.45142
2025-12-20 09:00:00,0.030732026,1.2696958,2.2927947,0.1410308,7.0210743,0.94423807,4.5453753,181.38654
2025-12-20 10:00:00,-0.28659347,1.09036,2.123346,0.042921096,6.662569,0.7901339,4.065185,165.27332
2025-12-20 11:00:00,-0.39143825,1.0031561,2.0147283,0.024374744,6.8194275,0.70027846,4.027887,158.68393
2025-12-20 12:00:00,-0.46379542,0.971217,2.0000923,0.12847117,6.963911,0.59886664,4.1357102,154.47363
2025-12-20 13:00:00,-0.69161123,0.8081319,2.0453563,0.065516226,6.806099,0.64511883,3.8020756,139.44261
2025-12-20 14:00:00,-0.84870005,0.7619563,2.0279925,0.07734424,6.554793,0.6184264,3.510021,131.91725
2025-12-20 15:00:00,-1.0834317,0.67382526,2.0677743,0.02010669,6.427502,0.9119548,3.2949357,121.87898
2025-12-20 16:00:00,-1.3334866,0.79016155,2.2303212,0.0908234,6.438377,1.0827044,3.487611,120.649
2025-12-20 17:00:00,-1.5759034,0.84652543,2.3587222,0.09229607,6.343565,1.2370843,3.6475685,118.243286
2025-12-20 18:00:00,-1.7286744,0.9432146,2.499805,0.029692404,6.966698,1.2576344,3.8073134,118.618164
2025-12-20 19:00:00,-1.819067,1.0416325,2.6196132,0.085336864,7.5413327,1.2561189,3.9353588,119.79628
2025-12-20 20:00:00,-1.8967409,1.0641443,2.6968408,0.16237605,7.7081633,1.2023201,4.0748086,119.2941
2025-12-20 21:00:00,-1.9487935,1.0450959,2.7075007,0.12434573,8.065043,1.1177385,4.1839404,118.203705
2025-12-20 22:00:00,-1.9805982,0.93596214,2.5964026,0.083564,9.046277,1.20031,4.0132155,115.29381
2025-12-20 23:00:00,-2.1851218,0.9374806,2.6966233,0.09627405,9.866112,1.2844484,4.0296526,113.22075
2025-12-21 00:00:00,-2.3221655,0.9235019,2.7833426,0.1695959,10.216317,1.2804307,4.0591846,111.68724
2025-12-21 01:00:00,-2.4007201,0.905598,2.835205,0.051596828,10.03992,1.2233272,4.324878,110.667465
2025-12-21 02:00:00,-2.5111067,0.9247053,2.9333024,0.053267464,10.233513,1.2823672,4.594047,110.216034
2025-12-21 03:00:00,-2.5499234,0.9661152,2.9758847,0.11184791,9.832857,1.2827607,5.0627093,110.7507
2025-12-21 04:00:00,-2.5971642,0.9276321,3.000981,0.11607435,10.006853,1.294048,5.2159243,109.65527
2025-12-21 05:00:00,-2.6461644,0.8623777,3.0269113,0.15064889,10.348183,1.3097452,5.2924623,108.050644
2025-12-21 06:00:00,-2.7134755,0.83702624,3.088233,0.20121591,10.460878,1.3950117,5.317002,107.14343
2025-12-21 07:00:00,-2.8008513,0.8377352,3.1718607,0.11444745,10.636641,1.4659231,5.475124,106.65193
2025-12-21 08:00:00,-2.9054933,0.8314448,3.278481,0.06435844,10.630915,1.5476451,5.447211,105.96918
2025-12-21 09:00:00,-3.056288,0.83945113,3.4164453,0.15124352,10.369794,1.7792548,5.4954267,105.35834
2025-12-21 10:00:00,-2.8702607,0.5813446,3.1827273,0.039193306,10.379307,1.5387888,5.4658566,101.449844
2025-12-21 11:00:00,-3.131429,0.5027915,3.3588336,0.16513932,10.003419,1.6744577,5.6431994,99.121735
2025-12-21 12:00:00,-3.2702873,0.4181638,3.4636405,0.18440217,10.111708,1.7852757,5.685658,97.28674
2025-12-21 13:00:00,-3.4408088,0.31158322,3.612377,0.26630053,10.137041,1.8567102,5.6698465,95.17432
2025-12-21 14:00:00,-3.5244231,0.18697543,3.6807902,0.51793236,10.322218,1.8073171,5.849322,93.03677
2025-12-21 15:00:00,-3.6285331,0.20502204,3.795223,0.75138503,10.426274,1.9879104,6.0261173,93.23393
2025-12-21 16:00:00,-3.799984,0.29348508,3.9870763,0.80381215,10.385303,2.1273541,6.217658,94.41638
2025-12-21 17:00:00,-3.9096131,0.4101546,4.119763,0.57625514,10.303811,2.1758885,6.36039,95.98897
2025-12-21 18:00:00,-3.9929464,0.5247514,4.2245584,0.117059804,10.409806,2.1802597,6.488921,97.48689
2025-12-21 19:00:00,-4.0517626,0.64317447,4.3088555,0.42874384,10.874007,2.1733623,6.6509094,99.01985
2025-12-21 20:00:00,-4.101492,0.72877955,4.3724155,0.33757624,11.063526,2.213233,6.646839,100.07553
2025-12-21 21:00:00,-4.1218095,0.78435785,4.405272,0.1751191,11.046278,2.2259538,6.763421,100.77426
2025-12-21 22:00:00,-3.800592,0.38547125,4.054591,0.08223955,10.474289,2.1132898,6.398524,95.79138
2025-12-21 23:00:00,-4.0914593,0.6252272,4.3549166,0.16703044,11.036085,2.1726346,6.9357038,98.688324
2025-12-22 00:00:00,-4.177042,0.74298507,4.4722576,0.09799194,11.627039,2.1357908,7.340887,100.08592
2025-12-22 01:00:00,-4.141018,0.7833095,4.450569,0.17278105,11.965399,2.0554295,7.467348,100.71144
2025-12-22 02:00:00,-4.1621075,0.8321162,4.4824,0.11683591,12.105899,1.9792535,7.6665816,101.30591
2025-12-22 03:00:00,-4.087769,0.8736403,4.427953,0.20183083,11.993638,1.912513,7.7540803,102.0638
2025-12-22 04:00:00,-4.0015135,0.89925444,4.3478994,0.05384735,11.636034,1.7828163,7.9197226,102.66559
2025-12-22 05:00:00,-3.934317,0.8977983,4.2733383,0.0937651,11.487416,1.7185566,8.072128,102.854614
2025-12-22 06:00:00,-3.885929,0.9138794,4.23029,0.053265627,11.628592,1.6417264,8.180598,103.234146
2025-12-22 07:00:00,-3.8276985,0.9065119,4.1791286,0.13625872,11.674554,1.6977464,8.081221,103.32385
2025-12-22 08:00:00,-3.8478117,0.896531,4.1993694,0.24184957,11.577555,1.8317418,7.786342,103.11578
2025-12-22 09:00:00,-3.8902855,0.9320085,4.247466,0.17983711,11.357459,1.8386159,7.5973225,103.472626
2025-12-22 10:00:00,-3.922994,0.6632101,4.204327,0.2573457,10.882544,1.8931576,7.0040874,99.59555
2025-12-22 11:00:00,-4.073835,0.6988171,4.31037,0.18393394,11.083361,1.7114599,7.136159,99.73367
2025-12-22 12:00:00,-4.074773,0.66760665,4.3035703,0.07375644,11.290313,1.7376757,7.4101944,99.30463
2025-12-22 13:00:00,-4.0914955,0.50498056,4.298274,0.1295724,11.368662,1.8074055,7.6742635,97.03598
2025-12-22 14:00:00,-4.059048,0.3626507,4.246963,0.22674872,11.659413,1.848591,7.820815,95.10547
2025-12-22 15:00:00,-3.945964,0.24530195,4.134993,0.5234821,11.569057,1.8937144,8.037471,93.557236
2025-12-22 16:00:00,-3.975712,0.24007106,4.180404,0.15680009,11.355054,1.9059981,8.183548,93.45558
2025-12-22 17:00:00,-3.9917994,0.32779878,4.212054,0.3137947,11.4106245,1.8436475,8.198472,94.69449
2025-12-22 18:00:00,-3.9398742,0.3661326,4.178757,0.30271524,11.378524,1.7703413,8.168656,95.309265
2025-12-22 19:00:00,-3.8490562,0.39145187,4.0996084,0.40636685,11.221025,1.75201,8.011215,95.80707
2025-12-22 20:00:00,-3.8078284,0.35379192,4.0499606,0.5083628,11.023265,1.7049485,7.9029436,95.30823
2025-12-22 21:00:00,-3.7833672,0.20993991,4.0173125,0.5486325,11.058198,1.6900371,7.9162903,93.17612
2025-12-22 22:00:00,-3.6666648,0.02125178,3.8855462,0.31724414,11.204281,1.7132096,8.207348,90.33209
2025-12-22 23:00:00,-3.8262448,-0.15747607,4.0482044,0.34202114,11.799097,1.7643609,8.197266,87.64319
2025-12-23 00:00:00,-3.950166,-0.18102862,4.193089,0.10805174,12.201634,1.7734774,8.218854,87.37607
2025-12-23 01:00:00,-4.022819,-0.23716407,4.2668104,0.16152519,12.247295,1.7870134,7.9815297,86.62604
2025-12-23 02:00:00,-4.085864,-0.30336618,4.316545,0.21138383,12.418991,1.75441,7.745623,85.75369
2025-12-23 03:00:00,-4.1285934,-0.35387194,4.3575883,0.3851372,12.524783,1.8002677,7.4408674,85.10101
2025-12-23 04:00:00,-4.127567,-0.40013453,4.368916,0.3380896,12.387544,1.7817348,7.499778,84.46292
2025-12-23 05:00:00,-4.203577,-0.48605552,4.4562945,0.18889773,12.279152,1.7744703,7.7561507,83.404236
2025-12-23 06:00:00,-4.24206,-0.5452221,4.496339,0.30713952,12.195816,1.7769083,7.7257023,82.676056
2025-12-23 07:00:00,-4.2834635,-0.5974748,4.5265307,0.3908341,12.313445,1.8125249,7.52289,82.05939
2025-12-23 08:00:00,-4.361411,-0.6369085,4.5992923,0.4367643,12.410801,1.9442207,7.508728,81.69165
2025-12-23 09:00:00,-4.5640755,-0.67215174,4.791873,0.5562778,12.567749,2.0527065,7.3669477,81.62225
2025-12-23 10:00:00,-4.745955,-0.65735114,4.9407234,0.5611838,13.219699,1.9620341,7.517096,82.11426
2025-12-23 11:00:00,-4.848258,-0.80888116,5.0466533,0.13384636,12.998812,2.2328074,7.41489,80.528015
2025-12-23 12:00:00,-4.876739,-1.0636419,5.127682,0.11515323,12.881207,2.548804,7.4979544,77.69617
2025-12-23 13:00:00,-4.910304,-1.3443327,5.2180085,0.27448407,13.003147,2.859433,7.691504,74.68884
2025-12-23 14:00:00,-4.877681,-1.5670553,5.240004,0.18382673,13.484194,2.8333564,7.904512,72.1893
2025-12-23 15:00:00,-4.721849,-1.6866517,5.1342244,0.50428116,13.976162,2.6681972,8.627491,70.3432
2025-12-23 16:00:00,-4.783032,-1.7164171,5.209089,0.40642896,14.004836,2.7773104,8.934402,70.259186
2025-12-23 17:00:00,-4.8589754,-1.72334,5.2919197,0.26790705,14.111046,3.0646799,8.926127,70.47186
2025-12-23 18:00:00,-4.874357,-1.7135996,5.3037534,0.33222884,13.904721,3.1982164,8.754893,70.63068
2025-12-23 19:00:00,-4.8760366,-1.7486775,5.315257,0.35016486,13.705261,3.2340622,8.828639,70.27078
2025-12-23 20:00:00,-4.8536263,-1.7904457,5.3100047,0.32190144,13.1285305,3.400092,8.718664,69.75159
2025-12-23 21:00:00,-4.814525,-1.8979698,5.313932,0.28772053,12.804436,3.4705355,8.430287,68.48474
2025-12-23 22:00:00,-4.322997,-2.057824,4.988092,0.10834976,13.152379,2.8410542,8.365686,64.54471
2025-12-23 23:00:00,-4.4099264,-2.2500634,5.1468744,0.052945785,12.256358,3.158813,8.120905,62.96808
2025-12-24 00:00:00,-4.4920306,-2.387652,5.258035,0.22287926,11.316472,3.4368641,8.025921,62.007996
2025-12-24 01:00:00,-4.5236955,-2.5169117,5.3247743,0.20764084,11.253125,3.563487,7.8382783,60.90912
2025-12-24 02:00:00,-4.5485835,-2.6369607,5.385187,0.4551031,11.467062,3.644142,7.650432,59.897736
2025-12-24 03:00:00,-4.5753517,-2.7960951,5.4686,0.61930716,11.10825,3.8323119,7.937297,58.570007
2025-12-24 04:00:00,-4.621316,-2.8999782,5.552331,0.6824581,10.653032,3.9579163,8.06778,57.89081
2025-12-24 05:00:00,-4.6907516,-2.9877093,5.6496444,0.8061893,10.685523,4.1198616,7.9909697,57.505432
2025-12-24 06:00:00,-4.760249,-3.0144353,5.711168,0.8510462,10.881121,4.1600513,7.9902444,57.655884
2025-12-24 07:00:00,-4.801235,-3.0481193,5.7578115,0.96483666,10.973517,4.213176,8.044631,57.590088
2025-12-24 08:00:00,-4.858753,-3.096017,5.828585,1.0776911,10.805032,4.376457,8.087919,57.494537
2025-12-24 09:00:00,-5.0338993,-3.1512976,6.018345,1.2237037,10.789056,4.606182,8.168247,57.95282
2025-12-24 10:00:00,-4.686099,-2.9338853,5.6696057,1.3458029,10.196688,3.775352,7.446118,57.950012
2025-12-24 11:00:00,-4.9579844,-3.237315,6.0633454,1.7308416,10.021806,4.1615267,7.641848,56.857483
2025-12-24 12:00:00,-5.153636,-3.2951548,6.2430897,1.7143253,10.034798,4.4250426,7.8931775,57.40576
2025-12-24 13:00:00,-5.2535124,-3.3276587,6.327118,1.7028509,10.184764,4.4813914,8.125589,57.64917
2025-12-24 14:00:00,-5.1933894,-3.270478,6.2292447,1.4821819,10.362911,4.478717,7.9304967,57.799774
2025-12-24 15:00:00,-5.163176,-3.2164447,6.1720457,1.2213012,10.920387,4.28365,7.9558215,58.078796
2025-12-24 16:00:00,-5.2772264,-3.1175125,6.2194977,0.8917364,11.476289,4.2374344,7.9970284,59.427612
2025-12-24 17:00:00,-5.4099627,-2.9715097,6.2678585,0.66491514,11.826583,4.3263435,8.057001,61.221497
2025-12-24 18:00:00,-5.4926305,-2.7871528,6.26413,0.703452,11.960415,4.3264832,8.107318,63.095154
2025-12-24 19:00:00,-5.5648375,-2.5304768,6.227939,0.6849237,12.024041,4.249001,8.096341,65.547455
2025-12-24 20:00:00,-5.599424,-2.2106583,6.160547,0.90291166,11.974154,4.1521835,8.061219,68.45581
2025-12-24 21:00:00,-5.5612617,-1.9218053,6.034579,0.9890527,11.776981,3.8529518,8.047796,70.93637
2025-12-24 22:00:00,-4.725713,-1.8406855,5.2770333,1.1009356,11.798589,3.2230585,7.158037,68.71887
2025-12-24 23:00:00,-4.9452624,-1.8338504,5.452122,0.31771418,11.723578,3.324821,7.3342566,69.65372
2025-12-25 00:00:00,-5.041059,-1.7220875,5.4909186,0.09429185,11.462527,3.4066815,7.4460235,71.13919
2025-12-25 01:00:00,-5.0039983,-1.6692005,5.420393,0.1902586,11.273349,3.386181,7.3662252,71.55267
2025-12-25 02:00:00,-4.926552,-1.5408169,5.3015184,0.35408592,11.329642,3.2010586,7.297638,72.63251
2025-12-25 03:00:00,-4.875814,-1.4750968,5.236318,0.6035948,11.398296,3.1617343,7.2618356,73.16766
2025-12-25 04:00:00,-4.8045573,-1.3888236,5.152385,0.62266964,11.489984,3.087434,7.061582,73.87732
2025-12-25 05:00:00,-4.726381,-1.2864351,5.059112,0.5426174,11.481435,2.9497027,6.9169035,74.77396
2025-12-25 06:00:00,-4.620344,-1.1131448,4.9485044,0.48659468,11.671805,2.7954364,6.7592363,76.454285
2025-12-25 07:00:00,-4.5121818,-0.9310369,4.8294954,0.41134503,11.660537,2.6385026,6.6276803,78.34131
2025-12-25 08:00:00,-4.44244,-0.8511505,4.750844,0.58782566,11.453516,2.6156592,6.473264,79.15384
2025-12-25 09:00:00,-4.3372474,-0.72527003,4.6408615,0.8192667,10.9050255,2.7005498,6.1823587,80.5069
2025-12-25 10:00:00,-3.688581,-0.58459556,4.0958076,1.0352324,10.066624,2.1094167,5.8187184,80.9942
2025-12-25 11:00:00,-3.8487718,-0.68184024,4.1506414,0.31552646,10.29582,1.7787035,6.0352697,79.95383
2025-12-25 12:00:00,-3.8145294,-0.8435714,4.0833197,0.12327555,10.230705,1.7471726,5.9896083,77.52991
2025-12-25 13:00:00,-3.7242448,-0.96607023,4.0374637,0.14893718,9.871677,1.9935559,5.834077,75.45795
2025-12-25 14:00:00,-3.5800357,-1.1012573,3.9332902,0.2545816,9.878761,1.8271147,5.8548794,72.90155
2025-12-25 15:00:00,-3.5021143,-1.0229517,3.8217626,0.10745871,9.933685,1.7410586,5.8046055,73.71716
2025-12-25 16:00:00,-3.525788,-0.9693773,3.851207,0.45854303,9.950707,1.9573982,5.7627635,74.62695
2025-12-25 17:00:00,-3.5140798,-0.79933167,3.8730972,0.13872695,10.040676,1.848934,5.617548,77.18524
2025-12-25 18:00:00,-3.390348,-0.5767414,3.7844474,0.41205734,10.658002,1.7571911,5.535753,80.34567
2025-12-25 19:00:00,-3.1869864,-0.41166192,3.6164765,0.18958636,10.55897,1.5949346,5.4378567,82.63986
2025-12-25 20:00:00,-2.96681,-0.32271928,3.472222,0.345103,9.654161,1.5093372,5.243371,83.79196
2025-12-25 21:00:00,-2.7928116,-0.30033627,3.3805294,0.276714,8.715488,1.517638,5.1634736,83.86206
2025-12-25 22:00:00,-2.3649251,-0.4582305,3.1922166,0.0892964,8.760896,1.321631,5.11896,79.03418
2025-12-25 23:00:00,-2.343717,-0.45126343,3.2130003,0.18171942,9.107986,1.2875278,5.1437106,79.10153
2025-12-26 00:00:00,-2.218229,-0.5065481,3.1313384,0.10343472,9.273123,1.0358881,5.084616,77.13666
2025-12-26 01:00:00,-2.1342752,-0.5434768,3.069941,0.087012544,9.274977,1.0031127,5.0576086,75.713684
2025-12-26 02:00:00,-2.081689,-0.5505371,3.0317047,0.014376403,9.34271,1.0681198,4.9363337,75.18634
2025-12-26 03:00:00,-1.9603786,-0.5205639,2.9582634,0.110854775,8.98483,1.0831624,4.7830954,75.12872
2025-12-26 04:00:00,-1.8592674,-0.5789696,2.9187722,0.03006476,8.777013,0.99483025,4.7880406,72.70358
2025-12-26 05:00:00,-1.8051168,-0.6490532,2.9197571,0.09696646,8.685809,0.9320507,4.7668934,70.22327
2025-12-26 06:00:00,-1.7826719,-0.67593133,2.9136815,0.109572366,8.266488,0.99147904,4.7705374,69.23489
2025-12-26 07:00:00,-1.7153617,-0.6651822,2.8756113,0.048293103,8.265486,1.0217316,4.8204875,68.80472
2025-12-26 08:00:00,-1.6658334,-0.69086933,2.8475792,0.09180585,7.9812965,0.95362234,4.713906,67.47479
2025-12-26 09:00:00,-1.6197683,-0.7153444,2.8179266,0.06810345,7.8462687,0.8751211,4.603902,66.17212
2025-12-26 10:00:00,-1.4555128,-0.69585437,2.7211685,0.07131001,7.688215,0.8293395,4.799092,64.448364
2025-12-26 11:00:00,-1.5151017,-0.7355998,2.7091184,0.14869075,7.1641455,0.88704854,4.861619,64.102875
2025-12-26 12:00:00,-1.4478817,-0.82111794,2.674985,0.070835434,7.0617023,0.867381,4.7040033,60.44171
2025-12-26 13:00:00,-1.3856885,-0.9341938,2.597867,0.097629674,7.04166,0.9013202,4.474626,56.013214
2025-12-26 14:00:00,-1.2655998,-1.0002648,2.440103,0.0972233,7.172001,0.9699221,4.124404,51.678955
2025-12-26 15:00:00,-1.1232436,-1.0540788,2.4089694,0.25730538,7.1899934,1.2929379,3.7610183,46.819427
2025-12-26 16:00:00,-1.1035953,-1.0723766,2.4250088,0.14293863,6.7691927,1.3330221,3.7474566,45.82196
2025-12-26 17:00:00,-1.0687953,-1.0125221,2.4034486,0.24234821,6.4374676,1.3164799,3.7362962,46.548737
2025-12-26 18:00:00,-1.0176895,-0.96772766,2.3869834,0.26487553,6.3557386,1.2801392,3.6262639,46.441498
2025-12-26 19:00:00,-0.8930788,-0.915357,2.3524132,0.20977587,6.1704173,1.1956995,3.5645318,44.29419
2025-12-26 20:00:00,-0.8397497,-0.88436604,2.3470826,0.10040491,6.089091,1.1029328,3.6924386,43.51764
2025-12-26 21:00:00,-0.75982624,-0.8380894,2.3750896,0.1316332,5.884165,1.0627415,3.8043928,42.195984
2025-12-26 22:00:00,-0.6036418,-0.9350908,2.528396,0.2575285,5.800295,1.1749785,4.2538686,32.843994
2025-12-26 23:00:00,-0.5590606,-0.83589214,2.5825906,0.19215378,6.3506546,1.1106677,4.5016103,33.77536
2025-12-27 00:00:00,-0.4030176,-0.78071636,2.6164627,0.06416605,6.8923597,1.0902508,4.6035023,27.303467
2025-12-27 01:00:00,-0.2353297,-0.6931466,2.6142483,0.08519592,7.44707,1.0107504,4.8083816,18.752808
2025-12-27 02:00:00,-0.014498737,-0.70783377,2.6411955,0.07896325,7.9951596,1.0151439,4.944353,1.1734314
2025-12-27 03:00:00,0.20528638,-0.7563563,2.686503,0.057271685,8.755736,0.98193717,5.2098546,344.81488
2025-12-27 04:00:00,0.38374987,-0.8059144,2.7298827,0.101128705,8.846102,0.92443323,6.1399264,334.53775
2025-12-27 05:00:00,0.5415018,-0.7932537,2.77284,0.103605635,9.45083,0.9193312,6.523214,325.6812
2025-12-27 06:00:00,0.68275,-0.8180018,2.839681,0.1016081,10.159668,0.9198111,6.620086,320.14972
2025-12-27 07:00:00,0.8859451,-0.73463523,2.8975706,0.081822164,10.670953,0.960863,6.9520826,309.6659
2025-12-27 08:00:00,1.1559279,-0.6908396,3.045719,0.06215982,11.812779,0.95538366,7.7752147,300.86462
2025-12-27 09:00:00,1.4596586,-0.81136715,3.1863365,0.09432969,12.376236,0.8405328,8.283857,299.06796
2025-12-27 10:00:00,1.5752106,-0.8643535,3.1133575,0.007487278,11.188075,0.7365449,7.704191,298.75458
2025-12-27 11:00:00,1.9008611,-0.98883307,3.2227569,0.042431552,12.025075,0.6546929,8.156731,297.48358
2025-12-27 12:00:00,2.1218154,-1.3107919,3.3253942,0.055869978,11.460395,0.713933,8.536372,301.70648
2025-12-27 13:00:00,2.1232188,-1.6963826,3.399755,0.07774806,11.977711,0.7712,8.031033,308.62372
2025-12-27 14:00:00,2.0196877,-1.927082,3.356048,0.09754654,12.124524,0.9225675,7.637304,313.65588
2025-12-27 15:00:00,1.9424336,-2.059173,3.483894,0.04543495,13.023681,1.0430692,7.433925,316.67102
2025-12-27 16:00:00,1.7704089,-2.1631804,3.576937,0.09884696,13.482429,0.99128944,7.3659654,320.70212
2025-12-27 17:00:00,1.664319,-2.1233084,3.5951946,0.060456622,13.258098,1.1489611,6.961054,321.9095
2025-12-27 18:00:00,1.5904776,-2.2020833,3.6508982,0.06471186,13.30955,1.3277457,6.9927235,324.16092
2025-12-27 19:00:00,1.5022023,-2.264853,3.6318643,0.029343188,12.875422,1.3685904,7.0002823,326.445
2025-12-27 20:00:00,1.353036,-2.3653507,3.605875,0.08916367,12.931625,1.4264656,6.7386656,330.22943
2025-12-27 21:00:00,1.2098871,-2.3551323,3.40271,0.1458375,13.122765,1.4381567,6.124334,332.80936
2025-12-27 22:00:00,1.0868604,-2.2831755,3.1738899,0.08124014,12.823561,1.3470953,6.1148744,334.54413
2025-12-27 23:00:00,0.8813167,-2.3838072,3.2204874,0.20587254,12.446268,1.3538065,6.3128123,339.71014
2025-12-28 00:00:00,0.62098366,-2.39571,3.222996,0.07903102,12.93404,1.2982407,5.879426,345.46838
2025-12-28 01:00:00,0.3659095,-2.380127,3.1782444,0.104567625,12.532727,1.2523856,5.4665065,351.26004
2025-12-28 02:00:00,0.22091593,-2.2365124,3.030464,0.07667214,12.698356,1.2561972,4.901099,354.3588
2025-12-28 03:00:00,0.21512954,-2.0023797,2.8406408,0.089933306,12.588172,1.1760864,4.3707185,353.86783
2025-12-28 04:00:00,0.26565427,-1.7462361,2.6716714,0.17671409,12.032137,1.0373149,4.281675,351.3499
2025-12-28 05:00:00,0.3397192,-1.5437382,2.5361874,0.07034954,11.151231,0.9637965,4.1304984,347.58914
2025-12-28 06:00:00,0.42791706,-1.4556447,2.471376,0.062816255,11.125138,0.9141482,3.892526,343.6182
2025-12-28 07:00:00,0.49286836,-1.4199421,2.4201632,0.088609785,10.454617,0.87758064,4.0135965,340.85788
2025-12-28 08:00:00,0.5021754,-1.3880154,2.351602,0.03751672,9.720423,0.71109694,3.9708753,340.11017
2025-12-28 09:00:00,0.46219778,-1.382871,2.430376,0.029349724,9.656389,0.68611664,4.2930098,341.5188
2025-12-28 10:00:00,0.4810028,-1.3443125,2.432296,0.06092407,9.6547575,0.80569273,4.2856154,340.3125
2025-12-28 11:00:00,0.5686431,-1.2149861,2.501366,0.06868134,9.511318,0.818525,4.581297,334.91925
2025-12-28 12:00:00,0.76087785,-1.1589797,2.6854408,0.13394058,9.214865,0.9310217,4.8337955,326.71484
2025-12-28 13:00:00,0.91379815,-1.0985681,2.847513,0.120673746,8.776759,1.050268,5.0690894,320.24603
2025-12-28 14:00:00,1.074733,-0.9419869,2.8471684,0.03474465,9.18941,0.9959232,5.8600583,311.23407
2025-12-28 15:00:00,1.2016057,-0.8312044,2.9755275,0.098644935,9.892719,1.2037592,6.187869,304.67334
2025-12-28 16:00:00,1.3002241,-0.6756794,3.0947304,0.029704947,10.773705,1.1870085,5.9539866,297.45926
2025-12-28 17:00:00,1.3811365,-0.46326014,3.1394975,0.0938514,11.248824,1.1488357,6.0834637,288.54245
2025-12-28 18:00:00,1.5535542,-0.3347642,3.2362647,0.03469845,11.919213,1.1010602,6.9180155,282.1603
2025-12-28 19:00:00,1.7598617,-0.31157374,3.365646,0.19052786,12.831033,1.1897465,7.71364,280.03986
2025-12-28 20:00:00,1.916212,-0.39319468,3.4892466,0.23965132,12.877783,1.1481194,8.420072,281.59576
2025-12-28 21:00:00,2.0230582,-0.5865866,3.5420206,0.28185344,11.955196,1.1029413,8.565633,286.16953
2025-12-28 22:00:00,2.066833,-0.9293753,3.5096927,0.12108419,11.709507,1.0747509,8.346627,294.2116
2025-12-28 23:00:00,2.0999565,-0.99171406,3.539935,0.08059133,11.802666,1.0905613,8.230473,295.27924
2025-12-29 00:00:00,2.2041378,-1.0911655,3.559226,0.06950942,12.120504,0.9828785,8.2550955,296.33786
2025-12-29 01:00:00,2.2419004,-1.2757206,3.584359,0.0058565927,12.365602,0.91597587,8.391338,299.64142
2025-12-29 02:00:00,2.2730143,-1.3963665,3.5916753,0.030284388,11.860183,0.9412603,8.297936,301.5634
2025-12-29 03:00:00,2.313181,-1.4708408,3.5701013,0.102086894,11.675749,0.83967763,8.022824,302.45032
2025-12-29 04:00:00,2.341587,-1.4743772,3.5280638,0.12395965,11.480934,0.7591231,7.5914683,302.1965
2025-12-29 05:00:00,2.3490996,-1.4044895,3.468906,0.15038666,10.86092,0.90925366,7.108401,300.87454
2025-12-29 06:00:00,2.4101753,-1.2987481,3.4225502,0.049904376,11.226639,1.0318682,7.01868,298.31848
2025-12-29 07:00:00,2.5310962,-1.2261105,3.4329882,0.080577545,11.511558,1.1161376,7.068924,295.8464
2025-12-29 08:00:00,2.6117277,-1.2020998,3.4903543,0.11133748,11.925464,1.0546582,7.1793294,294.71518
2025-12-29 09:00:00,2.71884,-1.2627679,3.6209395,0.058053587,11.625178,1.0283196,7.211685,294.91257
2025-12-29 10:00:00,2.5731235,-1.2542803,3.440029,0.035797123,11.819251,1.0422759,6.767201,295.98712
2025-12-29 11:00:00,2.71666,-1.4605024,3.6063492,0.036117,11.992166,0.9656355,6.9298964,298.2629
2025-12-29 12:00:00,2.7662098,-1.7858313,3.8209782,0.040899776,13.119189,1.1022415,7.120297,302.8458
2025-12-29 13:00:00,2.6244454,-2.126354,3.9929698,0.090139635,14.781492,1.2695152,7.156378,309.01477
2025-12-29 14:00:00,2.423406,-2.2454207,3.9553227,0.07939663,14.71887,1.2926131,6.6154294,312.81683
2025-12-29 15:00:00,2.2951407,-2.2651558,3.9415267,0.1550449,14.444345,1.5559185,6.134567,314.62326
2025-12-29 16:00:00,2.2593741,-2.406476,4.0825243,0.03485785,14.383831,1.6694185,6.689094,316.8058
2025-12-29 17:00:00,2.1486907,-2.525653,4.108652,0.11961676,14.084062,1.62958,6.7599826,319.61063
2025-12-29 18:00:00,2.1064577,-2.59807,4.1020956,0.13924854,13.875506,1.6347842,6.392792,320.96564
2025-12-29 19:00:00,2.145804,-2.6493614,4.1080484,0.06500661,13.543846,1.6256833,6.240542,320.99487
2025-12-29 20:00:00,2.1900742,-2.7320065,4.1390123,0.21181843,14.047866,1.5814755,6.703665,321.28308
2025-12-29 21:00:00,2.1769187,-2.8625138,4.224015,0.24233152,14.095753,1.5340489,7.3628445,322.7473
2025-12-29 22:00:00,2.048594,-2.7977526,4.0941467,0.08404469,14.743074,1.4685603,7.1963596,323.78735
2025-12-29 23:00:00,2.0046139,-2.7977684,4.0606136,0.24585676,13.682288,1.4853134,7.321461,324.37823
2025-12-30 00:00:00,2.0574226,-2.7993238,4.072149,0.19725432,14.347765,1.5026441,7.4584565,323.68518
2025-12-30 01:00:00,2.0808556,-2.7672539,4.04579,0.07147909,13.789141,1.4812171,7.4455442,323.0584
2025-12-30 02:00:00,2.0887167,-2.8567162,4.0720663,0.2978152,13.640481,1.6981428,7.6047816,323.8272
2025-12-30 03:00:00,2.0381057,-2.9432106,4.079208,0.33098617,13.665498,1.8074708,8.12603,325.29828
2025-12-30 04:00:00,1.9479873,-2.9885843,4.043937,0.14308524,13.352666,1.8391063,8.328845,326.90332
2025-12-30 05:00:00,1.9019619,-2.996561,4.002175,0.13212048,12.725527,1.9454391,8.146085,327.5961
2025-12-30 06:00:00,1.8997729,-3.0071616,3.9995599,0.28658292,13.00979,2.083325,8.356678,327.71738
2025-12-30 07:00:00,1.8719211,-3.0078316,3.9964955,0.49427795,14.713398,1.9945061,8.42657,328.10397
2025-12-30 08:00:00,1.8421738,-3.0754738,4.07305,0.5700039,14.62802,1.9968786,8.337105,329.07886
2025-12-30 09:00:00,1.8302951,-3.2390075,4.2121263,0.5860259,14.822645,2.2002873,7.976516,330.53012
2025-12-30 10:00:00,1.6481273,-3.0886886,3.9385884,0.91270536,15.00015,1.862984,7.6278358,331.9156
2025-12-30 11:00:00,1.7041572,-3.320223,4.1766,1.1807326,15.127662,2.0622218,7.5445585,332.8301
2025-12-30 12:00:00,1.827689,-3.4686623,4.342678,1.2690625,14.256988,2.2248785,7.5331297,332.2146
2025-12-30 13:00:00,1.8860515,-3.634545,4.471876,1.2516743,13.849596,2.3633635,7.269823,332.57413
2025-12-30 14:00:00,1.9189255,-3.448177,4.2834797,1.0464406,13.896799,2.1256347,7.2648067,330.90387
2025-12-30 15:00:00,2.0176594,-3.2238305,4.1248493,1.1161492,13.86085,1.9696571,7.4739804,327.9593
2025-12-30 16:00:00,2.1146765,-3.1066108,4.069055,0.79176676,13.709195,1.993035,7.465316,325.7568
2025-12-30 17:00:00,2.1558087,-3.023459,4.0263815,0.751604,13.536112,1.9898869,7.3546624,324.5101
2025-12-30 18:00:00,2.1426065,-2.936867,3.9689744,0.37991622,13.066919,1.9605818,7.398786,323.88718
2025-12-30 19:00:00,2.1253085,-2.7219486,3.8056538,0.4132108,12.156688,1.8425552,7.098369,322.01712
2025-12-30 20:00:00,2.1691663,-2.448862,3.6596596,0.69046146,11.728911,1.8521113,6.7279844,318.46594
2025-12-30 21:00:00,2.249522,-2.1720214,3.5706453,0.9080381,11.060287,1.795256,6.4903417,313.99582
2025-12-30 22:00:00,2.4805703,-1.8464941,3.615374,0.4524243,10.81367,1.6743902,6.5454736,306.66336
2025-12-30 23:00:00,2.592196,-1.7206627,3.6879137,0.16487488,11.107821,1.5735997,6.9979753,303.57562
2025-12-31 00:00:00,2.7953253,-1.5274048,3.7327423,0.3693861,11.3439455,1.627788,7.0475197,298.6528
2025-12-31 01:00:00,2.988231,-1.3045555,3.7723806,0.2572786,12.423513,1.6127607,7.116171,293.58438
2025-12-31 02:00:00,3.2049415,-1.063849,3.8512495,0.23192501,13.584199,1.5865127,7.3155966,288.36307
2025-12-31 03:00:00,3.4097323,-0.82276297,3.9580252,0.22045285,13.501031,1.5515795,7.458804,283.56604
2025-12-31 04:00:00,3.6249204,-0.6473253,4.120512,0.33913442,13.8605175,1.5581853,7.8943014,280.12494
2025-12-31 05:00:00,3.8010151,-0.51773196,4.280281,0.041661475,14.417713,1.6117146,8.301529,277.75647
2025-12-31 06:00:00,3.9249227,-0.47759104,4.442427,0.21516733,14.864997,1.5960255,8.588889,276.93774
2025-12-31 07:00:00,3.9808936,-0.43729833,4.5511346,0.24781771,14.659608,1.6268408,8.390453,276.26877
2025-12-31 08:00:00,4.0646906,-0.38224214,4.6828413,0.08977207,14.3546505,1.615166,8.082274,275.37228
2025-12-31 09:00:00,4.146218,-0.41502297,4.8342547,0.031205969,13.93852,1.7315463,7.919607,275.7161
2025-12-31 10:00:00,3.8570557,-0.46568424,4.5976925,0.12488032,14.534544,1.6407474,6.8715196,276.8843
2025-12-31 11:00:00,4.23999,-0.5681202,4.996574,0.11400964,14.618956,1.8510536,7.164034,277.63165
2025-12-31 12:00:00,4.431081,-0.781024,5.141743,0.1551273,13.55054,1.9014765,7.2281866,279.9963
2025-12-31 13:00:00,4.495973,-0.9810857,5.162651,0.027322011,13.546191,1.9832572,7.1544957,282.30978
2025-12-31 14:00:00,4.440525,-1.06918,5.0407014,0.077389106,13.3386,1.9490817,7.119498,283.53787
2025-12-31 15:00:00,4.4177427,-0.9886202,4.9122615,0.18419507,13.055383,1.601125,7.266314,282.61404
2025-12-31 16:00:00,4.444359,-0.8501834,4.846525,0.10632276,12.866687,1.8717519,7.0963097,280.82956
2025-12-31 17:00:00,4.453711,-0.57791096,4.7510476,0.029725319,12.674607,1.8091174,6.872657,277.39334
2025-12-31 18:00:00,4.50367,-0.30740976,4.7296395,0.08709795,12.638659,1.8865765,6.6473155,273.90482
2025-12-31 19:00:00,4.543942,0.020686382,4.7338934,0.085868135,12.988773,1.8261777,6.4266386,269.73917
2025-12-31 20:00:00,4.614712,0.3654521,4.809471,0.13770558,13.54752,1.8624691,6.486422,265.47205
2025-12-31 21:00:00,4.7008104,0.7290369,4.9296107,0.17451243,13.485193,1.9349767,6.6905947,261.1844
2025-12-31 22:00:00,4.4844537,1.2339894,4.822425,0.28089446,13.923797,2.052633,6.5978127,254.61467
2025-12-31 23:00:00,4.757911,1.6453886,5.2050633,0.18773521,14.561695,2.0940285,7.6367927,250.92351
